customer_id,customer_name,area,registration_date,customer_segment,total_orders,avg_order_value
97475543,Niharika Nagi,Udupi,2023-05,Premium,13,451.92
22077605,Megha Sachar,Aligarh,2024-06,Inactive,4,825.48
47822591,Hema Bahri,Begusarai,2024-09,Regular,17,1969.81
79726146,Zaitra Vig,Kozhikode,2023-10,New,4,220.09
57102800,Januja Verma,Ichalkaranji,2024-03,Inactive,14,578.14
54748429,Darsh More,Visakhapatnam,2024-04,New,2,669.35
49152878,Patrick Sandhu,Gwalior,2024-09,Premium,4,973.62
16379942,Harshil Kuruvilla,Orai,2024-04,Inactive,15,1370.56
11071601,Ojas Ahuja,Buxar,2023-07,Inactive,17,1950.54
68164013,Netra Chander,Malegaon,2023-06,New,1,1061.82
80404839,Kashish Dora,Katni,2023-04,Inactive,10,1537.35
27038630,Megha Thakkar,Fatehpur,2023-04,Regular,11,1307.28
1655637,Turvi Radhakrishnan,Ichalkaranji,2023-09,Regular,19,723.95
75566105,Dipta Doctor,Hyderabad,2024-03,Regular,18,1432.53
23961725,Zayyan Buch,Bhiwandi,2024-05,Regular,6,367.74
67749649,Oviya Mitra,Mira-Bhayandar,2024-04,Inactive,11,281.16
61461253,Arin Setty,Amravati,2024-08,Inactive,4,789.5
30619659,Lohit Kalla,Kochi,2024-09,Inactive,14,1992.42
50229203,Rushil Dhingra,Tiruchirappalli,2023-09,Regular,7,1731.87
13567338,Wahab Borah,Hubli–Dharwad,2024-10,Premium,10,1054.12
7591711,Triya Kakar,Nagercoil,2024-01,Regular,12,1494.0
22102079,Vrinda Lalla,Alwar,2024-06,Premium,10,615.86
48910430,Janani Prasad,Bardhaman,2024-09,Premium,3,1474.04
27604184,Tripti Nadig,Nandyal,2023-10,New,9,1108.86
79672044,Jagdish Vora,Hapur,2023-12,New,8,1115.88
13461704,Zayan Ratta,Nanded,2024-04,Premium,4,1024.45
66135710,Zayan Thakkar,Ramgarh,2023-11,New,6,308.63
50572914,Ishani Mukherjee,Bihar Sharif,2023-10,Regular,20,701.55
4386273,Jagrati Sengupta,Nandyal,2024-06,Inactive,12,298.97
57537308,Ayush Buch,Jorhat,2024-05,New,8,1641.88
34526442,Harita Chatterjee,Raipur,2023-09,Regular,14,1956.45
67383024,Riya Kothari,Kollam,2024-04,Premium,14,1240.9
28350645,Alka Srinivasan,Ratlam,2024-01,Inactive,9,553.0
81940369,Nilima Chaudhuri,Nellore,2024-02,Premium,10,316.79
89950235,Aarav Dayal,Warangal,2023-12,Premium,13,1179.29
88202341,Jagrati Dubey,Kottayam,2023-08,Inactive,9,644.06
41155125,Yahvi Doshi,Tenali,2024-04,Inactive,14,1454.3
46369552,Keya Modi,Jaipur,2024-09,Regular,17,456.51
48943848,Tarak Nair,Patiala,2024-06,Premium,13,245.46
39645619,Indira Jaggi,Maheshtala,2023-06,Regular,13,1512.4
76917159,Hiral Arya,Ludhiana,2024-06,Premium,11,1777.83
72366758,Vedant Sengupta,Ichalkaranji,2023-11,Inactive,9,513.7
66140659,Omya Iyengar,Ongole,2023-12,Premium,8,509.85
87457446,Yashodhara Sarraf,Katihar,2024-07,Premium,7,1301.39
10830043,Gabriel Iyer,Hospet,2023-10,New,9,899.6
97150234,Ishaan Brahmbhatt,Bihar Sharif,2023-11,New,13,1527.55
72489544,Sanaya Joshi,Siwan,2024-09,Inactive,17,1600.17
81352781,Brinda Bassi,Dehradun,2024-02,Regular,4,564.55
88130777,Darsh Gupta,North Dumdum,2023-10,New,16,301.23
65294340,Jasmit Kota,Jamalpur,2024-04,New,17,356.29
40387944,Chavvi Gill,Parbhani,2024-03,Regular,10,569.91
91868185,Raghav Sathe,Srinagar,2023-10,New,1,1657.84
31846190,Charan Choudhary,Kolkata,2024-09,New,4,1176.18
15529446,Pallavi Goda,Haridwar,2023-10,Premium,9,854.35
20956158,Kashish Misra,Kavali,2024-03,Premium,7,312.69
68159723,Yashvi Pathak,Orai,2024-05,New,6,1214.62
48554440,Rohan Ganesan,Malegaon,2024-03,Regular,17,1354.99
966247,Jeevika Deo,Junagadh,2023-11,Inactive,13,1110.76
40015980,Dipta Deshmukh,Katni,2023-06,New,18,1031.91
63262519,Benjamin Balakrishnan,Karaikudi,2024-02,Regular,10,607.45
81763298,Laban Kumar,Ichalkaranji,2023-07,Premium,1,1747.14
49985597,Neel Rastogi,Kishanganj,2024-08,Regular,3,775.73
21282544,Warda Basak,Jaunpur,2024-08,Regular,16,657.98
78868716,Sai Chhabra,Madhyamgram,2023-12,Inactive,5,1774.41
30733165,Gaurang Grewal,Ujjain,2024-05,Inactive,10,1609.11
78678612,Kritika Padmanabhan,Mehsana,2024-06,Premium,1,795.06
48511124,Girish Shankar,Korba,2023-05,Inactive,10,1076.14
26412689,Yadavi Rastogi,Bahraich,2024-06,Regular,1,1700.46
26303194,Janaki Parsa,Pali,2023-04,Premium,18,1045.94
93735495,Urvi Prasad,Jehanabad,2023-05,Regular,7,871.15
8395610,Ranveer Subramanian,Erode,2024-03,Inactive,18,294.53
41640262,Vihaan Gola,Ulhasnagar,2023-08,Inactive,9,1805.87
60618999,Lopa Vig,Pudukkottai,2024-07,Regular,15,1631.96
77220027,Aryan Krish,Coimbatore,2023-12,Premium,16,551.81
32019725,Tarak Rout,Panchkula,2024-01,Premium,19,1169.96
38709137,Neha Gade,Mau,2023-07,Inactive,18,1307.64
11540364,Jonathan Virk,Firozabad,2024-09,New,20,517.32
59207798,Chakrika Bhargava,Ballia,2023-07,Premium,4,1441.64
10797688,Sudiksha Mannan,Bathinda,2023-05,New,7,1017.39
88965399,Darsh Sura,Guntur,2024-05,Regular,3,1144.21
10608845,Aadi Gole,Bhilwara,2024-03,Premium,2,735.36
28603182,Karan Narayan,South Dumdum,2024-08,New,11,490.13
1152215,Yachana Pathak,Dhanbad,2024-05,Inactive,2,1637.43
24357425,Wriddhish Munshi,Farrukhabad,2024-07,Inactive,6,798.18
93924203,Xalak Goyal,Jorhat,2023-04,Premium,18,1360.15
61406908,Harrison Mistry,Deoghar,2023-12,Regular,1,458.39
78841932,Bhavani Rai,Guna,2024-04,Inactive,4,979.63
67310893,Idika Patla,Chennai,2024-04,New,19,1592.94
666589,Kevin Bassi,Morbi,2023-07,Regular,15,465.38
73639935,Urvi Deo,Medininagar,2023-09,Inactive,10,360.91
51592174,Jasmit Sura,Secunderabad,2023-08,New,2,794.83
12338529,Rishi Nayak,Bangalore,2024-10,New,11,347.1
81757554,Yagnesh Nadkarni,Shimoga,2024-04,Premium,12,1815.02
95372766,Hitesh Morar,Latur,2024-01,Regular,9,629.05
28111842,Charles Kannan,Tirunelveli,2024-09,Premium,8,1892.45
27878182,Qabil Lata,Thoothukudi,2023-03,Inactive,1,1023.51
27353891,Gabriel Ahluwalia,Parbhani,2023-06,Premium,20,1110.61
19179897,Tarak Nagi,Orai,2023-08,Premium,18,1491.58
63630649,Indira Golla,Vijayawada,2023-09,Premium,8,1626.79
16359370,Harsh Gaba,South Dumdum,2023-12,Premium,1,1352.7
92123198,Diya Munshi,Bidar,2023-08,Regular,8,224.01
77306672,Bina Seshadri,Motihari,2024-09,Regular,20,456.24
67696145,Isaac Rattan,Bettiah,2023-06,Regular,18,482.94
29902416,Falak Choudhry,Tenali,2023-07,Inactive,18,1010.11
11446157,Nidhi Borra,Shimoga,2024-09,Inactive,8,400.97
84377964,Saumya Babu,Tezpur,2024-10,Inactive,13,1458.37
12591752,Zilmil Krishna,Singrauli,2023-05,Inactive,14,740.4
4940671,Sarthak Doshi,Silchar,2024-06,Inactive,7,494.03
88111697,Ronith Rajagopal,Ballia,2024-01,Regular,4,1731.14
98241853,Lila Mangal,Vellore,2024-04,Premium,19,1203.76
75482,Jeet Gandhi,Korba,2024-09,Regular,13,1938.38
6291143,Banjeet Oak,Yamunanagar,2023-08,Inactive,19,1934.37
20209237,Anthony Ratti,Shimoga,2024-02,Regular,19,1121.1
85435560,Viraj Nair,Ludhiana,2024-07,Inactive,8,1309.0
68063317,Reva Rajagopal,Muzaffarnagar,2024-10,Inactive,4,1316.23
82594354,Harinakshi Sule,Avadi,2024-01,Regular,7,321.8
51040116,Inaya Pillai,Berhampur,2023-11,Regular,11,783.03
78053306,Meera Naik,Visakhapatnam,2024-06,Inactive,6,1037.09
66761643,Samuel Mukherjee,Anand,2023-05,Regular,20,1432.01
81932548,Baghyawati Gill,Etawah,2024-10,Premium,12,1508.41
19682060,Hamsini Swamy,Jehanabad,2024-02,Inactive,4,850.2
1719710,Pushti Sabharwal,Giridih,2023-06,New,2,1332.82
74195536,Champak Chhabra,Amaravati,2024-10,Premium,5,650.62
15534747,Oviya Luthra,Kadapa,2023-09,Inactive,15,362.34
95558510,Ekaraj Halder,Bhind,2023-06,Inactive,5,466.28
767523,Maya Khosla,Vasai-Virar,2023-05,Inactive,13,1737.28
55056284,Devika Lal,Ichalkaranji,2024-05,Inactive,11,373.44
86167288,Rachana Rajagopal,Nagpur,2023-08,Inactive,1,1049.94
96511007,Hema Mannan,Dindigul,2024-06,New,14,1243.4
31084686,Jai Ramaswamy,Aurangabad,2024-06,Regular,4,893.55
99594960,Amaira Tak,Madanapalle,2023-06,Inactive,16,1475.23
53815931,Praneel Sekhon,Jaipur,2023-07,Inactive,17,1739.94
21597477,Mugdha Chaudhuri,Bhopal,2023-09,Inactive,18,246.42
243838,Sudiksha Nagar,Visakhapatnam,2024-05,New,11,1158.27
15484407,Saksham Kaur,Kakinada,2024-06,Premium,18,560.95
21677923,Lipika Mukhopadhyay,Kakinada,2023-07,New,17,465.55
24845814,Harshil Shukla,Raipur,2023-03,Regular,17,423.79
99893898,Vedant Master,Berhampore,2023-11,New,16,365.4
95856869,Bahadurjit Ratta,Tirupati,2024-03,New,12,531.83
40275138,Eiravati Thaker,Bathinda,2024-01,Inactive,18,1468.32
12814732,Janya Soni,Karaikudi,2023-05,Regular,8,1473.36
4057678,Brijesh Khalsa,Kadapa,2023-05,Inactive,19,882.63
46682777,Simon Parekh,Medininagar,2024-07,Inactive,10,600.09
10562528,Udant Dada,Udaipur,2024-07,Premium,12,887.02
31978160,Kiaan Khare,Saharanpur,2024-05,New,8,1881.61
14207332,Ucchal Uppal,Aligarh,2024-01,Regular,18,1263.17
76019750,Omisha Balan,Thiruvananthapuram,2024-01,New,20,310.83
36833857,Omya Banik,Silchar,2024-02,Premium,7,1882.18
84275450,Frederick Sem,Nellore,2024-03,Premium,17,239.05
6367136,Yashica Jayaraman,Rohtak,2024-02,Regular,18,1662.44
27049432,Mitali Shankar,Nagaon,2023-07,Premium,1,1866.16
69863493,Yashica Madan,Junagadh,2023-06,Regular,6,1620.01
35349582,Raksha Kalla,Bhilai,2024-01,Premium,6,932.85
20148223,Manbir Dua,Kamarhati,2023-05,Inactive,5,599.99
46684081,Darika Hans,Ghaziabad,2023-04,Premium,11,1225.01
49795571,Rajata Agrawal,Loni,2024-03,Premium,13,401.72
44935198,Chakrika Divan,Tumkur,2023-12,New,14,973.32
74515162,Aarnav Parsa,Durgapur,2024-08,New,10,1605.13
54885705,David Date,Amritsar,2024-03,Premium,13,432.05
96793479,Abhimanyu Venkataraman,Ambarnath,2024-08,Inactive,18,1185.01
87335844,Chandran Chakraborty,Shivpuri,2023-06,Premium,11,1770.89
67340606,Onkar Arya,Tirunelveli,2024-06,Premium,6,263.58
72667140,Neelima Raj,Mysore,2023-07,Premium,9,1106.22
71956734,Sneha Chaudhuri,Adoni,2024-07,New,8,1219.73
8536503,Ubika Om,Ramagundam,2023-04,Regular,9,399.57
70179018,Sai Brar,Bhiwani,2024-09,New,5,1725.79
68219091,Tanvi Dixit,Ongole,2024-10,Regular,16,529.87
71890882,Mitali Parsa,Fatehpur,2024-03,Premium,6,907.37
44928499,Aarav Andra,Ramgarh,2023-04,New,10,915.27
35302195,Garima Chahal,Maheshtala,2023-04,New,16,420.19
25641500,Harshil Vaidya,Sultan Pur Majra,2024-10,Premium,18,241.19
29272253,Brijesh Nadkarni,Kolhapur,2024-09,New,18,1282.7
30643619,Ethan Nagi,Shimla,2024-03,Inactive,5,1084.47
40800762,Pranav Dar,Pallavaram,2023-10,Inactive,10,1781.9
74212242,Netra Kaul,Allahabad,2023-10,Premium,2,1065.52
30265929,Nandini Brahmbhatt,Nizamabad,2024-08,Premium,15,1388.33
22321208,Pratyush Bedi,Ballia,2024-10,Regular,18,558.66
60385293,Edhitha Pandey,Medininagar,2024-02,Premium,17,228.44
94137242,Rohan Mallick,Bhagalpur,2023-04,New,14,1592.85
45477575,Aarna Bawa,Vellore,2024-01,Inactive,4,327.93
9401406,Lucky Babu,Panipat,2023-11,Regular,14,792.74
21948041,Oni Amble,Bhavnagar,2024-03,New,13,1381.95
39968800,Gopal Bera,Malda,2023-09,New,19,1877.55
29097987,Matthew Subramanian,Hosur,2024-04,Inactive,12,224.41
83304571,Abha Dugar,Dharmavaram,2023-11,New,19,1772.47
69126963,Chatura Lad,Mirzapur,2024-02,Premium,19,1352.41
26903313,Chandresh Sandal,Bhimavaram,2023-04,Regular,1,284.0
50899600,Frado Arya,Bettiah,2023-11,New,1,989.49
12988801,Darika Verma,Gurgaon,2024-09,New,8,1179.5
85869195,Kashish Nigam,Rajpur Sonarpur,2024-07,Regular,2,1125.96
76327561,Osha Khanna,Adoni,2023-08,Inactive,5,553.12
54580166,Jason Pradhan,Silchar,2023-08,Regular,8,1024.69
15931134,Azaan Gara,Darbhanga,2024-03,Inactive,5,760.9
79919160,Qasim Rai,Silchar,2023-12,Premium,8,565.61
5763963,Chandran Seth,Pimpri-Chinchwad,2023-03,Regular,12,1118.82
75213636,Bhanumati Chatterjee,Sonipat,2024-07,Inactive,5,1482.83
16543242,Vihaan Korpal,Darbhanga,2023-06,Premium,6,1523.88
61568565,Kashish Lala,Yamunanagar,2024-10,New,2,1943.51
42227189,Nilima Borah,Sonipat,2024-03,Regular,19,723.21
23996221,Jackson Issac,Ramagundam,2023-10,Inactive,7,1783.28
76309170,Chandran Agate,Bhind,2023-11,Regular,18,1824.43
78157360,Xavier Toor,Udaipur,2024-08,Regular,20,1310.87
49833888,Harini Raja,Parbhani,2024-03,Inactive,3,1908.42
60591625,Fitan Kunda,Delhi,2023-07,New,8,374.61
5238055,Chandani D’Alia,Guntur,2024-01,Regular,3,1166.67
25221501,Pratyush De,Orai,2023-09,Regular,20,1935.84
71905368,Chameli Magar,Bathinda,2023-05,Premium,7,479.45
54057428,Chatura Contractor,Panvel,2023-11,New,13,1564.34
68475914,Ishita Sarna,Kishanganj,2023-10,Inactive,6,1615.84
48358028,Xavier Kibe,Gudivada,2024-05,Premium,14,1852.36
43367112,Chasmum Ramesh,Gopalpur,2023-12,New,19,1861.66
69034027,Udarsh Gole,Nagaon,2024-06,Regular,4,1230.08
7687234,Farhan Sheth,Naihati,2024-09,Inactive,18,892.0
97411107,Udarsh Sandhu,Medininagar,2024-07,New,18,1406.97
9423628,Chanakya Dutta,Malegaon,2023-09,Inactive,19,1911.7
72797175,Aarush Ratti,Loni,2023-11,Regular,7,426.09
38875754,Yash Mitter,Ambattur,2023-08,Premium,9,237.42
49881540,Xalak Muni,Kottayam,2024-09,Inactive,10,1134.6
13462905,Bimala Rau,Farrukhabad,2023-03,Premium,14,809.44
37556526,Anjali Varkey,Farrukhabad,2024-06,Inactive,18,1200.18
52032226,Jagvi Choudhury,Jodhpur,2023-08,Premium,19,1551.39
75289676,Yashica Borra,Bardhaman,2023-07,Inactive,19,1170.53
9274874,Kashvi Ganguly,Arrah,2024-09,Regular,20,792.52
36428139,Hemani Ben,Nagaon,2024-04,Premium,15,619.69
51994597,Xavier Divan,Mira-Bhayandar,2024-08,Regular,12,1591.21
95309983,Vansha Atwal,Solapur,2024-09,New,15,1990.83
2391900,Nisha Gokhale,Bhagalpur,2024-09,New,17,897.78
82425179,Gagan Patil,Kakinada,2024-06,Regular,17,1532.5
45868300,Isha Sheth,Ratlam,2023-08,Premium,7,584.9
1855421,Jasmit Kibe,Kadapa,2023-06,Inactive,10,260.2
87256913,Abhiram Kannan,Bhiwandi,2024-10,Regular,10,990.58
15545780,Ekansh Baria,Ambala,2024-04,Regular,18,1268.44
20951294,Sathvik Dhar,Anantapur,2023-08,Premium,4,223.45
11636968,Frado Ravel,Srinagar,2024-09,Inactive,1,1574.94
86636273,Saksham Bora,Chinsurah,2023-07,Inactive,13,529.61
40593638,Wridesh Ratti,Purnia,2023-12,Premium,18,1146.85
701493,Ekaraj Saini,Shahjahanpur,2024-02,Inactive,2,290.07
29664214,Vrishti Chopra,Chennai,2024-01,Regular,13,553.65
26278566,Henry Zachariah,Satna,2024-01,New,14,1739.84
87251489,Reyansh Johal,Thane,2024-03,Premium,9,1940.4
67465084,Rachita Gill,Ratlam,2023-11,Premium,20,1001.97
83236183,Zayan Kalla,Panihati,2023-03,New,20,1145.01
66710182,Max Mallick,Korba,2024-03,Inactive,11,1751.48
93507573,Raksha Prashad,Purnia,2024-10,Premium,2,555.78
8733344,Chandani Mishra,Jammu,2024-02,Premium,10,1152.02
73098723,Abhiram Khare,Coimbatore,2024-02,New,1,474.41
49050014,Chanakya Mukhopadhyay,Ludhiana,2023-11,Premium,8,1589.25
98144693,Varenya Ahluwalia,Kota,2024-11,Premium,10,701.68
43034188,Ekaraj Bora,Sirsa,2024-01,Inactive,2,1638.62
77673290,Aditya Ram,Sagar,2024-11,Premium,7,1881.39
41494517,Maya Dara,Latur,2024-04,Inactive,10,860.07
85233498,Arin Chad,Bijapur,2024-06,New,4,1715.9
79592021,Jack Basu,Chittoor,2024-02,Regular,1,291.29
40104482,George Toor,Morbi,2023-08,New,5,1632.94
1469696,Gaurangi Banerjee,Jalna,2023-06,Premium,6,1784.79
21658322,Balhaar Balasubramanian,Maheshtala,2024-07,Regular,5,1416.06
55094848,Michael Sarraf,Madanapalle,2023-04,Premium,14,422.78
15897933,Mohini Rao,Jabalpur,2023-03,Regular,1,1221.23
8138417,Champak Narayan,Nangloi Jat,2024-06,Premium,7,1446.82
24581427,Yahvi Tiwari,Ahmednagar,2023-08,Premium,3,747.9
73428596,Nathaniel Sem,Kakinada,2023-08,Inactive,16,808.24
95428692,Janani Yohannan,Motihari,2023-03,New,14,1834.38
51048402,Leela Bhandari,Ahmedabad,2024-02,Premium,12,895.49
13455530,Yoshita Varty,Saharsa,2024-04,Inactive,3,1812.55
62742184,Gabriel Luthra,Nandyal,2023-10,Premium,15,1518.76
26285589,Bakhshi De,Yamunanagar,2024-10,New,15,535.12
31991019,Gauri Dhar,New Delhi,2023-09,Regular,12,1231.06
52862822,Aarini Khosla,Anand,2024-07,Regular,14,491.28
2365348,Zashil Varghese,Siwan,2024-09,Regular,11,1133.51
62917794,Chaman Setty,Bharatpur,2024-02,Regular,16,1686.74
49806393,Aarush Natt,Latur,2023-03,Regular,5,1229.25
65382130,Nachiket Mani,Ahmednagar,2023-06,Regular,18,557.2
97111119,Ridhi Sekhon,Tiruchirappalli,2024-09,Regular,13,1047.73
48268435,Triveni Padmanabhan,Ramagundam,2024-04,Inactive,15,1670.86
10796846,Waida Sanghvi,Tiruvottiyur,2024-06,Regular,2,1548.31
31233120,Veer Krish,Lucknow,2024-05,Regular,2,555.76
4192351,Leela Date,Nandyal,2024-01,Inactive,17,625.36
9347990,Aarush Pingle,Nizamabad,2024-04,Premium,6,492.04
46699982,Abhiram Sahni,Ulhasnagar,2023-10,Inactive,19,1171.6
46515922,Harish Setty,Ghaziabad,2024-09,Regular,16,950.75
2164524,Kamala Natt,Rohtak,2023-04,Inactive,1,754.95
94854830,Aarna Dave,Kochi,2023-07,Inactive,5,415.65
53886685,Ayaan Dixit,Bhimavaram,2024-05,New,11,1066.86
89223620,Udyati Malhotra,Amravati,2023-07,Inactive,17,579.91
17597449,Umang Dhingra,Guna,2023-04,Inactive,15,229.4
14167111,Balvan Raman,Kishanganj,2023-08,New,18,963.9
93867669,Vrishti Bhatti,Khammam,2024-02,Inactive,10,1954.42
8886587,Aishani Sura,Moradabad,2023-08,Regular,4,951.65
53292177,Tanmayi Vyas,Panihati,2024-10,Inactive,3,1449.4
66130660,Lopa Bhasin,Gandhinagar,2024-04,New,1,1673.4
29562254,Devansh Murty,Jaunpur,2023-07,Inactive,19,1290.14
40703374,Wriddhish Ramachandran,Nandyal,2024-09,Regular,10,1934.68
18259715,Finn Chacko,Pudukkottai,2023-05,Regular,9,1731.11
63184222,Veer Cheema,Kharagpur,2024-01,Inactive,15,1035.69
5540556,Lakshit Balan,Gangtok,2023-08,Regular,13,273.47
36587003,Amaira Nagi,Tumkur,2023-03,New,5,1759.74
55028958,Pavani Yadav,Howrah,2023-05,New,17,1168.29
86995126,Bimala Bhattacharyya,Durgapur,2023-06,New,10,316.82
22358567,Zansi Chakraborty,Faridabad,2023-04,Inactive,8,638.86
10745302,Yochana Shukla,Indore,2023-10,Premium,5,1530.95
31410886,Ayush Manda,Sasaram,2024-05,Inactive,9,757.75
80476444,Qadim Bail,Eluru,2024-05,Premium,1,1677.06
98709982,Dhruv Kalita,Dehri,2024-04,Inactive,1,1704.93
36142455,Rushil Walla,Katni,2023-03,Premium,6,1476.25
71607166,Inaya Sama,Rohtak,2023-09,Inactive,11,1251.88
6622751,Nachiket Ratti,Thiruvananthapuram,2024-06,Inactive,9,598.89
77217240,Tristan Aurora,Karawal Nagar,2024-09,Premium,9,414.76
31537100,Rajata Sampath,Kozhikode,2024-02,Regular,13,917.32
38969732,Manthan Chana,Pune,2024-09,New,10,1501.23
81091233,Divya Dada,Durgapur,2024-04,Regular,4,1993.07
13424885,Azaan Modi,Malda,2024-01,Premium,8,358.46
91789216,Rajeshri Rama,Thane,2024-01,New,15,1708.89
25661033,Raksha Kannan,Miryalaguda,2023-05,New,3,1020.5
24153726,Azad Sachdev,Orai,2024-06,Premium,16,546.12
87222820,Aadhya Padmanabhan,Ulhasnagar,2023-03,Inactive,13,497.66
79628054,Oscar Narula,Pondicherry,2024-10,Premium,5,1737.81
99156138,Yatin Hayer,Morbi,2023-06,Regular,19,911.74
6150721,Vaishnavi Master,Panihati,2023-11,New,2,1705.17
12531927,Ayush Tripathi,Bhiwandi,2024-05,New,20,1511.87
87200291,Anya Panchal,Ichalkaranji,2024-02,Inactive,12,526.58
34897081,Kamala Dasgupta,Shahjahanpur,2023-07,Premium,18,425.92
68754962,Odika Rout,Khammam,2023-10,Inactive,2,512.27
38613642,Ishani Pandya,Erode,2024-11,Regular,16,1380.08
70589930,Sai Taneja,Sambalpur,2023-09,Premium,12,985.23
93937586,Pranav Solanki,Medininagar,2023-07,New,1,651.43
8817168,Lajita Sharma,Mehsana,2023-08,Inactive,7,1382.39
85763665,Eshana Narula,Sikar,2024-06,Premium,13,1062.57
39423691,Lucky Goel,Chandrapur,2024-05,New,18,332.84
17675915,Rayaan Wable,Varanasi,2024-01,Inactive,4,1146.18
59141605,Saksham Kala,Motihari,2024-07,New,15,1739.58
89418072,Azad Wason,Deoghar,2024-10,Regular,18,1748.85
89412038,Ekansh Nagi,Kharagpur,2023-09,New,7,937.66
14632090,Ria Baria,Miryalaguda,2024-03,Regular,15,1620.46
70220141,Reyansh Dhaliwal,Sambalpur,2024-03,Premium,13,469.6
79298972,Zaid Kari,Nadiad,2023-06,Regular,5,1975.13
78572233,Ucchal Nagy,Siwan,2023-10,Regular,7,1845.28
91382237,Yashasvi Prasad,Bhiwani,2024-03,Regular,4,1790.07
25659794,Rajeshri Radhakrishnan,Buxar,2023-05,Inactive,11,1192.81
88203688,Chavvi Karan,Chittoor,2023-04,New,9,1570.98
60732869,Joshua Nath,Rajahmundry,2023-04,New,17,1140.22
40563029,Chandani Rege,Chandigarh,2024-08,Inactive,12,1203.36
34237583,Ishwar Chand,Hapur,2024-09,New,1,231.43
51174875,Sara Prasad,Saharsa,2023-05,Inactive,7,1276.61
41261495,Faris Deol,Bhagalpur,2024-10,Inactive,5,687.71
46876240,Vihaan Doctor,Vijayanagaram,2023-06,Premium,5,1588.64
20940403,Tanvi Kala,Dhule,2023-05,Premium,11,1511.1
52234494,Chameli Kadakia,Bhopal,2023-07,Premium,4,766.95
25503067,Ikshita Yohannan,Alwar,2023-08,New,1,1257.76
3491230,Ucchal Chana,Khora ,2023-06,New,14,226.62
16420489,Divya Peri,Nandyal,2024-04,New,14,1368.05
57291761,Samarth Muni,Pallavaram,2024-08,Regular,8,1338.09
21573815,Urvashi Dalal,Allahabad,2023-09,Premium,2,206.87
82854537,Yauvani Korpal,Varanasi,2024-05,Inactive,2,1027.48
88684966,Jalsa Khanna,Surat,2024-07,New,10,711.72
65143359,Zinal Thakkar,Bhind,2024-02,Premium,14,1071.2
77625089,Omisha Kalla,Rourkela,2023-10,New,1,1879.39
8361353,Pahal Kibe,Bhiwani,2024-02,New,3,632.74
95269737,Aarini Vora,Machilipatnam,2024-03,Regular,19,413.46
83701325,Chasmum Rau,Dehradun,2023-04,Premium,10,1515.8
98667584,Sara Soman,Jaipur,2024-10,Premium,8,1072.65
51476157,Abdul Bali,Burhanpur,2024-08,Inactive,10,1033.16
2848415,Anika Raja,Aurangabad,2024-07,Inactive,9,1798.13
71235336,Gabriel Sawhney,Bokaro,2024-01,Regular,16,248.21
79206969,Aadi Bains,Jamalpur,2023-11,Regular,1,721.13
27971619,Wriddhish Anne,Mirzapur,2023-10,New,3,1691.32
66427343,Forum Iyer,Dewas,2023-08,Premium,17,265.15
50392139,Zehaan Hayer,Jamnagar,2024-07,Inactive,16,991.26
46088132,Benjamin Ramanathan,Sasaram,2024-05,New,13,321.43
61226563,Chameli Kala,Vadodara,2024-01,Regular,5,417.98
5386246,Oeshi Dhillon,Kadapa,2023-05,Inactive,5,1741.42
97739583,Vasudha Nair,Hapur,2023-07,Inactive,17,1522.55
67711384,Widisha Varkey,Bilaspur,2024-09,Premium,8,700.6
77320193,Aarush Das,Jalgaon,2024-10,Premium,4,1568.02
44409533,Vihaan Sule,Tadipatri,2024-03,New,12,1728.95
84287579,Amrita Borde,Raurkela Industrial Township,2023-11,Premium,4,1655.6
25595836,Sathvik Prabhakar,Orai,2023-10,New,18,314.17
17681645,Maanav Bhat,Bhagalpur,2023-12,Premium,15,1381.26
95364457,Nitara Bandi,Ramagundam,2024-02,Premium,13,1137.59
23348269,Rudra Dutta,Ahmednagar,2024-02,Inactive,9,1251.82
95858939,Chakrika Shroff,Raiganj,2023-10,Regular,8,1823.58
46313756,Widisha Desai,Kolhapur,2023-03,Premium,10,1245.36
38694209,Harinakshi Patla,Uluberia,2024-08,Premium,20,1335.82
54680459,Fariq Kala,Vijayanagaram,2023-08,Regular,8,585.9
67952740,Sathvik Majumdar,Raebareli,2024-07,Regular,19,319.1
90665975,Hamsini Dhingra,Nangloi Jat,2023-09,Inactive,15,271.25
35237846,Bakhshi Varkey,Guna,2023-09,Premium,20,1968.65
85476508,Orinder Dua,Pallavaram,2024-05,Inactive,18,1607.33
20122449,Amaira Ahuja,Cuttack,2024-01,New,12,1298.4
40392019,Yashvi Sur,Eluru,2024-02,Premium,8,1419.8
25587553,Nakul Venkatesh,Imphal,2023-09,Regular,12,689.82
27727819,Lavanya Bhasin,Nagercoil,2023-10,Inactive,8,1175.48
65396354,Hemani Modi,Hindupur,2023-03,Inactive,20,1738.21
84953008,Sai Pal,Bongaigaon,2024-09,Inactive,3,1187.65
22081691,Yagnesh Bora,Satara,2023-11,New,13,361.38
77086074,Ekantika Mannan,Hazaribagh,2023-12,Regular,3,737.0
13978108,Oscar Oak,Kota,2024-03,Premium,7,1307.21
3421258,Ishita Chaudhuri,Kota,2024-06,Premium,19,806.62
82160592,Krisha Keer,Chittoor,2023-12,New,15,568.11
4458329,Nimrat Sandal,Mira-Bhayandar,2024-07,Inactive,10,1617.0
92038780,Geetika Bansal,Pallavaram,2023-08,Premium,12,445.0
63376126,Michael Pall,Kollam,2024-10,Inactive,2,1176.22
62816600,Gagan Kumar,Kavali,2024-04,Inactive,2,1790.22
25713335,Ojas Sridhar,Chennai,2024-02,New,16,1362.71
58111297,Chasmum Mutti,Sambalpur,2023-08,Regular,20,1149.62
22571994,Lakshit Bassi,Bihar Sharif,2024-07,Regular,2,912.9
47711422,Meghana Varkey,Bhatpara,2023-10,Inactive,20,1234.7
35885052,Aadhya Ravi,Bhiwandi,2023-09,Inactive,1,1838.87
51503088,Arin More,Kumbakonam,2024-02,New,20,1651.36
47043878,Frado Batra,Bilaspur,2024-06,Premium,18,1411.67
72495274,Vasatika Amble,Aizawl,2024-01,New,11,1364.51
6081270,Caleb Sane,Gaya,2024-08,Inactive,15,969.51
38048329,Harrison Loyal,Pali,2024-10,New,1,904.76
69089982,Daniel Reddy,Noida,2024-09,Inactive,5,1831.09
59909004,Indali Master,Haridwar,2023-11,New,15,731.88
79607319,Tanay Prabhakar,Indore,2023-08,New,6,942.14
66742602,Yatan Uppal,Jalna,2023-07,New,14,1981.09
24032469,Liam Khatri,Muzaffarnagar,2023-11,New,14,814.5
65772743,William Kuruvilla,Erode,2024-08,Regular,14,1780.68
15661901,Warda Wagle,Kumbakonam,2024-10,Regular,1,764.57
21866852,Ojas Morar,Guwahati,2023-11,Premium,18,1480.38
79478655,Zilmil Rege,Silchar,2024-08,Regular,9,1845.26
13164195,Fitan Uppal,Durg,2023-11,Premium,17,786.74
38565569,Udarsh Nayar,Anantapuram,2024-03,Premium,5,1765.01
10225164,Siya Parmer,Dehri,2024-09,Inactive,20,491.07
72946405,Ria Kuruvilla,Kulti,2024-02,Premium,6,1287.78
97557157,Priya Karan,Bardhaman,2024-01,Regular,1,800.21
32595806,Radha Bhardwaj,Chandigarh,2024-05,Inactive,19,442.13
53100521,Mitesh Bora,Gandhidham,2024-03,Inactive,3,982.11
59252433,Vincent Raval,Karaikudi,2024-09,Regular,1,990.53
59890331,Raagini Badal,Chennai,2024-11,Premium,16,552.68
95001589,Dayamai Bhasin,Asansol,2024-08,Regular,20,1788.42
53076417,Chaitanya Nayak,Malda,2024-02,Inactive,6,411.27
82286725,Unnati Mishra,Orai,2024-10,Premium,18,1322.85
13383642,Xavier Kashyap,Mumbai,2024-04,Regular,16,1114.11
52215833,Lipika Parmer,Sirsa,2024-09,Regular,5,305.65
67271824,Liam Rama,Salem,2024-09,Inactive,11,1765.06
78903046,Dakshesh Sundaram,Karawal Nagar,2023-04,Regular,7,1371.83
90021871,Pooja Dube,Thiruvananthapuram,2023-08,Regular,2,1907.98
97286925,Omkaar Bedi,Vellore,2023-08,Inactive,20,617.71
6186471,Dominic Koshy,Chittoor,2024-09,New,17,1619.95
5039883,Gavin Garg,Purnia,2023-12,Inactive,15,610.99
90882023,Benjamin Misra,Begusarai,2023-06,Premium,11,1137.49
33295496,Imaran Chaudry,Haldia,2024-01,Premium,14,1136.17
72393904,Amara Mahajan,Mumbai,2024-07,Inactive,8,1920.6
15830066,Rishi Krishnan,Mira-Bhayandar,2024-10,New,19,936.66
93341057,Ayaan Tiwari,Maheshtala,2023-10,Inactive,20,1783.53
64106072,Pratyush Majumdar,Deoghar,2023-04,Inactive,3,1704.43
62742797,Tanvi Dhar,Fatehpur,2023-08,Premium,13,979.11
79591237,Osha Warrior,Thane,2023-12,Premium,6,1695.64
59095971,Jason Wagle,Amroha,2023-09,Inactive,15,311.21
34768050,Ekalinga Dixit,Dhanbad,2023-11,Inactive,17,1358.51
15221182,Charles Munshi,Visakhapatnam,2023-08,Inactive,11,1871.46
66655397,Hemal Grover,Pali,2023-04,New,5,775.85
63971358,Leela Hayre,Mau,2023-06,Regular,2,1159.84
38615653,Xiti Sachdeva,Motihari,2024-03,Regular,8,1501.01
30192942,Darika Raj,Jodhpur,2024-02,Premium,8,1400.72
4444673,Chatresh Patla,Srikakulam,2023-06,New,15,584.69
25850478,Jeevika Taneja,Danapur,2024-04,Inactive,2,679.32
50484778,Hiral Saxena,Kanpur,2024-05,Inactive,2,1495.86
30891209,Azaan Bora,Gudivada,2024-07,New,1,1815.35
91144803,Hemang Singhal,Imphal,2023-09,Regular,16,650.17
79764621,Darpan Sastry,Rajahmundry,2023-05,Premium,5,1830.61
87823209,Hemang Suri,Tadepalligudem,2023-04,Inactive,18,983.94
26432512,Warhi Iyer,Khora ,2023-12,New,18,1092.52
34526570,Falak Edwin,Mysore,2024-07,New,19,847.76
35358395,Hiral Kumar,Dindigul,2023-10,Inactive,12,787.28
20634789,Aarnav Som,Chinsurah,2024-07,New,12,1223.43
11047835,Nathaniel Reddy,Tinsukia,2024-01,Regular,6,573.38
17201639,Vidhi Toor,Korba,2023-05,New,15,1472.23
87718744,Max Pandit,Bathinda,2023-09,Regular,6,863.84
75474920,Ojas Wali,Serampore,2024-10,Regular,18,569.23
57956497,Reva Sahota,Kurnool,2024-10,Inactive,1,460.65
14114543,Vedika Aurora,Muzaffarnagar,2023-03,Inactive,20,659.52
5043760,Chatresh Dara,Davanagere,2023-11,Regular,2,1154.94
66359719,Diya Murty,Nagercoil,2024-05,Regular,2,949.36
32656885,Xiti Sane,Durgapur,2023-08,New,1,309.43
2457734,Onkar Garg,Ahmednagar,2023-05,Premium,12,923.06
9702217,David Doshi,Shahjahanpur,2024-09,New,6,1209.86
55425478,Karan Ramachandran,Surendranagar Dudhrej,2024-07,Inactive,12,1605.51
50781611,Jeremiah Mallick,Nagpur,2023-05,Regular,16,315.86
39150258,Dalaja Choudhury,Gandhinagar,2023-04,Inactive,17,945.82
77035814,Ishaan Mohanty,Bhimavaram,2023-06,Inactive,11,585.35
35459748,Ekbal Dasgupta,Firozabad,2024-01,Inactive,12,288.29
7728356,Vasana Bumb,Raebareli,2024-03,New,10,202.43
75632045,Shivansh Sharaf,Silchar,2023-08,Regular,15,1268.29
40667183,Yatin Setty,Bidar,2024-09,New,19,1815.79
63368244,Jeevika Tara,Danapur,2024-08,New,19,1245.73
16448993,Chakradev Krishnan,Korba,2023-09,Inactive,14,1691.92
3096845,Yashvi Chander,Guntakal,2023-10,New,20,336.81
26863280,Aryan Dewan,Rajkot,2023-11,Inactive,8,301.34
28428852,Libni Dada,Mira-Bhayandar,2023-04,Inactive,7,872.25
37691544,Onkar Devan,Darbhanga,2024-10,Inactive,15,1599.46
70976153,Devansh Nanda,Ahmednagar,2024-03,New,7,1480.3
25287111,Lakshmi Ratti,Thane,2024-02,Inactive,9,581.43
82900175,Avni Som,Baranagar,2023-06,New,17,334.16
93699264,Bakhshi Ghose,Hubli–Dharwad,2023-10,Inactive,17,1846.48
73869823,Nathan Ratti,Mysore,2023-05,Regular,8,1225.49
32293017,Samarth Kapoor,Gudivada,2024-01,Inactive,16,691.29
44030130,Laksh Dalal,Ghaziabad,2024-07,Regular,4,904.08
1200365,Avni Mistry,Thane,2023-06,Regular,1,1170.74
96903782,Tanish Andra,Kakinada,2024-01,Regular,5,504.83
35278126,Harinakshi Arya,Tumkur,2023-12,Premium,12,1956.57
6756256,Ijaya Goel,Bellary,2023-07,Premium,13,1902.9
8073518,Mekhala Pandit,Nellore,2024-01,Premium,16,946.2
76857266,Liam Nadig,Mumbai,2024-06,Premium,17,1514.21
49241309,Pahal Palla,Gurgaon,2024-06,Inactive,11,1340.89
80952275,Kevin Babu,Bongaigaon,2024-07,New,17,1928.27
31576845,Chasmum Raman,Madurai,2023-07,New,12,1389.96
47515046,Guneet Uppal,Jamshedpur,2023-12,New,18,1095.92
98930670,Anjali Raju,Singrauli,2024-06,Regular,6,1092.16
24621386,Maanav Raghavan,Rajahmundry,2023-11,Premium,14,344.08
53399500,Libni Sinha,Kadapa,2024-07,Regular,18,1012.5
52815265,Daniel Bains,Pudukkottai,2024-05,New,10,806.63
61015113,Dalaja Choudhury,Amroha,2023-11,Regular,4,1764.18
63624332,Krisha Zachariah,Rewa,2023-08,Inactive,19,387.57
28286754,Bina Setty,Singrauli,2024-03,Regular,16,1337.18
60835946,Yoshita Sani,Fatehpur,2024-04,Inactive,14,1400.1
59620534,Oeshi Sethi,Ambattur,2024-01,Premium,15,1340.99
820740,Mekhala Sathe,Ambala,2023-11,Premium,1,1385.46
91602727,Rayaan Palla,Indore,2023-08,Inactive,5,1156.54
50848069,Yahvi Golla,Belgaum,2024-03,Inactive,11,586.25
55049973,Nicholas Badami,Srikakulam,2024-03,Regular,16,206.54
12397668,Ojasvi Mahal,Guwahati,2024-05,Premium,13,204.06
61516967,Mohammed Morar,Erode,2024-02,Regular,9,556.81
96853930,Jagvi Varty,Bhopal,2023-07,Premium,16,462.19
91853589,Xavier Wali,Jalna,2024-06,New,5,918.69
7228206,Anmol Koshy,Jalgaon,2023-05,New,15,843.79
41612464,Chatura Sodhi,Bhavnagar,2023-08,Regular,18,874.93
10683250,Manthan Sundaram,Bhagalpur,2024-07,Regular,14,480.47
94078407,Praneel Baria,Uluberia,2024-01,Premium,4,1370.22
26364643,Zehaan Keer,Morena,2024-08,Inactive,9,1086.68
85016568,Rudra Mall,Tinsukia,2024-07,Regular,2,367.12
11153360,Libni Sastry,Amaravati,2024-04,Inactive,20,1575.46
88532418,Ansh Bahl,Gorakhpur,2024-10,New,12,344.66
66023110,Joshua Mishra,Kottayam,2023-11,New,20,1807.56
18229949,William Bora,Danapur,2023-04,Inactive,10,466.33
58873572,Chandran Kale,Nanded,2023-09,Premium,13,1721.61
5001749,Dayamai Chanda,Kota,2023-06,Inactive,3,1623.48
6668498,Bimala Prakash,Ratlam,2024-05,Inactive,11,1413.4
13441874,Hemang Sandal,Berhampur,2023-04,Inactive,2,602.63
52915166,Harita Gulati,Dehri,2024-06,Inactive,18,505.66
41647393,Simon Padmanabhan,Sirsa,2023-11,Inactive,11,1785.8
51945420,Geetika Kalita,Tiruppur,2023-04,Premium,3,412.9
53640286,Quincy Cheema,Mathura,2023-11,Premium,20,1368.38
15599514,Yashodhara Magar,Tezpur,2023-04,Regular,20,1171.07
55552600,Baljiwan Nagar,Gorakhpur,2024-10,Regular,14,1412.54
78439088,Ria Taneja,Ballia,2024-06,Regular,6,1507.04
42947770,Vincent Bahri,Bhalswa Jahangir Pur,2024-09,New,16,1358.53
66252737,Umang Bhavsar,Warangal,2024-09,Premium,15,1188.67
71615827,Yash Contractor,Bulandshahr,2024-03,Premium,3,900.98
15487049,Aadhya Cherian,Motihari,2024-02,New,15,1928.0
85218071,Panini Mani,Hyderabad,2023-04,New,20,1125.33
24456825,Vansha Khurana,Indore,2023-12,Inactive,18,363.12
15043066,Bakhshi Majumdar,Rohtak,2024-02,Inactive,2,1748.41
98246574,Rachita Varty,Chinsurah,2023-03,Premium,15,1904.61
80567870,Andrew Bajaj,Khammam,2024-06,Regular,1,1769.49
92843141,Mekhala Seshadri,Kota,2023-04,Premium,1,502.79
62416456,Diya Chakrabarti,Medininagar,2023-09,Inactive,18,752.91
6245778,Reva Shanker,Guntakal,2024-01,Premium,17,1779.46
80315623,Varenya Banik,Loni,2024-10,New,14,1313.73
46623192,Warinder Sastry,Nizamabad,2024-10,New,6,1970.59
27504517,Rayaan Gupta,Bardhaman,2023-06,New,18,1175.7
22800586,Jacob Lad,Bijapur,2024-06,New,10,1332.02
17287733,Balhaar Chaudhari,Morbi,2024-04,Premium,12,1897.84
87691707,Radha Jha,Miryalaguda,2024-04,Inactive,18,1423.63
8655667,Ayaan Upadhyay,Gwalior,2023-07,Premium,1,456.16
2442235,Pushti Bhattacharyya,Latur,2024-05,Premium,11,661.58
41073776,Urmi Dara,Meerut,2024-03,Premium,8,1366.55
45659330,Jackson Sandal,Gwalior,2024-07,New,19,1364.9
79369660,Bahadurjit Doctor,Purnia,2023-12,Premium,13,1085.69
44269569,Chasmum Natarajan,Agra,2024-06,New,18,812.22
46848302,Praneel Ramesh,Gulbarga,2024-07,Premium,15,1657.96
83034412,Unnati Deol,Jamnagar,2024-04,New,11,1077.88
26912171,Jagat Banerjee,Rampur,2024-06,New,2,386.54
71229024,Manbir Ramesh,Jamalpur,2024-02,New,4,1869.02
20835909,Inaya Ramanathan,Tinsukia,2023-04,Premium,9,713.25
83155219,Yauvani Chanda,Satara,2024-02,Inactive,5,1433.81
80286283,Girindra Kalla,Ahmednagar,2023-10,Regular,8,311.01
30367559,Bhavna Guha,Aligarh,2024-09,Regular,6,1419.6
76082627,Ekalinga Goda,Jehanabad,2024-07,Inactive,4,770.0
41874489,Vrishti Baria,Ahmedabad,2023-04,Regular,2,1944.43
47335806,Pavani Borde,Pimpri-Chinchwad,2024-05,Regular,9,1188.0
59824662,Tanish Jayaraman,Bhilwara,2024-05,Premium,1,741.83
16436359,Yashica Ramesh,Kota,2024-07,New,9,1485.15
45383958,Aachal Mangat,Rewa,2024-10,New,19,482.19
52613657,Kala Ravi,Sultan Pur Majra,2023-03,New,9,470.5
36675827,Xiti Chowdhury,Patiala,2024-10,Inactive,15,1143.03
80800079,Shivani Barad,Bidhannagar,2023-05,Inactive,18,508.84
45066676,Lipika Murthy,Satna,2023-03,Premium,1,1076.85
1060685,Yadavi Rajagopalan,Mango,2024-03,Inactive,4,999.24
87536050,Rushil Raja,Vadodara,2023-04,Regular,18,1857.99
67829645,Akshay Vohra,Jamalpur,2023-11,New,4,711.83
45700473,Omkaar Padmanabhan,Thoothukudi,2023-12,Inactive,12,525.38
90144978,Pooja Lad,Chittoor,2024-07,Regular,3,1017.23
96629258,Liam Joshi,Chandigarh,2023-07,Inactive,14,1462.21
76925460,Tara Narasimhan,Kharagpur,2024-05,Regular,2,1526.55
59190584,Xiti Tata,Vijayawada,2024-05,Premium,6,1175.38
24323106,Faras Edwin,Amaravati,2024-02,Inactive,19,384.21
66354642,Priya Behl,Tenali,2024-03,Premium,7,1153.17
17390673,Raghav Wali,Korba,2024-10,Regular,16,1043.26
80419534,Gunbir Pandey,Sagar,2024-01,Premium,19,993.78
4439806,Balendra Sethi,Mathura,2024-04,New,7,790.59
89811984,Saumya Yadav,Ramgarh,2023-07,Regular,3,1957.67
44223796,Bakhshi Lad,Erode,2023-06,Regular,16,1449.84
88223261,Yoshita Suri,Navi Mumbai,2024-01,Regular,7,532.31
90372221,Rajeshri Hayre,Jabalpur,2023-05,Regular,6,1923.68
87213891,Janani Malhotra,Sonipat,2023-06,New,1,1382.19
45729563,Jagvi Chaudry,Bijapur,2023-08,New,14,725.66
10706516,Charita Srivastava,Miryalaguda,2024-08,Regular,13,1420.97
25526479,Mason Doctor,Hazaribagh,2023-03,Regular,2,391.73
90902199,Faras Dua,Kishanganj,2024-06,Regular,17,707.15
89874335,Mitali Sheth,Raiganj,2023-04,New,15,808.55
27381533,Zayan Guha,Rampur,2023-08,Premium,9,1414.83
50652833,Aarnav Mittal,Belgaum,2024-04,Premium,16,274.21
65391539,Yashica Khurana,Satara,2024-04,New,3,446.4
59517074,Aarav Murty,Ichalkaranji,2023-05,Premium,3,1693.23
66943324,Gavin Karnik,Gorakhpur,2023-08,Premium,19,1013.57
67386193,Wakeeta Khurana,Pali,2024-06,Regular,14,1029.98
96009692,Panini Naik,Bhagalpur,2024-07,Regular,15,1970.23
89986926,Manya Barad,Kota,2024-11,New,18,1235.14
58170168,Urmi Bansal,Sasaram,2023-08,Premium,16,757.56
17392512,Lavanya Bumb,Secunderabad,2024-07,Premium,14,1902.78
10038382,Rajata Balay,Bahraich,2023-08,Inactive,3,339.73
98691989,Dakshesh Lala,Bhavnagar,2024-08,Regular,18,1980.1
14323169,Jai Raj,Firozabad,2023-05,Inactive,20,1651.18
67729191,Arin Grover,Karimnagar,2023-12,New,17,722.69
57063557,Vaishnavi Srinivas,Raurkela Industrial Township,2023-06,Inactive,5,1465.59
83058329,Fariq Arya,Varanasi,2024-07,Inactive,6,248.96
17521263,Tanvi Patla,Serampore,2024-06,Inactive,19,1990.96
37904682,Krisha Shere,Bhimavaram,2024-10,Premium,20,567.65
30447453,Jagrati Lad,Thanjavur,2023-06,Premium,14,389.39
73661993,Elijah Verma,Hajipur,2024-08,Inactive,2,1800.62
97277696,Ijaya Halder,Jamalpur,2023-06,Premium,8,1630.93
27336589,Bishakha Bhargava,Ghaziabad,2023-12,New,11,678.05
66499992,Anirudh Barad,Haridwar,2024-04,Regular,11,927.0
14367270,Ganga Mody,Jabalpur,2024-03,Inactive,16,763.23
30373140,Sai Dhingra,Kishanganj,2024-07,Regular,2,596.71
96171594,Pratyush Tak,Jodhpur,2023-06,Regular,19,385.02
35402531,Eta Gola,Kulti,2023-06,New,11,1808.3
82989313,Finn Ghose,Deoghar,2024-09,Inactive,15,1060.18
93826036,Reyansh Sarma,Hazaribagh,2023-03,Premium,19,1143.97
87444738,Meghana Prabhu,Satna,2023-08,Inactive,9,1435.78
92356639,Girish Lall,Udaipur,2023-07,Inactive,10,261.81
46836361,Champak Nazareth,Bikaner,2023-11,Premium,16,545.22
25770577,Janya Chhabra,Jaipur,2023-07,Regular,17,1095.13
59094034,Ekanta Dass,Nangloi Jat,2023-05,Regular,1,771.9
65543312,Logan Pillay,Mumbai,2024-07,New,4,1209.29
28205701,Vedika D’Alia,Panvel,2024-10,Inactive,10,1286.02
81346291,Yashasvi Acharya,Nizamabad,2023-08,Premium,11,490.48
79764458,Bhavani Kant,Etawah,2023-12,New,3,501.25
42101831,Eshana Dutt,Madhyamgram,2023-09,Inactive,8,212.33
34657654,Vidhi Devi,Ramgarh,2024-06,Inactive,18,1243.18
3730316,Ishanvi Shankar,Berhampore,2023-03,Regular,10,215.72
86479284,Harini Kadakia,Davanagere,2024-10,Premium,9,461.87
81174361,Shivansh Sawhney,Bhopal,2024-07,Inactive,12,223.29
13251137,Ekalinga Vasa,Rampur,2023-05,Premium,2,1633.07
53523251,Yashoda Chauhan,Ranchi,2024-03,New,4,1871.94
84382654,Gaurangi Singh,Pali,2024-10,Inactive,3,540.83
22076522,Chaaya Andra,Hindupur,2024-05,Regular,5,1670.28
26521850,Yatin Varma,Kishanganj,2023-06,New,10,215.87
12277039,Manthan Trivedi,Unnao,2023-09,Regular,1,1422.63
39153585,Rishi Sur,Tirunelveli,2024-03,Premium,9,1851.83
99231937,William Banerjee,Secunderabad,2023-08,Regular,16,1757.01
49970560,Pallavi Rao,Guwahati,2023-10,Regular,15,1587.05
68985290,Jack Memon,Ujjain,2023-12,Premium,17,1779.1
48000260,Dakshesh Jhaveri,Bulandshahr,2023-09,Inactive,18,592.51
2136830,Bhavya Goswami,Bidhannagar,2023-09,New,4,485.78
44426129,Aahana Gopal,Vasai-Virar,2023-09,Regular,10,591.55
57081965,Daksha Mutti,Patna,2024-10,Regular,7,897.32
34156884,Rachita Lal,Kolkata,2023-06,Regular,14,877.65
27694927,Vedant Chandra,Nagpur,2024-06,Premium,8,267.32
16230299,Urvi Koshy,Pune,2024-08,Regular,4,1776.71
99424244,Bhavini Mander,Mumbai,2024-03,Premium,15,379.8
3893903,Bimala Sura,Bathinda,2023-03,New,20,1922.71
42989999,Ishwar Munshi,Mahbubnagar,2024-03,New,2,247.46
16617201,Ekaraj Bhandari,Hosur,2024-01,New,8,355.17
46615831,Wishi Chada,Raurkela Industrial Township,2024-05,Inactive,4,855.3
55286608,Ekaraj Shan,Kozhikode,2024-04,New,11,374.96
79789048,Saumya Bassi,Ozhukarai,2023-11,Regular,17,771.05
92885616,Noah Dey,Delhi,2024-02,Inactive,13,285.81
8375298,Yahvi Vora,Begusarai,2023-06,Premium,5,443.91
75560116,Indali Sehgal,Karaikudi,2024-10,Regular,3,708.22
81462774,Ishaan Sarkar,Junagadh,2024-03,Regular,12,1895.04
89784343,Radhika Kaul,Dibrugarh,2024-04,Premium,11,673.6
38355752,Udyati Shenoy,Panvel,2023-10,Premium,20,336.21
39976965,Dayamai Sawhney,Pimpri-Chinchwad,2024-05,Regular,13,714.17
33280073,Yuvraj Lad,Tadepalligudem,2023-07,Inactive,17,1537.47
46594066,Ishaan Lad,Giridih,2024-07,Premium,7,519.46
90298394,Urvashi Oak,Bhilwara,2023-04,Regular,1,1947.79
42465414,Ria Mallick,Kadapa,2024-01,Regular,17,1898.12
13850004,Umang Ramakrishnan,Kozhikode,2023-12,Premium,15,1129.76
55060796,Lopa Barman,Satara,2024-07,New,5,1299.25
25829710,Saumya Chhabra,Faridabad,2024-01,New,4,1894.32
53782978,Laban Baria,Junagadh,2024-08,New,10,1390.84
76441843,Neelima Chander,Gulbarga,2023-05,New,10,1437.54
4543215,Farhan Soni,Satna,2023-10,Premium,6,526.7
86444757,Zaitra Walia,Jabalpur,2023-05,New,10,1212.75
22161071,Arunima Deol,Jalna,2023-06,New,7,1582.43
66310963,Farhan Khare,Dewas,2023-05,Inactive,6,1289.52
57340963,Wridesh Kothari,Proddatur,2024-02,Regular,2,230.19
49147776,Meghana Khanna,Panvel,2024-07,Inactive,5,1115.7
90743791,Vidhi Saxena,Morbi,2023-04,Inactive,5,1871.81
54222320,Edhitha Kakar,Pali,2023-07,Regular,19,295.18
6184558,Gaurang Grewal,Tezpur,2023-06,Regular,1,1352.97
46989310,Atharv Sharaf,Hindupur,2024-10,Regular,17,577.75
35420673,Anika Agrawal,Chennai,2023-10,Premium,19,501.98
9450435,Sai Chaudhry,Bellary,2023-11,Regular,1,1567.76
34853377,William Dutta,Nanded,2023-06,Premium,8,732.53
91384030,Gaurika Sheth,Arrah,2023-12,Premium,11,1621.1
84641682,Anthony Natt,Bhilai,2024-09,Inactive,16,909.95
97259564,Watika Narayanan,Khammam,2024-02,Premium,6,1047.69
88553721,Vritti Mangat,Kadapa,2023-09,Regular,6,984.13
59518795,Wazir Sandal,Jodhpur,2023-11,New,16,947.51
81533356,Gauri Lala,Tiruppur,2024-01,Premium,14,674.3
12469338,Lavanya Dani,Coimbatore,2024-01,Inactive,2,1896.89
60561655,Rohan Palla,Nashik,2023-12,Regular,3,378.17
9105829,David Gopal,Begusarai,2023-07,Regular,11,1350.06
33034249,Lavanya Hari,Bhind,2024-10,Inactive,5,861.55
69632084,Max Sandal,Etawah,2024-04,Premium,17,1400.31
69516494,Veda Chad,Kanpur,2024-09,Regular,12,1291.92
87120918,Wyatt Basak,Malda,2024-04,Inactive,10,1017.63
25665997,Barkha Sodhi,Muzaffarnagar,2024-08,Regular,3,1188.16
48778633,Sarthak Chaudhari,Pimpri-Chinchwad,2023-12,New,14,609.63
89617089,Kamala Apte,Bidhannagar,2024-04,New,9,541.33
61877649,Yuvraj Roy,Nagaon,2023-10,Premium,12,1739.04
46185579,Vidhi Pillai,Siliguri,2024-08,Premium,3,1874.34
8734819,Balveer Verma,Surendranagar Dudhrej,2023-11,New,13,1466.9
46208150,Watika Bedi,Meerut,2024-02,New,3,1283.1
13189939,Ishanvi Raman,Bhopal,2024-05,Inactive,17,1906.92
93318833,Jagat Sridhar,Indore,2024-01,New,19,490.94
75640174,Advik Bhakta,Akola,2024-07,Premium,2,1380.54
69415494,Yashvi Iyer,Rajkot,2023-03,New,9,706.67
58505903,Harinakshi Sibal,Kottayam,2024-01,New,18,1079.81
90184276,Vasudha Brar,Kurnool,2024-02,Inactive,1,580.47
5226128,Wridesh Mander,Bhimavaram,2024-03,New,10,1049.1
99347871,Robert Kashyap,Muzaffarnagar,2023-12,Regular,3,1535.03
57081917,Nidra Choudhary,Howrah,2023-12,Inactive,6,1378.87
18791381,Avni Gera,Jamalpur,2024-03,Premium,1,1206.26
94979163,Warda Sarin,Kanpur,2024-05,New,7,1146.5
81822935,Dhruv Ganguly,Nanded,2023-08,Regular,18,1808.94
63310076,Chavvi Jani,Etawah,2024-05,Regular,17,1123.43
80862136,Pallavi Seth,Ambattur,2024-03,Premium,16,393.28
64316806,Yadavi Bhagat,Karnal,2024-07,Regular,2,836.58
37183511,Neel Minhas,Gopalpur,2024-07,New,13,1855.04
52085702,Irya Soni,Fatehpur,2023-09,New,8,801.83
16376189,Samaksh Srivastava,Chapra,2024-02,Premium,10,271.53
17132416,Diya Tak,Solapur,2024-01,Regular,20,644.85
66440188,Ira Radhakrishnan,Haldia,2023-08,Premium,9,1976.52
10700664,Rehaan Tara,Raebareli,2024-10,Regular,5,1535.01
12769552,Chameli Ranganathan,Ratlam,2023-05,Regular,10,1316.09
89142848,Vasudha Jain,Rajkot,2024-01,New,11,1459.23
32006907,Mohammed Din,Guwahati,2023-09,Regular,13,879.66
85072416,Brinda Sekhon,Loni,2024-01,New,20,467.12
23755474,Jhalak Rajagopal,Jodhpur,2024-09,Premium,9,854.81
26752630,Nakul Gade,Delhi,2024-09,Inactive,5,1340.67
59353207,Aayush Oza,Khammam,2023-05,Inactive,2,1618.52
12090436,Tripti Yogi,Asansol,2023-03,Regular,18,1307.52
97419742,Wishi Doshi,Adoni,2023-10,Inactive,7,1663.04
99772709,Xiti Jaggi,Tadepalligudem,2023-09,Regular,11,1905.19
88667557,Gunbir Anand,Chennai,2024-04,New,10,792.85
4394659,Xalak Goel,Pune,2023-08,New,7,291.77
52757321,Hritik Narain,Bulandshahr,2024-04,New,11,1059.22
19275474,Girik Hora,Lucknow,2024-10,New,14,698.12
55404382,Isaiah Issac,Guntakal,2023-09,Premium,19,950.79
70084516,Ishaan Baria,Pallavaram,2024-03,New,11,486.51
29265216,Samuel Buch,Bidar,2024-04,New,3,609.49
16785724,Indali Majumdar,Vellore,2023-08,Regular,16,1768.52
14272050,Rajata Misra,Satna,2023-11,New,7,662.99
95736310,Bishakha Vora,Morbi,2024-01,Premium,11,1954.12
14079305,Jeevika Narain,Warangal,2024-09,Premium,17,567.1
71189232,Darsh Bedi,New Delhi,2024-06,Inactive,14,1754.14
61486140,Jeremiah Chand,Amritsar,2023-12,Inactive,15,1967.78
76008165,Hemangini Mutti,Katihar,2024-02,Premium,6,1724.44
63060947,Kamala Bobal,Hindupur,2024-06,New,18,1884.15
25706121,Baghyawati Toor,Srinagar,2024-03,Premium,12,1453.68
55803572,Champak Palla,Rewa,2023-03,Premium,17,1237.96
38133873,Rehaan Borde,Khammam,2024-04,Premium,10,770.71
73735548,Ishanvi Bala,Haldia,2023-06,Premium,7,554.65
12778027,Eshana Prabhu,New Delhi,2023-05,New,9,1513.18
42781544,Isaiah Sankar,Faridabad,2023-12,New,1,1248.16
78725001,David Thaker,Machilipatnam,2024-11,Regular,15,1105.15
20254516,Tanveer Samra,Nandyal,2024-07,Inactive,18,1536.88
97928781,Dhriti Om,Gaya,2024-05,Inactive,2,1278.88
3875480,Harshil Mital,Berhampur,2024-05,Inactive,8,1863.49
27416314,Anika Hari,Kanpur,2024-03,Inactive,3,820.6
77214094,Raksha Walla,Khammam,2023-07,New,6,1957.35
77661491,Jyoti Srinivas,Hosur,2024-06,New,20,1628.56
10285414,Meera Nigam,Shimla,2023-07,Inactive,18,993.5
8205155,Vrishti Din,Sagar,2023-08,New,3,305.85
29361038,Idika Gade,Aurangabad,2023-08,New,19,282.0
6319646,Rehaan Suresh,Udupi,2024-02,Regular,9,518.17
22738465,Gabriel Oak,Narasaraopet,2023-07,Inactive,16,1903.09
37947202,Eta Srinivasan,Nandyal,2024-01,Regular,3,259.96
93284515,Tejas Mahal,Mumbai,2023-12,New,2,1324.95
84161531,Raagini Verma,Rohtak,2024-07,Premium,19,1681.88
22293666,Gopal Kumar,Saharsa,2023-04,New,2,1671.53
15236510,Pooja Prasad,Serampore,2023-12,New,11,937.26
34787383,Ekbal Talwar,Anantapur,2024-10,Premium,17,292.41
18954314,Ladli Nagarajan,Mau,2024-10,Inactive,6,1781.37
20298398,Urvi Bali,Ahmednagar,2023-12,New,1,1049.6
33617546,Harrison Edwin,Bhopal,2024-09,New,12,239.2
76359458,Yahvi Sule,Hosur,2023-07,New,2,1638.08
96640716,Yatan Varughese,Sikar,2024-10,New,16,462.66
78847070,Gauri Ramakrishnan,Anantapur,2023-07,Inactive,12,1918.04
27513158,Dev Taneja,Aizawl,2024-03,New,7,1387.81
65618148,Aadhya Palla,Gandhinagar,2023-03,Inactive,9,1644.51
68307253,Rachita Borra,Dewas,2024-10,Premium,7,1547.07
87889031,Baghyawati Nair,Bhimavaram,2023-06,Regular,18,836.6
70243933,Irya Gola,Mahbubnagar,2023-08,Regular,13,476.91
12141418,Faras Patla,Ambala,2023-09,Inactive,5,862.68
60565603,Ladli Tara,Madhyamgram,2024-07,New,11,949.6
64906311,Balendra Pandey,Sikar,2024-07,Inactive,10,1124.25
12851610,Unnati Narayanan,Proddatur,2024-08,Inactive,14,633.41
84937877,Yug Mahal,Guntur,2023-06,Premium,4,1863.17
49574186,Yashica Devan,Barasat,2024-09,Premium,13,625.97
65221572,Leela Bumb,Delhi,2024-03,New,17,1100.53
4758426,Qushi Dash,Vijayawada,2024-01,New,14,448.81
84826389,Alexander Peri,Sonipat,2023-11,Premium,13,1607.4
42102289,Guneet Vaidya,Raebareli,2024-09,New,20,1310.74
11063505,Garima Pillay,Udaipur,2024-11,New,2,1285.79
84862161,Advaith Baria,Farrukhabad,2024-02,New,12,1512.98
88520326,Chasmum Dhaliwal,Asansol,2023-11,Premium,14,1537.05
8025622,Daksh Bali,Bulandshahr,2024-03,Regular,15,1160.55
99361865,Ekantika Ravel,Berhampur,2023-05,New,20,1423.56
40841791,Krishna Chahal,Mysore,2023-06,New,4,851.79
20360447,Timothy Dubey,Akola,2024-10,New,2,640.41
90647204,Lipika Swaminathan,Muzaffarnagar,2023-10,New,13,1124.52
78748184,Odika Jain,Karawal Nagar,2023-11,Regular,13,533.74
65121696,Warinder Gopal,Mirzapur,2024-10,New,7,425.04
99729547,Wridesh Saini,Gwalior,2023-12,New,17,1763.46
65692224,Aahana Buch,Jaunpur,2023-03,Regular,3,1053.33
22613559,Omya Johal,Berhampur,2023-12,Premium,10,736.33
17749347,Akshay Bhasin,Panchkula,2024-07,Premium,15,1842.37
57526322,Henry Dar,Kishanganj,2023-07,Premium,2,601.98
1589656,Xiti Prabhu,Gorakhpur,2024-05,Premium,13,1548.76
58085779,Abeer Oak,Berhampur,2024-08,New,19,1602.11
70221073,David Setty,Etawah,2023-05,Premium,16,1074.21
77869660,Nidhi Sha,Gandhinagar,2023-11,Premium,8,439.41
38957713,Damyanti Krish,Uluberia,2023-08,New,19,935.68
51544662,Hiral Tara,Chinsurah,2023-12,New,15,1352.21
37309023,Dominic Dutt,Guntur,2023-12,Premium,10,1270.38
99707100,Falan Master,Munger,2024-02,Inactive,9,1089.92
59643062,Reyansh Khatri,Aligarh,2024-09,Inactive,11,416.94
22227829,Rehaan Patla,Bhiwani,2024-09,New,17,1386.69
20343501,Anthony Krishnamurthy,Sasaram,2023-04,Inactive,19,1070.47
48409448,Pavani Vaidya,Ludhiana,2024-05,New,18,1652.89
55038040,Vidhi Balakrishnan,Agartala,2024-01,New,8,505.03
34755436,Jatin Ramachandran,Kolkata,2023-06,New,10,622.59
87463923,Gagan Lal,Katihar,2024-03,Inactive,5,216.98
28499191,Amara Patel,Thoothukudi,2023-07,Premium,11,1018.2
37759707,Jhalak Venkataraman,Sultan Pur Majra,2023-10,Premium,12,924.06
26936578,Lavanya Bawa,Maheshtala,2024-04,Regular,5,1610.07
22020776,Manan Banerjee,Bhiwandi,2023-05,Regular,10,714.21
47618810,Ekalinga Mandal,Ghaziabad,2024-05,Inactive,17,1395.84
53605257,Harita Naidu,Haridwar,2023-09,Regular,3,444.54
28289030,Sarthak Parmar,Dehri,2024-10,Regular,11,1739.54
26935187,Tanveer Yogi,Chandrapur,2023-11,Premium,9,919.12
75944533,Garima Kohli,Jabalpur,2023-10,Inactive,19,577.89
31389750,Advika Bala,Karaikudi,2023-08,New,18,1600.66
99784559,Laban Chopra,Allahabad,2024-07,Inactive,18,218.41
87450286,Harish Bedi,Asansol,2023-12,Premium,9,1856.86
94850985,Isaac Anne,Delhi,2023-11,New,8,1923.29
3660263,Jagdish Bains,Phagwara,2023-05,Regular,10,1573.91
61982521,Jagat Dewan,Faridabad,2023-11,Inactive,3,1995.09
29973346,Pranit Sane,Sambhal,2024-02,Premium,1,1786.85
894128,Chatura Agarwal,Durgapur,2023-07,Inactive,5,1323.32
40871915,Alka Sandal,Mehsana,2024-02,Premium,8,1636.24
41972994,Lila Khanna,Bhatpara,2023-07,Inactive,16,748.34
11082181,Pratyush Munshi,Kalyan-Dombivli,2024-02,Premium,6,624.4
26040510,Jasmit Barad,Kadapa,2023-10,Premium,5,507.99
82770142,Balveer Brar,Karaikudi,2024-09,New,2,1834.58
46504355,Ridhi Oak,Arrah,2023-04,Regular,15,294.04
40419593,Siya Pandit,Dibrugarh,2024-08,Inactive,20,787.07
31076002,Urvi Wali,Tinsukia,2023-05,New,5,1389.14
91590001,Nandini Bawa,Kolhapur,2023-09,Premium,13,1304.73
76377003,Harsh Bhandari,Chandigarh,2024-08,Inactive,10,842.66
40626729,Rachit Toor,Tinsukia,2024-03,Regular,1,1921.19
50680889,Warda Karan,Thoothukudi,2024-02,New,1,619.56
41439103,Ati Wali,Junagadh,2024-09,Premium,6,1326.63
35782051,Ekiya Mital,Mango,2023-11,New,1,1090.28
71252391,Mohini Johal,Kulti,2024-05,New,8,1558.97
56764791,Priya Shukla,Hindupur,2024-09,Regular,10,1226.1
50652909,Meera Jain,Farrukhabad,2024-02,Regular,8,559.99
29451600,Max Shankar,Amritsar,2023-04,New,5,1882.69
38114014,Yatin Sandal,Mumbai,2024-01,New,12,1006.24
25977417,Lohit Sengupta,Berhampore,2024-04,Inactive,11,399.59
39418109,Yahvi Kala,Navi Mumbai,2023-07,Inactive,19,928.13
80761521,Yashica Rama,Latur,2024-05,Inactive,5,850.56
54375571,Omaja Bumb,Korba,2023-09,Premium,4,405.49
50968312,Idika Chaudhry,Maheshtala,2024-02,Inactive,13,1794.46
33829924,Jeevika Sami,Kanpur,2023-12,New,18,615.52
29562072,Edhitha Ranganathan,Hindupur,2023-08,New,10,1449.0
4618801,David Saran,Jodhpur,2023-11,Premium,11,201.56
30535703,Dev Comar,Morbi,2024-06,Regular,3,301.96
10605484,Rachit Chakraborty,Visakhapatnam,2024-05,Inactive,13,652.0
8164639,Pushti Dhillon,Gandhidham,2024-05,Premium,11,329.17
63360864,Idika Sahni,Bhopal,2024-03,Inactive,16,1804.42
2361575,Aarnav Seth,Faridabad,2023-09,New,19,1993.09
59485034,Dominic Sidhu,Agartala,2023-03,New,1,1762.35
6025470,Isaac Mander,Sagar,2024-08,Premium,12,1599.39
31371112,Osha Chad,Darbhanga,2023-11,Regular,5,231.41
14294171,Ikshita Bava,Saharanpur,2023-12,Regular,1,1680.47
92245432,Ayushman Goel,Tadipatri,2024-06,Premium,12,316.16
2928026,Vrishti Basak,Ahmedabad,2024-03,New,9,280.45
98687927,Yachana Brar,Pali,2023-09,Premium,6,825.55
15796277,Finn Pau,Loni,2024-08,New,19,1365.33
92604392,Kevin Palan,Faridabad,2023-11,Premium,10,909.0
77303171,Sneha Menon,Guna,2023-08,Inactive,19,452.86
24144240,Charles Parsa,Tezpur,2023-09,Regular,15,1938.81
74548003,Falan Dhillon,Erode,2024-07,Regular,9,1412.04
8122530,Fiyaz Rai,Tadepalligudem,2023-05,Inactive,9,1493.48
97664747,Sanaya Chatterjee,Gulbarga,2024-03,Premium,9,1160.21
79960955,Chatresh Samra,New Delhi,2023-05,New,18,381.62
99643057,Avni Lad,Ichalkaranji,2024-11,Inactive,4,1677.24
1313292,Robert Kaur,Korba,2024-03,Inactive,20,1275.41
94453274,Widisha Wali,Aurangabad,2024-10,Regular,15,917.84
1588560,Jeremiah Nath,Anantapuram,2023-12,New,10,945.18
30029998,Ishwar Edwin,Hazaribagh,2024-09,New,9,863.3
37095171,Ira Soni,Guna,2023-12,Inactive,10,1680.98
79773912,Vaishnavi Gulati,Jaunpur,2023-10,Regular,7,751.73
30317733,Janani Sawhney,Durgapur,2024-06,Inactive,12,569.16
48188624,Maanav Tella,Chittoor,2024-02,Regular,11,320.69
59197894,Mitesh Saha,Akola,2023-10,Inactive,19,1788.36
34697768,Omaja Oak,Aurangabad,2023-03,Regular,13,1965.2
82372427,Anjali Cheema,Dehradun,2023-10,New,14,1515.62
41008070,Libni Dua,Vijayawada,2024-05,New,1,1017.46
87220860,Yashvi Dua,Kochi,2024-04,Regular,6,1474.44
19705695,Ayush Kala,Patiala,2024-07,Premium,6,816.6
60974181,Hardik Kakar,Bahraich,2024-01,Premium,20,1122.83
90621147,Vaishnavi Chowdhury,Jhansi,2024-10,Premium,2,710.2
68661619,Chaaya Manne,Darbhanga,2024-07,Inactive,1,1343.07
64748953,Oscar Natt,Hapur,2023-06,Inactive,2,1507.44
6579892,Indrajit Sodhi,Silchar,2023-10,Regular,3,869.19
85747175,Karan Chatterjee,Rajkot,2023-11,Premium,3,245.0
30455484,Lajita Ravel,Katni,2023-05,New,2,1001.64
37802267,Lipika Jha,Orai,2023-11,New,4,594.87
17341194,Faras Kaul,Burhanpur,2023-04,Premium,18,1530.18
22047134,Ubika Shukla,Warangal,2024-10,Inactive,20,991.94
54893418,Chatresh Prashad,Dibrugarh,2024-02,Premium,13,1858.33
48647253,Theodore Ram,Warangal,2024-03,Inactive,12,1736.69
1705969,Qasim Kalla,Surat,2024-05,Premium,20,877.0
59398136,Neelima Lanka,Machilipatnam,2023-08,Regular,14,1205.76
94165062,Siddharth Shroff,Eluru,2023-08,Inactive,9,793.38
47206881,Barkha Contractor,Nellore,2024-07,Premium,3,929.72
37915052,Ayush Kade,Jalna,2023-11,Regular,10,1499.16
98211325,Tristan Varkey,Bhilai,2024-06,Regular,15,1044.86
76218218,Vedant Dubey,Etawah,2024-05,Inactive,10,1170.57
58152923,Amrita Babu,Kishanganj,2023-07,Premium,18,1776.12
42262168,Mason Iyengar,Avadi,2024-02,Regular,18,489.19
40256341,Sachi Keer,Mira-Bhayandar,2024-10,Regular,12,913.91
33998721,Aahana Naik,Bhilai,2024-02,New,8,245.84
49260858,Charan Chaudhary,Phagwara,2023-07,Regular,4,1855.11
22524981,Samar Sengupta,South Dumdum,2023-10,New,14,343.23
50015282,Ekbal Shan,Berhampore,2023-04,Regular,9,1392.05
98088303,Neel Palan,Agartala,2023-08,New,9,1765.46
19425804,Xavier Sahni,Jodhpur,2023-04,Inactive,10,1121.27
14974554,Kevin Magar,Baranagar,2024-10,New,9,805.9
25128143,Odika Kannan,Mahbubnagar,2024-11,Premium,18,1149.94
21524495,Alka Deol,Katni,2024-01,Premium,9,236.96
49136375,Rohan Basak,Bathinda,2024-08,Inactive,19,1524.23
97507853,Udyati Rana,Chapra,2024-10,Regular,15,1654.66
68857118,Hritik Batta,Nanded,2024-06,New,4,1596.98
81183415,Rachita Char,Imphal,2024-01,Regular,19,1980.66
91196901,Atharv Kurian,Jabalpur,2024-04,Premium,11,1086.3
8228843,Vritti Halder,Bangalore,2024-07,Inactive,1,1215.61
50518311,Arunima Tak,Arrah,2024-08,Regular,16,1238.72
21779155,Udant Upadhyay,Guntur,2023-10,New,19,1190.95
94281220,Teerth Balan,Pondicherry,2024-05,Regular,1,325.65
15631726,Ucchal Murthy,Tezpur,2024-02,Inactive,11,664.87
9573071,Ranveer Mahal,Thrissur,2023-11,New,5,958.06
31026200,Saksham Garg,Kavali,2024-03,New,13,285.02
49457685,Bahadurjit Pau,Kamarhati,2023-10,Inactive,10,487.34
82169898,Bhavna Pau,Buxar,2024-03,Premium,12,1208.52
72132838,Yashvi Kashyap,Raurkela Industrial Township,2023-10,Premium,8,567.13
954629,Fiyaz Mand,Begusarai,2024-02,New,14,1390.08
44139071,Lopa Padmanabhan,Belgaum,2024-01,Regular,8,923.09
6344345,Shaurya Chhabra,Burhanpur,2024-10,Premium,19,1110.11
31981068,Hemang Sarkar,Shivpuri,2023-06,Regular,20,546.25
30788486,Vrishti Mittal,Bhimavaram,2024-03,New,11,328.57
48368085,Patrick Doctor,Vijayanagaram,2024-10,Premium,5,477.1
82374625,Ronith Sami,Singrauli,2023-03,New,20,1923.64
75674671,Balendra Bains,Tadipatri,2024-04,New,13,1085.52
34668988,Wishi Varughese,Nagpur,2023-08,Inactive,3,534.37
53354003,Yatin Borra,Raiganj,2024-09,New,13,1934.52
78732957,Madhav Anne,Malegaon,2024-08,New,8,1148.93
10210309,Deepa Dewan,Kharagpur,2024-05,Inactive,13,515.07
23984022,Liam Gupta,Nagaon,2023-08,Regular,3,1519.51
95371787,Bhavya Bhattacharyya,Gudivada,2023-03,New,9,1312.28
89968482,Elijah Bora,Kottayam,2023-03,Regular,12,1883.93
31527100,Triya Tailor,Ratlam,2023-11,Inactive,12,1830.13
8791577,Warda Kohli,Madhyamgram,2023-08,Regular,1,1031.07
63217390,Warinder Sha,Deoghar,2023-07,Inactive,15,637.06
62526813,Keya Bansal,Nashik,2024-08,Inactive,6,1777.35
16561710,Isaiah Natt,Baranagar,2023-09,New,12,1043.28
91550885,Isaiah Basu,Alappuzha,2023-05,New,14,1404.12
75025941,Rachita Buch,Jalna,2023-03,Premium,15,323.12
90649019,Omaja Sahni,Fatehpur,2023-04,New,18,1096.12
88550139,Oeshi Kamdar,Nadiad,2024-08,New,3,1910.25
66932104,Chakradhar Dhawan,Shahjahanpur,2023-10,Premium,3,976.71
45481936,Robert Gour,Munger,2023-08,Premium,3,1909.44
5961261,Vrishti Memon,Varanasi,2023-06,Premium,17,309.79
17696094,Tanvi Barad,Kirari Suleman Nagar,2024-09,New,16,1626.23
91408854,Warinder Virk,Vijayawada,2024-02,New,19,555.13
32203588,Krish Srinivas,Berhampur,2024-04,Premium,9,1678.38
63339001,Viraj Bhandari,Noida,2023-09,New,12,682.32
45553300,Panini Lall,Latur,2024-06,Premium,9,1713.65
67960179,Nakul Goda,Bidar,2024-06,Premium,10,1797.89
40085705,Anirudh Deshpande,Kishanganj,2023-09,New,6,777.89
60700850,Ishwar Dubey,Tezpur,2024-07,Regular,2,812.35
12059049,Jagdish Mander,Nizamabad,2024-09,Regular,17,235.4
52409516,Rehaan Jha,Jabalpur,2023-04,Inactive,13,435.47
66269844,Harshil Edwin,Ghaziabad,2023-08,Premium,4,1371.03
8513589,Ishaan Nayak,Bathinda,2024-02,New,6,1590.11
6335221,Lajita Loyal,Rajpur Sonarpur,2024-01,Premium,20,1518.83
69925688,Yashica Sehgal,Nandyal,2024-02,Inactive,20,1350.67
18326028,Lekha Bakshi,Ratlam,2024-04,Inactive,3,244.31
15661674,Jyoti Ray,Vadodara,2023-11,Regular,12,453.24
92642745,Nicholas Puri,Bihar Sharif,2024-05,Regular,18,415.99
72164737,Mugdha Mohan,Udaipur,2023-08,Premium,6,377.36
35912599,Neha Atwal,Bilaspur,2024-05,Regular,16,461.95
46717997,Wishi Srivastava,Unnao,2023-12,New,12,793.98
38478423,Theodore Doctor,Nellore,2024-03,Premium,3,263.3
47990044,Leela Dubey,Kadapa,2024-09,New,12,1118.99
18465047,Patrick Chaudhry,Ghaziabad,2024-03,New,8,746.88
36737539,Leena Naidu,Gwalior,2024-02,Inactive,9,1636.27
23286884,Vedika Kaur,Serampore,2024-03,Premium,4,505.94
34297405,Jack Babu,Saharanpur,2023-12,New,1,1688.73
85626346,Isaiah Gera,Ghaziabad,2024-08,Regular,1,293.54
84468124,Ishanvi Parmar,Gaya,2023-04,Premium,12,859.39
11470681,Yashawini Sunder,Munger,2023-08,New,2,570.88
77903462,Madhavi Pandya,Thane,2024-09,Inactive,19,206.87
68341636,Hemani Mannan,Aurangabad,2024-08,Premium,19,1043.7
7522036,Kashvi Karan,Hospet,2024-01,Premium,2,797.92
69364309,Bhavini Chokshi,Haridwar,2024-09,Regular,6,636.83
51661209,Vasana Chandran,Bidhannagar,2023-06,New,13,852.39
4849477,Caleb Ram,Hosur,2023-07,Premium,19,1782.35
74313592,Vaishnavi Prasad,Pimpri-Chinchwad,2024-09,Premium,3,1208.69
26245432,Darika Konda,Tirupati,2024-01,Inactive,17,719.09
78412820,Charvi Bajaj,Siliguri,2024-07,New,8,1009.58
11254582,Caleb Krish,Machilipatnam,2023-08,Inactive,19,1036.03
3399251,Ekalinga Bhatt,Solapur,2023-05,New,20,937.11
70820304,Advik Butala,Adoni,2024-01,Premium,13,420.89
17861428,Nicholas Chowdhury,Chandigarh,2024-03,Inactive,10,1606.18
39317905,Gagan Garg,Hazaribagh,2024-05,New,8,1546.54
36885115,Agastya Contractor,Latur,2023-04,Regular,7,1248.24
36462363,Samaksh Mandal,Dhanbad,2024-10,Inactive,16,747.55
85490177,Jonathan Shukla,Howrah,2024-07,Regular,2,655.95
63402854,Pallavi Sidhu,Kollam,2024-08,New,1,1110.52
99301505,Reyansh Wason,Bhimavaram,2024-08,Inactive,5,294.44
92098757,Bhavna Mammen,Phagwara,2023-11,New,14,1419.7
79916464,Aishani Sunder,Shahjahanpur,2024-02,New,17,539.79
10240052,Gagan Kakar,Guntakal,2024-03,Regular,1,942.49
9738801,Damyanti Nadkarni,Nellore,2024-03,Inactive,19,376.73
2233446,Wakeeta Pillay,Panihati,2023-12,New,6,1466.45
35434373,Pushti Pandya,Aurangabad,2023-07,Premium,9,368.71
89476734,Jackson Rajagopal,Surat,2023-07,Inactive,18,1505.74
51833636,Ikbal Munshi,Anand,2024-03,Regular,3,1977.36
75913572,Aahana Menon,Guna,2024-03,Inactive,9,1844.07
40277444,Damyanti Acharya,Panihati,2023-05,New,1,251.79
80833965,Irya Brar,Sangli-Miraj & Kupwad,2023-09,Inactive,13,1896.2
46146390,Yashoda Sani,Bahraich,2023-04,Premium,4,271.5
59436131,Vritti Kota,Imphal,2024-09,New,18,546.58
14479168,Sai Sawhney,Rewa,2024-02,New,17,917.45
43784632,Adya Johal,Gandhinagar,2023-04,Inactive,12,694.85
33331259,Leena Deol,Saharsa,2024-08,Inactive,7,1559.22
85838438,Advay Mann,Suryapet,2024-04,Inactive,15,1754.47
57674875,Kiaan Shukla,Burhanpur,2023-05,Regular,16,1666.12
37227953,Madhav Raghavan,Pune,2024-09,Inactive,4,500.75
83867512,Aarush Samra,Kadapa,2024-06,Inactive,18,1476.0
17100301,Jason Sur,Deoghar,2024-08,Premium,16,1515.01
12967305,Bhavani Sood,Durg,2023-12,New,16,607.46
72079189,Bhavani Gupta,Hosur,2023-05,Inactive,17,1383.05
83348353,Eta Dutt,Gurgaon,2024-08,Inactive,1,533.72
80954112,Irya Rana,Jammu,2023-06,New,6,1672.37
61320989,Anirudh Rege,Aurangabad,2023-07,Regular,6,1247.37
45166203,Rushil Dass,Proddatur,2023-10,Regular,19,724.81
25294147,Daksh Guha,Amritsar,2024-06,New,9,1458.87
33706378,Michael Dugar,Mehsana,2023-09,New,16,1110.01
82804543,Yamini Thakkar,Arrah,2024-08,New,8,1762.86
68016312,Qarin Bera,Orai,2024-09,Regular,5,1093.92
75860724,Pranav Venkataraman,Aizawl,2023-06,Premium,4,462.17
10541231,Dayita Yadav,Bhiwandi,2024-07,Premium,14,409.51
18035010,Vrishti Chakrabarti,Burhanpur,2024-01,Premium,16,745.1
36400756,Rayaan Nayak,Bidar,2023-04,Inactive,19,721.41
4869199,Advik Bajwa,Siwan,2024-10,New,7,1695.8
52659908,Lucky Kala,Kozhikode,2024-05,Regular,5,1590.28
2517955,Charan Sharma,Mathura,2024-02,Regular,7,1625.44
63858550,Neha Balakrishnan,Ichalkaranji,2024-05,Premium,7,1197.2
71755645,Hemang Raja,Pallavaram,2024-04,Regular,10,963.44
92203470,Chatresh Narula,Amaravati,2023-11,Regular,17,1678.84
77161976,Kavya Gupta,Dindigul,2024-07,Regular,8,1498.83
28663279,Sai Bhatia,Jamnagar,2023-03,Premium,6,1539.15
23098216,Ladli Chhabra,Mahbubnagar,2023-11,New,9,1193.05
75752515,Gagan Chakraborty,Ballia,2024-04,Premium,14,763.15
54730270,Aradhana Munshi,Salem,2023-03,New,19,1256.55
12655794,Teerth Mand,Hosur,2024-03,Regular,15,446.56
44557943,Megha D’Alia,Bangalore,2024-01,Inactive,19,874.8
72089140,Kritika Kalla,Kamarhati,2024-06,Regular,18,1751.47
77768189,Ojas Sinha,Machilipatnam,2023-06,Regular,3,434.62
60300263,Sathvik Jani,Rewa,2023-10,New,8,374.67
22210238,Rayaan Krishna,Muzaffarnagar,2024-06,New,8,351.08
30979436,Diya Chaudry,Ozhukarai,2024-07,Regular,17,422.51
23676689,Jagat Dhar,Orai,2023-10,Premium,2,654.95
82025691,Zaid Boase,Begusarai,2023-06,Regular,17,811.77
68128937,Girish Murthy,Panipat,2024-03,New,4,1817.62
23081177,Harinakshi Batta,Panchkula,2024-06,New,14,969.68
90745023,Samarth Sathe,Ratlam,2023-10,Inactive,12,889.72
83262890,Aryan Date,Ulhasnagar,2023-10,New,1,1293.97
3588443,Yashica Pingle,Rohtak,2024-04,Premium,20,1727.18
92509376,Sudiksha Dutta,Jehanabad,2024-09,Regular,15,1367.8
77031496,Abeer Rastogi,Pimpri-Chinchwad,2023-12,New,7,404.11
51119088,Zehaan Srinivas,Tinsukia,2023-07,Regular,9,1264.67
9107360,Anvi Iyer,Dindigul,2024-04,Inactive,12,617.79
88866835,Osha Dora,South Dumdum,2023-11,Premium,6,506.63
50527764,Sai Garg,Amroha,2023-12,Premium,16,1830.26
19400174,Urvi Grover,Saharanpur,2024-05,New,2,907.16
80517784,Udyati Dara,Raiganj,2024-07,Regular,7,513.2
60446619,Yashvi Kar,Guntakal,2024-06,Regular,20,1259.49
85074810,Aarna Naik,Bhagalpur,2024-09,Regular,11,766.81
73654821,Vedant Rattan,Vijayawada,2023-10,New,18,1892.18
47387512,Shivansh Gaba,Chittoor,2023-07,Regular,18,805.43
35988028,Tejas Char,Naihati,2024-08,Premium,6,898.52
92583164,Amruta Lad,Burhanpur,2023-09,Premium,20,1027.67
8155924,Suhani Kanda,Patiala,2024-03,Regular,10,1749.17
72702075,Veda Thaman,Jalna,2024-07,Regular,5,1863.18
79155946,Nachiket Saini,Thiruvananthapuram,2023-09,New,17,1799.48
31708103,Kabir Mani,Gudivada,2023-09,New,1,769.19
77345018,Bishakha Lanka,Udupi,2024-07,Regular,1,828.2
25722990,Nidra Radhakrishnan,Pallavaram,2024-03,Regular,16,1409.6
60062501,Anirudh Mistry,Bhilwara,2024-01,New,2,1888.02
33472376,Krisha Misra,Bardhaman,2024-01,Premium,11,1704.14
34073080,Pushti Gour,Thrissur,2023-05,Regular,10,1285.18
86897973,Arin Pandya,Arrah,2024-03,Inactive,14,802.09
85198177,Charita Comar,Jammu,2023-04,Premium,6,1666.01
8395343,Ekani Pingle,Bathinda,2024-03,New,11,315.99
51557673,Faras Varughese,Mira-Bhayandar,2023-08,New,4,510.76
75892474,Baghyawati Ray,Guntur,2023-08,New,17,564.89
67092149,Daksh Atwal,Davanagere,2023-12,Premium,1,376.48
35554129,Darika Natarajan,Alappuzha,2024-08,Premium,15,1226.88
18889370,Mason Atwal,Sri Ganganagar,2023-06,Regular,18,598.79
16764246,Aarini Dewan,Pali,2024-09,Premium,1,1938.34
43459807,Charan Brahmbhatt,Khammam,2023-04,Premium,6,1643.67
10857389,Nihal Mital,Hindupur,2024-07,Inactive,9,553.29
59329145,William Guha,Gulbarga,2024-08,Regular,19,999.5
31456752,Henry Borah,Thanjavur,2024-06,Premium,16,1337.43
96583772,Ekta Sane,Bhatpara,2023-11,New,8,690.19
18394558,Dipta Sarraf,Bareilly,2023-12,Regular,2,1186.59
2584499,Shivansh Tata,Ludhiana,2024-09,Regular,2,1686.86
27709218,Ryan Dhingra,Dindigul,2024-04,Regular,18,1872.09
99160348,Jeremiah Sarin,Siliguri,2024-09,Inactive,19,1550.84
55693909,Darsh Pandey,Narasaraopet,2024-06,Premium,1,1965.46
31582950,Bhavya Khalsa,Jhansi,2023-12,New,13,586.75
19482392,Yachana Nath,Muzaffarnagar,2023-06,Regular,10,1478.75
4862761,Maya Chatterjee,Eluru,2023-08,Premium,20,477.19
45804389,Liam Dayal,Maheshtala,2023-07,Inactive,11,788.1
74179536,Hitesh Ray,Nizamabad,2024-10,Inactive,18,517.73
91024604,Manbir Devan,Sambalpur,2023-08,Inactive,2,1577.27
31923338,Ishwar Goyal,Yamunanagar,2024-03,New,8,1166.83
33574338,Prisha Bahl,Thiruvananthapuram,2023-08,Inactive,8,830.3
82322028,Reyansh Sinha,South Dumdum,2023-07,New,6,1700.56
51812283,Vasana Rajagopalan,Katni,2024-03,Regular,6,1685.52
68419593,Sneha Sodhi,Patna,2023-10,Inactive,5,1769.51
54205055,Yasti Shukla,Junagadh,2024-05,Regular,9,1637.67
84456355,Avi Ratti,Karawal Nagar,2023-09,New,2,1361.12
93458307,Jalsa Choudhury,Anand,2023-10,Inactive,6,541.59
27304827,Arjun Bhardwaj,Coimbatore,2024-06,Premium,9,1736.28
67302239,Tanvi Bajaj,Kozhikode,2023-10,Regular,7,1463.73
12305040,Guneet Jayaraman,Noida,2023-07,Regular,14,1968.85
43377076,Imaran Krishnan,Junagadh,2023-09,New,6,720.69
52075070,Vedika Muni,Kadapa,2023-08,Regular,8,638.6
4378755,Oscar Ratta,Pali,2023-11,Premium,2,1144.9
67215939,Dominic Viswanathan,Erode,2024-01,New,12,1427.91
13963450,Hemang Kakar,Malegaon,2024-03,New,14,1364.82
59009727,Charles Kulkarni,Adoni,2024-03,New,7,580.22
47274329,Hemal Murthy,Ludhiana,2024-02,New,7,1898.39
97492493,Alexander Ray,Singrauli,2023-04,Inactive,8,1310.07
16256136,Panini Mangal,Aurangabad,2023-09,Regular,14,415.01
42209203,Aryan Sundaram,Bangalore,2024-03,New,19,1051.3
30767655,Aarnav Issac,Karnal,2024-06,Regular,15,698.87
81605722,Bachittar Morar,Salem,2023-11,Regular,15,856.01
16082651,Amara Sundaram,Junagadh,2023-11,Regular,14,895.74
52337289,Pooja Mital,Morena,2023-06,New,3,1999.83
24644542,Harish Mahajan,Tirupati,2024-03,New,4,1252.89
72564495,Urmi Badami,Gandhidham,2024-03,New,11,1015.81
95594611,Dayita Dass,Thiruvananthapuram,2023-04,Regular,1,797.28
23794330,Nisha Amble,Machilipatnam,2024-05,Regular,1,822.37
1771249,Samesh Devi,Bathinda,2023-04,New,4,790.78
57360162,Aarini Rama,Bally,2023-10,Regular,20,607.46
70230254,Hamsini Sandhu,Suryapet,2023-12,New,14,1488.42
30285217,Isha Sahni,Parbhani,2023-09,Premium,11,334.01
14428954,Viraj Tank,Medininagar,2024-10,Premium,10,1387.23
9987182,Tristan Hegde,Darbhanga,2024-08,Regular,8,635.99
92636025,Balendra Sidhu,Ambattur,2024-09,Inactive,14,1563.87
19771128,Urvashi Bhandari,Vijayawada,2023-11,Regular,4,1807.2
13122744,Yashvi Dalal,Kalyan-Dombivli,2024-02,Regular,5,1616.47
90696847,Balendra Choudhary,Bathinda,2023-09,Regular,6,934.37
44050697,Hemang Ratti,Ujjain,2023-12,New,16,1312.22
44723662,Veer Dixit,Dhanbad,2023-10,Regular,7,272.63
69908484,Kevin Sachar,Udupi,2024-08,New,8,382.07
82708090,Krishna Seshadri,Panvel,2024-01,Premium,7,1295.96
83267752,Om Choudhury,Raipur,2023-09,New,13,802.85
19259955,Rehaan Borde,Nagpur,2023-04,Inactive,15,213.69
11616535,Vrinda Bassi,Tadepalligudem,2024-08,Premium,6,1583.56
50557979,Kiaan Naidu,Khammam,2024-03,Premium,6,1557.45
53538932,Quincy Nanda,Thoothukudi,2023-05,Premium,9,1763.76
63292875,Guneet Borah,Noida,2024-09,Premium,18,1756.08
98858383,Janani Gill,Dehri,2023-12,Regular,3,700.22
86715467,Chanakya Bansal,Amaravati,2024-03,Inactive,9,495.2
13197985,Gaurika Balasubramanian,Nanded,2023-04,Premium,19,516.21
85561151,Zinal Dhawan,Kanpur,2024-08,Regular,12,227.18
94706375,Urishilla Kala,Amravati,2023-04,Regular,6,1653.1
53974737,Kiaan Menon,Panipat,2023-10,New,15,672.4
83039559,Hemang Jain,Jalgaon,2023-07,Premium,5,247.73
98218863,Panini Dua,Pimpri-Chinchwad,2023-06,Regular,10,716.11
54347213,Devansh Prasad,Lucknow,2024-04,Premium,16,1388.04
30065862,Urishilla Hegde,Allahabad,2024-09,Regular,13,749.95
42615134,Champak Patil,Muzaffarnagar,2024-09,Inactive,15,1828.12
94033330,Prisha Tella,Visakhapatnam,2024-09,Regular,10,1747.91
64795608,Ishita Mital,Udupi,2023-10,New,14,470.99
1662375,Tanmayi Yohannan,Tiruchirappalli,2023-11,New,7,1350.81
91130614,Rayaan Seth,Jabalpur,2023-06,Inactive,7,528.12
85020453,Hamsini Tripathi,Jaunpur,2023-05,Premium,14,1343.69
80875034,Vasatika Palla,Mahbubnagar,2023-07,Inactive,4,1407.92
72605638,Zansi Nanda,Korba,2024-09,Inactive,12,983.84
47939657,Idika Sem,Bhavnagar,2024-07,Regular,9,1600.67
35156679,Chakradev Verma,Etawah,2024-01,Premium,8,1412.4
47125914,Yashoda Chacko,Kochi,2023-03,Premium,16,1535.12
94713625,Samar Deol,Barasat,2023-08,Premium,10,1791.16
43066953,Hredhaan Sengupta,Bikaner,2024-10,Regular,4,323.92
32987624,Dalaja Arora,Jabalpur,2023-04,Premium,15,902.61
11143197,Siya Mani,Bulandshahr,2023-03,Regular,13,778.44
77015367,Oni Bhagat,Chittoor,2024-07,Regular,8,288.08
63571453,Praneel Saran,Kanpur,2023-05,Premium,1,1367.12
95334407,Krish Sunder,Cuttack,2023-03,Inactive,6,602.09
2400009,Jonathan Korpal,Amaravati,2024-02,Premium,7,1328.35
43519553,Lekha Swamy,Mathura,2024-02,Premium,18,898.85
91566278,Keya Chadha,Burhanpur,2024-09,Premium,5,1953.37
93522848,Mohammed Sahni,Jodhpur,2023-10,Inactive,20,1875.27
48776805,Prisha Sanghvi,Alwar,2023-06,Premium,1,351.38
6061349,Gautami Trivedi,Haldia,2024-03,Regular,17,332.03
49617531,Vamakshi Pradhan,Firozabad,2024-03,Inactive,12,1346.9
25915909,Gaurangi Singh,Bhimavaram,2024-01,New,18,1155.71
2058037,Yutika Badal,Rajkot,2023-11,Inactive,11,1797.02
43307488,Jagrati Prabhu,Bhatpara,2023-08,Regular,1,1036.29
58513300,Hemal Mammen,Jodhpur,2023-09,Premium,1,664.85
41146001,Nirja Prasad,Belgaum,2023-07,Regular,5,934.23
89910157,Dayamai Ray,Khandwa,2023-03,New,5,1859.93
33608451,Lohit Dugar,Madurai,2023-05,Inactive,5,774.65
58214883,Udant Grover,Darbhanga,2024-05,Regular,11,229.17
2875442,Arunima Vyas,Bettiah,2023-07,Premium,19,1858.8
83660688,Gopal Dube,Kottayam,2024-07,Premium,1,1768.23
9650263,Samar Vasa,Gandhidham,2023-04,New,5,843.98
36517334,Ria Dua,Naihati,2024-03,Premium,19,1603.14
1989720,Anusha Bahri,Saharanpur,2023-11,Inactive,6,239.76
68486301,Bachittar Misra,Kanpur,2023-04,Inactive,10,205.49
2134827,Vasudha Kalita,Ambarnath,2023-10,New,10,1710.75
67896836,Om Murty,Gulbarga,2024-09,New,15,469.03
98152679,Geetika Arora,Thiruvananthapuram,2024-08,Regular,1,583.12
6812439,Vasana Mand,Bhalswa Jahangir Pur,2024-10,Premium,1,938.29
90038364,Upadhriti Chand,Ozhukarai,2024-03,Regular,17,650.89
47215976,Jasmit Ganesh,Jalna,2024-09,Premium,9,842.83
74840437,Rachit Arya,Korba,2024-03,Inactive,1,330.17
10418604,Xavier Agrawal,Gandhidham,2024-04,New,15,501.27
65514005,Ekapad Kuruvilla,Dhanbad,2023-07,Regular,16,266.6
1479065,Keya Grover,Bokaro,2024-02,New,17,1597.83
87641623,Isaac Rattan,Bulandshahr,2023-09,Regular,11,1243.23
34381941,Oeshi Thaman,Malegaon,2023-07,Inactive,10,1753.38
81822494,Dominic Verma,Sri Ganganagar,2024-07,New,9,1284.68
97191387,Chavvi Bhatia,Madurai,2023-06,Premium,3,853.44
25795941,Urishilla Dhillon,Bhalswa Jahangir Pur,2024-04,Regular,10,765.4
97825663,Upadhriti Sha,Udaipur,2023-06,Regular,8,527.59
19966989,Varsha Dutt,Secunderabad,2024-03,Premium,2,1737.1
57967753,Lila Tailor,Davanagere,2024-01,Premium,20,203.28
10694081,Faris Raval,Meerut,2023-10,Regular,16,769.13
4356173,Jalsa Khatri,Rajkot,2024-09,New,9,1838.56
87266309,Yachana Sethi,Agra,2023-11,Regular,19,1097.48
65134271,Ansh Singh,Ajmer,2023-12,Premium,19,1433.53
11928321,Nikita Palan,Maheshtala,2024-06,Inactive,17,1770.94
32527479,Nidhi Varkey,Jorhat,2023-11,Regular,19,896.82
47275378,Aarav Dar,Ahmednagar,2023-03,Premium,3,623.26
9246851,Aarush Dixit,Ujjain,2024-10,New,10,1574.34
12402437,Kamala Rama,Rajahmundry,2024-06,New,14,1580.62
95382317,Aradhana Sen,Patiala,2024-05,New,14,940.85
19523014,Neha Shroff,Ongole,2024-02,New,14,679.5
2188994,Bimala Mitra,Patiala,2023-10,Inactive,6,484.51
31328762,Vanya Sanghvi,Durg,2024-03,Premium,5,941.9
39354312,Chatresh Andra,Kulti,2023-09,Premium,4,1599.19
17939362,Anjali Yogi,Noida,2024-02,Inactive,17,496.59
12755730,Indrajit Mahal,Howrah,2023-08,Regular,8,748.43
64562786,Neel Sankar,Firozabad,2024-03,Inactive,19,1483.65
18771682,Nitara Sur,Shivpuri,2023-07,Premium,12,1420.99
18170800,Anamika Sur,Mathura,2024-07,Regular,12,1972.81
31914222,Rajeshri Lad,Bhilwara,2024-09,Inactive,4,380.49
29095552,Gunbir Vala,Amritsar,2023-04,Inactive,17,1617.63
13415362,Tristan Grover,Dibrugarh,2023-06,Inactive,2,978.88
13284996,Irya Dayal,Phagwara,2024-04,Regular,9,449.79
3410758,Qabil Salvi,Hazaribagh,2023-07,Regular,1,1892.51
14330483,Vasatika Konda,Durgapur,2023-08,Premium,12,538.66
95768401,Jyoti Pau,Kadapa,2024-11,Inactive,8,590.36
57662767,Lila Chakraborty,Kalyan-Dombivli,2023-10,Premium,10,403.61
51387106,Nandini Devi,Jamalpur,2023-10,New,15,615.8
89995124,Gauri Butala,Muzaffarpur,2023-10,Premium,6,995.42
73660582,Timothy Bhalla,Agra,2024-10,Premium,18,1045.53
70459847,Krish Shankar,Bhopal,2024-08,Premium,12,324.58
3999964,Ansh Minhas,Orai,2023-08,Premium,15,1147.01
39674723,Advika Keer,Bettiah,2024-08,New,3,765.19
23448955,Pranit Gade,Raebareli,2024-10,Premium,13,1201.0
76971644,Banjeet Pal,Thoothukudi,2024-09,Inactive,20,1812.27
81382213,Victor Khurana,Burhanpur,2024-05,Inactive,9,845.85
21456226,Indrajit Mitra,Adoni,2023-07,New,18,980.16
46378942,Oscar Kurian,Chandigarh,2023-11,Premium,1,1768.04
12088552,Aditya Barman,Patiala,2023-04,Premium,3,1137.83
18642306,Wazir Bahl,Tinsukia,2023-12,Inactive,12,1802.63
11387110,Om Sastry,Coimbatore,2023-08,Premium,8,1303.37
51341672,Aarna Mital,Bhagalpur,2024-04,Regular,10,1898.18
79630614,Nikita Misra,Sasaram,2024-07,Regular,3,362.45
76602787,Qasim Chandra,Mehsana,2024-04,New,9,1683.71
50630016,Max Ranganathan,Unnao,2023-08,Inactive,17,1445.33
85354059,Anamika Dugar,Begusarai,2023-08,Premium,2,672.87
30188374,Naveen Chakrabarti,Haldia,2024-03,New,15,915.53
13760839,Anvi Savant,Guwahati,2023-08,Premium,17,444.89
12455156,Ijaya Agrawal,Eluru,2023-04,Inactive,16,1139.56
13604883,Siddharth Kata,Karimnagar,2024-09,Premium,17,1659.88
69240186,Triya Memon,Kottayam,2024-04,Regular,8,884.0
57765367,Advika Sundaram,Sultan Pur Majra,2024-01,Premium,1,1296.69
97928541,Pratyush Peri,Tiruchirappalli,2023-06,New,4,1838.77
31718565,Andrew Wable,Durgapur,2024-05,Regular,6,245.16
76438648,Faraj Radhakrishnan,Dewas,2023-04,New,6,854.68
36146306,Aryan Ghose,Pallavaram,2023-11,Regular,19,828.14
87160527,Gautam Ravel,Bulandshahr,2024-10,New,6,1966.02
1108176,Charita Chad,Bhalswa Jahangir Pur,2023-07,Premium,20,1460.76
83610315,Nachiket Roy,Shahjahanpur,2023-07,Inactive,16,376.5
24043135,Edhitha Bassi,Bijapur,2024-10,Inactive,15,1681.39
84448310,Ati Lad,Mumbai,2024-09,Regular,16,282.58
59769142,Pooja Bajaj,Bellary,2024-03,New,4,718.4
90753712,Amruta Bhatt,Dharmavaram,2024-06,Regular,4,1408.03
38748727,Raghav Nath,Tiruchirappalli,2024-08,New,4,495.67
45033270,Manan Chandran,Thanjavur,2024-04,New,15,252.26
6459100,Shivansh Mand,Agra,2024-10,Premium,19,1193.57
60904312,Jagdish Badami,Mumbai,2024-06,Regular,20,564.73
98225598,Neelima Som,Sambalpur,2023-05,Premium,9,1190.21
31813,Indrajit Pau,Sultan Pur Majra,2024-04,Regular,18,1230.75
79135318,Amaira Issac,Saharanpur,2023-06,Inactive,17,454.3
99627097,Amara Narayanan,Raiganj,2023-03,New,10,1085.49
90919603,Priya Chaudry,Howrah,2023-11,Regular,10,555.97
46741896,Jagvi Patla,Mango,2023-10,Premium,13,1518.23
58942207,Krisha Sama,Patna,2024-07,Regular,8,525.9
86839058,Kashvi Sarma,Ujjain,2024-06,Regular,5,1953.24
82179338,Isha Dugar,Ulhasnagar,2023-03,New,12,1775.89
1342184,Girish Sem,Dehradun,2024-10,Inactive,20,1893.83
76604145,Nidra Agate,Rourkela,2023-03,Regular,14,1276.88
37702698,Joshua Bajaj,Bareilly,2023-11,New,12,1727.41
3786105,Ojas Sankaran,Kirari Suleman Nagar,2024-06,New,13,1172.32
64535602,Faris Mahajan,Jalgaon,2023-08,Inactive,13,1816.18
29525287,Theodore Dhar,Bhimavaram,2023-11,Premium,15,1976.98
1683786,Urvashi Balan,Hajipur,2023-09,Regular,14,776.52
73586244,Netra Oak,Erode,2024-02,New,1,377.07
26805477,Xavier Hans,Sambhal,2024-05,New,18,1148.4
73679086,Tarak Divan,Dibrugarh,2023-07,New,16,1297.47
59677346,Falak Reddy,Bongaigaon,2024-11,Inactive,2,502.96
81528623,Qasim Hans,Jamshedpur,2024-06,Premium,3,957.94
38420886,Nidra Date,Sonipat,2023-04,New,20,1180.95
12302179,Nikita Nagi,Tumkur,2024-02,Premium,15,246.73
88164280,Saumya Barman,Thane,2024-09,Regular,11,745.22
74735607,Naksh Amble,Raipur,2023-12,Inactive,6,935.8
42514124,Bakhshi Sodhi,Bally,2023-05,Inactive,7,1958.97
13071673,Ijaya Bir,Jhansi,2024-04,Regular,17,1208.04
68196920,Vasana Tripathi,Rewa,2023-10,Regular,15,1810.28
26844216,Yochana Babu,Pali,2024-06,Premium,16,927.07
38780509,Ira Guha,Ongole,2024-05,Regular,3,1238.37
3292927,Nisha Iyer,Rewa,2024-01,New,6,1795.72
28991365,Avi Menon,Jamnagar,2024-03,New,20,459.1
39999278,Chandresh Khare,Baranagar,2024-08,New,8,664.22
86050297,Vincent Sahni,Sikar,2023-04,Inactive,16,941.51
86045277,Umang Pai,Mau,2024-08,New,8,1065.84
88167544,Fariq Chawla,Mirzapur,2023-04,New,10,1097.35
75984768,Dev Deshpande,Guwahati,2024-08,Regular,14,1723.2
15144290,Omkaar Swamy,Nizamabad,2024-10,New,19,436.35
52279849,Henry Sawhney,Anantapur,2024-07,Regular,17,585.08
81160474,Adweta Gokhale,Aizawl,2023-08,Premium,19,447.55
84361534,Ansh Agrawal,Narasaraopet,2024-07,Regular,1,438.19
53025962,Sai Mandal,Dibrugarh,2024-06,Premium,10,324.92
83404008,Pooja Chaudhary,Berhampore,2024-09,New,5,1391.13
81959925,Aarav Gopal,Durgapur,2023-10,Inactive,1,1888.83
76850859,Harita Bir,Berhampur,2023-12,Inactive,19,468.79
11705793,Tripti Barad,Dindigul,2024-04,New,18,1164.81
62068277,Zarna Shetty,Hosur,2024-03,Regular,6,1515.17
9048817,Bhavika Banik,Udaipur,2023-05,Inactive,1,222.89
31619915,Joshua Trivedi,Gandhinagar,2024-06,New,13,722.45
42872865,Vasatika Chatterjee,Bulandshahr,2023-10,Inactive,14,976.81
81906973,Oliver Wagle,Loni,2023-08,New,20,218.78
82286908,Oliver Sengupta,Vasai-Virar,2024-06,New,16,713.26
1174162,Anirudh Vig,Guna,2023-07,Premium,12,1255.44
62323608,Ekansh Bains,Nandyal,2023-08,New,2,1446.34
72857290,Krishna Aggarwal,Sasaram,2023-09,Inactive,13,1806.01
21784094,Lakshit Rai,Bareilly,2024-05,Regular,17,1530.19
82529927,Yoshita Jain,Chinsurah,2024-04,Inactive,3,587.28
14994388,Charles Wason,Gwalior,2024-04,Premium,20,1782.84
54216497,Mohini Pandya,Guwahati,2024-07,New,13,1881.19
80796977,Nicholas Chandra,Deoghar,2024-06,Premium,7,1170.84
31681710,Udant Prabhakar,Panchkula,2024-01,Regular,15,223.11
47955004,Mohini Sidhu,Kollam,2023-08,Inactive,6,1681.52
23126657,Ekiya Sekhon,Bahraich,2023-04,Premium,1,1034.23
91973128,Advik Hayre,Karnal,2024-07,Premium,15,989.8
22915611,Rishi Minhas,Karaikudi,2023-08,Regular,10,1239.42
76864442,Yashasvi Srinivas,Karnal,2023-07,Regular,13,1565.67
96628029,Zansi Kara,Tirupati,2024-03,Premium,3,994.81
59216664,Netra Keer,Deoghar,2023-03,Regular,10,225.69
70615775,Abdul Narang,Ludhiana,2024-01,Inactive,15,233.12
34761418,Nitesh De,Bhilwara,2024-08,New,6,1729.83
56248757,Ekansh Narayan,Chapra,2024-08,Premium,16,1040.97
31622158,Omya Modi,Kolhapur,2023-05,New,20,504.15
4200802,Chakrika Gaba,Ramgarh,2023-11,Inactive,10,678.96
58631874,Yauvani Bhat,Avadi,2024-10,New,11,862.23
22036818,Yatan Yogi,Hindupur,2023-11,New,5,1732.02
7333934,Om Chand,Deoghar,2023-12,New,11,739.47
5712468,Zinal Shan,Thanjavur,2024-03,Inactive,3,872.57
17929886,Oscar Parekh,Salem,2023-03,New,7,744.0
408590,Januja Zachariah,Jorhat,2024-03,Regular,17,436.74
42797397,Banjeet Shanker,Jaunpur,2023-05,Premium,8,640.54
58929595,Aarush Ratti,Hubli–Dharwad,2024-08,Regular,2,588.65
41971906,Yashica Sankaran,Phagwara,2024-02,Premium,17,245.86
80269328,Daksha Saxena,Ambattur,2023-05,Premium,15,976.36
76533277,Bakhshi Kuruvilla,Gangtok,2023-10,New,16,1857.65
50760752,Yug Varughese,Maheshtala,2023-03,New,14,1670.47
83588803,Indira Sabharwal,Tinsukia,2024-07,New,4,1509.41
30755306,Divya Kakar,Bhilwara,2024-06,Inactive,9,555.67
26592009,Michael Dhingra,Adoni,2023-11,Premium,14,317.83
32830199,Abhimanyu Suri,Aizawl,2024-08,Premium,2,680.11
99824171,Vasatika Ram,Thoothukudi,2024-04,Inactive,1,1663.58
61618079,Isaac Sunder,Ambala,2023-07,Inactive,9,1191.93
71694275,Samarth Wagle,Aurangabad,2023-06,Regular,8,476.34
81200164,Zehaan Chaudhry,Anantapur,2024-08,Regular,10,337.07
66233704,Adya Wason,Jorhat,2024-05,Inactive,7,1341.67
66866026,Vyanjana Nagi,Ahmedabad,2023-07,Regular,13,802.79
86483673,Ranveer Ranganathan,Satara,2023-08,Regular,17,682.78
22483684,Gautami Dar,Kirari Suleman Nagar,2024-03,Regular,20,719.77
65368179,Ati Iyer,Bokaro,2023-10,Premium,4,1826.72
94430842,Pallavi Kothari,Jammu,2024-03,New,5,399.54
18940384,Anita Sehgal,Sonipat,2023-10,New,7,1068.47
25585013,Ishita Amble,Vasai-Virar,2024-05,Inactive,18,840.15
9314637,Aarav Sandal,Bhubaneswar,2024-07,Inactive,15,1208.09
92409489,Deepa Devi,Shivpuri,2024-04,Regular,4,1614.57
21425168,Gavin Panchal,Aligarh,2023-08,New,5,1861.73
11228463,Theodore Cherian,Kanpur,2023-07,Inactive,8,1275.97
57642258,Gunbir Dutt,Etawah,2024-09,Premium,10,1174.55
26250082,Om Bora,Arrah,2024-10,New,1,796.49
34580200,Unni Dara,Bally,2024-06,Premium,2,1418.51
89531595,Balvan Bera,Jammu,2023-08,Regular,6,1385.2
72760434,Andrew Sibal,Kozhikode,2024-10,Premium,10,1843.51
86499778,Chakrika Sachar,Bhilai,2023-09,Regular,18,654.76
41395224,Thomas Sarkar,Jalna,2024-10,Regular,13,358.51
21270783,Aarna Vig,Bhavnagar,2023-05,New,3,1508.8
68939350,Rachita Dhar,Machilipatnam,2023-04,Premium,17,304.51
14839726,Lohit Lanka,Mira-Bhayandar,2024-01,Regular,10,516.19
38808614,Xavier Shetty,Vijayanagaram,2023-06,Premium,10,340.46
44828791,Zansi Panchal,Khora ,2023-06,New,18,1696.98
1603358,Samaksh Randhawa,Gandhinagar,2024-06,Inactive,5,1155.87
31826,Ekiya Pau,Chinsurah,2023-11,New,18,752.78
191616,Brijesh Tata,Pallavaram,2023-04,Regular,4,1053.7
45546750,Mugdha Pandey,Madhyamgram,2024-10,Premium,13,1808.6
33675108,Yagnesh Patel,Jalgaon,2023-12,Inactive,20,1281.15
98896871,Laksh Narula,Asansol,2023-06,Regular,5,1064.61
644189,Tanay Sahni,Bhopal,2023-12,Premium,2,793.86
21461764,Nandini Bassi,Singrauli,2023-04,Premium,15,1689.46
70170606,Edhitha Chhabra,Purnia,2024-07,Premium,19,921.51
65782437,Geetika Kara,Haldia,2023-04,New,4,1215.48
37245065,Ishani Dhillon,Dibrugarh,2024-07,Inactive,16,1556.07
42012717,Edhitha Sahota,Jabalpur,2023-08,Regular,10,1030.12
60399360,Gavin Solanki,Jamnagar,2024-04,Premium,3,1757.64
5140660,Tripti Loke,Akola,2023-08,Inactive,17,908.68
40858753,Samaksh Sharma,Bharatpur,2024-05,Regular,5,1149.5
69219122,Varsha Varughese,Pimpri-Chinchwad,2024-10,Premium,17,1177.34
8967266,Theodore Bhakta,Imphal,2024-09,Regular,5,1164.14
27304727,Farhan Patel,Tiruvottiyur,2024-03,Regular,8,1675.04
62600289,Tanmayi Zachariah,Udaipur,2024-02,Inactive,10,1326.02
50286371,Jonathan Zachariah,Bangalore,2024-01,New,3,280.77
43799224,Vasatika Agate,Karaikudi,2024-06,Regular,9,1566.49
29431960,Jagdish Manda,Etawah,2024-02,Premium,5,1602.35
7076456,Upkaar Munshi,Ichalkaranji,2024-02,Regular,10,469.41
43860025,Nidhi Baria,Nagpur,2023-11,Regular,18,292.92
74833221,Agastya Saran,Nashik,2024-04,Regular,1,1764.07
13465850,Anmol Koshy,Danapur,2023-09,Premium,6,1956.03
46541905,Arunima Rout,Udaipur,2024-02,New,16,922.29
21809858,Ekansh Seshadri,Bihar Sharif,2023-04,Inactive,9,1343.53
75928073,Harsh Aggarwal,Udupi,2023-08,Inactive,20,1684.84
67538982,Upma Salvi,Shivpuri,2023-08,Premium,6,1257.71
57505804,Zinal Padmanabhan,Orai,2024-08,New,9,225.87
88775948,Yug Pal,Nagaon,2024-06,New,19,227.1
89704218,Harini Ramakrishnan,Khora ,2023-10,Premium,11,1029.69
9796585,Damini Jha,Danapur,2023-11,Inactive,20,1565.31
1497747,Nachiket Kalla,Sangli-Miraj & Kupwad,2024-04,Inactive,7,1241.73
29038113,Wridesh Vyas,Kalyan-Dombivli,2024-06,New,18,875.32
61182897,Yug Dutt,Satara,2023-03,Regular,15,1261.08
15391556,Ria Pau,Nellore,2023-10,Inactive,16,762.73
1529180,Darsh Gokhale,Bareilly,2024-06,Inactive,5,596.54
32797235,Shravya Chandran,Guntakal,2023-11,Regular,1,1709.96
78158536,Yatan Gola,Imphal,2024-04,Premium,16,705.47
88779806,Ethan Taneja,Srinagar,2023-07,Regular,11,679.0
93018527,Lekha Rout,Narasaraopet,2024-05,New,1,913.11
52393801,Aarush Roy,Ranchi,2023-03,New,2,1910.55
70529459,Zayyan Parsa,Pondicherry,2023-05,Regular,5,203.05
48481702,Dayita Kothari,Shivpuri,2024-06,Regular,4,1209.16
15417130,Henry Arora,Indore,2024-03,New,5,1289.29
14705462,Nakul Pal,Bahraich,2023-09,Premium,2,765.18
14944819,Triya Patla,Anand,2023-11,Premium,14,1127.8
89028323,Avni Padmanabhan,Lucknow,2023-09,Regular,13,1329.47
11775073,Keya Ganesan,Morbi,2023-06,Regular,16,212.35
54799731,Rushil Palan,Jaipur,2023-05,Premium,14,1150.73
93617659,Nikita Ramanathan,Nangloi Jat,2024-09,Regular,11,1800.81
45708879,Girindra Majumdar,Ulhasnagar,2024-03,Regular,20,988.63
62807542,Chatura Apte,Patiala,2023-03,Premium,11,524.5
7551173,Chandran Sur,Ghaziabad,2023-10,New,11,1197.58
65815155,Amara Palan,Bangalore,2024-09,New,10,1963.99
86704661,Kamala Chokshi,Kamarhati,2024-03,Premium,12,1726.51
57896058,Samuel Gara,Begusarai,2024-06,Regular,8,982.05
85519349,Harshil Kari,Anand,2023-12,New,8,336.36
66308810,Utkarsh Ramaswamy,Sangli-Miraj & Kupwad,2024-05,Premium,18,1746.8
13130974,Divya Garde,Eluru,2024-07,Inactive,6,898.76
8632679,Ayaan Bal,North Dumdum,2023-07,Regular,16,1201.21
91072336,Tristan Parmer,Jaunpur,2023-06,Premium,3,205.59
24633671,Manan Buch,Karnal,2024-09,New,12,1112.03
78254569,Theodore Sathe,Kalyan-Dombivli,2023-11,Regular,8,1559.18
60698094,Matthew Bhatti,Malegaon,2024-05,New,2,1894.4
84257716,Yauvani Rajan,Hazaribagh,2023-03,New,6,1144.61
84929351,Charvi Kala,Gandhinagar,2023-12,Regular,14,1662.37
48160359,Zehaan Sundaram,Karaikudi,2024-03,Premium,8,1485.09
51031122,Netra Kashyap,Dehradun,2023-09,Regular,20,363.61
3844290,Yashawini Thaman,Berhampore,2023-10,Inactive,2,301.73
71643758,Lucky Kapoor,Kottayam,2024-09,Inactive,7,780.2
49258916,Zehaan Thakur,Jaipur,2024-04,Inactive,16,997.43
60379302,Raksha Chand,Patiala,2023-07,New,7,536.98
88873916,Daniel Reddy,Tirupati,2023-09,New,16,1390.49
65559853,Yahvi Bali,Kamarhati,2024-05,Regular,17,1734.36
88046313,Lila Dube,Thane,2023-05,Premium,6,726.67
76987910,Oeshi Kannan,Shahjahanpur,2024-03,Inactive,5,728.54
20517871,Lavanya Natt,Imphal,2023-07,Premium,4,418.15
26227445,Krishna Warrior,Ghaziabad,2024-09,Regular,1,1030.06
42272393,Anya Parmer,Moradabad,2023-09,New,7,1090.31
12574626,Nitesh Joshi,Amritsar,2024-05,Inactive,18,852.27
63349378,William Sangha,Mango,2024-08,Regular,14,1487.94
88045094,Yuvraj Memon,Panvel,2023-12,Premium,4,690.13
61226835,Owen Soni,Kishanganj,2023-07,Premium,18,1491.21
82585664,Turvi Parmar,Ludhiana,2023-10,Regular,14,1511.43
69762479,Joshua Banerjee,Jamalpur,2024-03,New,19,1766.61
93675757,Geetika Mander,Noida,2023-11,Regular,10,665.46
5009458,Yasti Choudhary,Thiruvananthapuram,2023-08,Inactive,7,1712.14
59545278,Yagnesh Randhawa,Yamunanagar,2024-10,New,16,430.08
59619739,Charan Ramanathan,Delhi,2023-11,New,12,871.39
9097480,Hamsini Verma,Bihar Sharif,2023-12,Premium,18,307.65
56195475,Falguni Date,Ahmedabad,2024-06,Regular,18,1149.91
45052594,Harish Venkatesh,Aligarh,2024-06,New,19,859.59
24517523,Mohini Pillai,Tirunelveli,2023-11,Premium,14,361.29
97111069,Megha Hora,North Dumdum,2024-02,Inactive,10,1898.27
88299992,Laban Bandi,Firozabad,2024-05,Premium,6,1524.68
60757351,Naksh Sule,Salem,2024-05,Premium,3,1099.62
14161586,Aachal Nazareth,Bettiah,2023-06,Premium,11,353.97
35133191,Ojasvi Sha,Loni,2024-10,Regular,14,406.21
56480776,Matthew Parsa,Udaipur,2024-03,Regular,8,1401.79
31000129,Lohit Kaur,Raichur,2024-03,Premium,18,1120.64
18113428,Dominic Goda,Rajkot,2023-09,Regular,7,255.73
56250563,Anthony Tara,Jabalpur,2023-09,Premium,20,733.3
96253172,Zarna Mammen,Berhampur,2023-08,Inactive,1,475.19
83023956,Lopa Kalita,Nanded,2023-09,Regular,12,1551.29
19080489,Reva Sha,Jalandhar,2023-03,Regular,9,578.21
899941,Lopa Venkataraman,Sambhal,2024-06,Premium,18,1202.35
51014003,Matthew Swaminathan,Giridih,2023-12,Regular,14,393.06
55971849,Orinder Joshi,Rewa,2024-04,Regular,3,490.69
45314389,Amaira Subramanian,Ajmer,2023-03,New,17,939.35
65426878,Frado Warrior,Nagpur,2023-04,Regular,11,1879.31
8651281,Jonathan Seshadri,Ranchi,2024-10,Premium,14,1516.13
69353754,Brijesh Choudhary,Medininagar,2024-01,Premium,8,1154.09
84119685,Harish Aurora,Sambhal,2023-06,Inactive,4,1623.47
60656482,Rajata Purohit,Haldia,2023-10,Inactive,12,627.69
54952806,Manya Kohli,Coimbatore,2023-05,Regular,1,1142.91
58644651,Gaurangi Vala,Secunderabad,2024-05,New,13,646.92
35690581,Sachi Jani,Gorakhpur,2023-04,Inactive,15,1603.16
80850753,Gautami Rai,Thane,2023-12,Premium,6,1695.68
29653387,Aradhana Rout,Malda,2024-04,New,12,519.73
47295676,Neel Sandhu,Bhopal,2024-06,New,2,1758.3
30900441,Omaja Misra,Khora ,2024-07,New,18,1509.24
43980719,Unni Pillai,Kalyan-Dombivli,2024-03,New,13,785.19
96001315,Jhalak Naidu,Bihar Sharif,2024-02,Inactive,19,1628.45
5716817,Xalak Master,Aurangabad,2024-03,Inactive,3,1607.05
33658749,Anjali Varty,Ahmednagar,2024-03,Inactive,6,547.78
63661771,Peter Mitra,Karnal,2023-12,Inactive,13,1536.01
71767248,Shivani Khurana,Jalandhar,2024-11,New,4,719.47
72675976,Kavya Pingle,Bhusawal,2024-07,Premium,14,710.18
81994445,Imaran Jha,Kalyan-Dombivli,2024-08,Premium,2,1391.12
54145987,Rushil Yadav,Agartala,2023-10,Premium,6,899.69
16485871,Chaman Kota,Salem,2024-06,Premium,6,1805.76
43243913,Rushil Iyer,Jehanabad,2024-05,Regular,4,1897.16
19741509,Michael Vohra,Vellore,2024-03,Regular,3,949.01
98540377,Brinda Datta,Unnao,2023-09,Regular,16,525.07
88843865,Mitesh Chaudry,Srinagar,2023-10,Regular,19,1230.62
50045027,Yashvi Bajaj,Sagar,2023-07,Regular,7,1570.95
59840071,Vihaan Chokshi,Deoghar,2023-06,Inactive,19,1796.24
51547198,Kashvi Date,Agartala,2024-08,Premium,19,750.81
53624677,Varenya Ganesh,Udaipur,2023-12,New,10,332.4
93122847,Nachiket Sangha,Ludhiana,2024-09,Regular,12,1886.44
62971413,Baljiwan Agrawal,Amritsar,2023-10,Inactive,18,835.09
73933840,Amara Gill,Raiganj,2024-03,Regular,10,1339.52
80759416,Pavani Prabhakar,Junagadh,2024-02,Premium,5,1637.85
96042320,Jagdish Ray,Nagaon,2023-12,New,20,1164.38
76970363,Hardik Andra,Firozabad,2023-12,Regular,14,1237.8
84993732,Henry Modi,Aligarh,2024-09,Regular,1,1585.03
30823988,Owen Sangha,Deoghar,2024-03,Premium,9,1525.85
86226771,Theodore Rao,Shivpuri,2024-08,Premium,4,1062.39
10048910,Pratyush Sawhney,Kozhikode,2023-09,New,15,875.32
18935489,Krishna Dugal,Tezpur,2024-06,New,8,1957.21
61763552,Gopal Parikh,Panihati,2023-05,Inactive,5,241.81
88346104,Lakshit Hari,Udaipur,2024-03,Regular,17,1205.49
33651554,Madhav Sridhar,Saharsa,2024-09,New,18,697.13
39140039,Upasna Naidu,Madhyamgram,2023-11,New,18,1504.96
50080663,Adweta Bumb,Morbi,2024-10,Inactive,10,543.84
40643232,Falguni Chand,Salem,2023-04,Regular,4,1374.71
82134278,Jeremiah Jha,Coimbatore,2023-10,Premium,4,294.2
35705377,Wahab Bobal,Tumkur,2023-04,Regular,8,1250.37
11503405,Damyanti Dua,Amritsar,2024-01,Regular,11,1658.1
4988545,Prisha Jha,Anantapuram,2023-04,Regular,10,1251.78
4545935,Aayush Ahluwalia,Warangal,2024-08,Regular,7,1931.1
46148283,Kamya Mander,Kalyan-Dombivli,2023-10,New,11,506.68
29324437,Radhika Bains,Nanded,2024-08,Premium,11,1915.27
48730063,Jatin Dua,Farrukhabad,2024-04,New,19,1497.71
70608515,Aashi Behl,Belgaum,2024-07,Inactive,4,1601.81
32003512,Advaith Sarkar,Sasaram,2024-10,Premium,4,1863.05
96989204,Nimrat Kalita,Deoghar,2024-06,Regular,5,1844.33
4789829,Balvan Shah,Rourkela,2024-11,Regular,6,229.76
15733078,Ekanta Shukla,Phagwara,2023-08,Regular,1,1152.95
48158494,Hamsini Choudhury,Kishanganj,2024-04,Inactive,13,1787.2
12272282,Dev Bal,Sikar,2023-04,Regular,20,1750.74
13265605,Yatin Krishnamurthy,Kollam,2024-11,Premium,3,1086.89
80696046,Avni Trivedi,Agartala,2023-11,Inactive,11,623.23
87266831,Indira Palan,Mirzapur,2024-09,New,17,276.09
90346920,Idika Acharya,Satara,2024-09,New,1,738.13
93938425,Darpan Goyal,Nagercoil,2024-04,Regular,10,1735.57
89699655,Om Chadha,Darbhanga,2024-02,Inactive,4,1134.64
87654461,Maya Amble,Sambhal,2023-09,Inactive,2,1720.18
79944855,Anay Natarajan,Indore,2024-10,Regular,6,1440.06
49617892,Dayamai Parmer,Orai,2024-02,New,19,1894.61
74230420,Ati Choudhry,Mathura,2024-03,Regular,17,1315.38
66629497,Widisha Kaur,Vellore,2023-04,Regular,7,1994.7
43256928,Gaurav Bhardwaj,Baranagar,2023-08,Inactive,19,1984.5
59345983,Liam Sagar,Saharanpur,2023-06,Regular,8,1375.29
88252625,Kritika Jha,Shivpuri,2024-02,New,15,422.31
14275043,Tanvi Lala,Bhilwara,2024-01,New,19,1415.88
64489709,Ekavir Kade,North Dumdum,2024-04,Premium,2,1435.66
59815512,Teerth Seshadri,Jalna,2023-11,Regular,16,1022.99
73377004,Dayamai Borah,Delhi,2023-09,Regular,4,438.31
74761384,Banjeet Gara,Nadiad,2024-10,Premium,12,1550.37
79257353,Tanvi Wagle,Jaunpur,2023-09,New,6,291.96
17159117,Tripti Bassi,Karawal Nagar,2024-05,Premium,1,336.26
95912198,Bhavna Gara,Anantapuram,2024-04,Inactive,12,1065.72
88215615,Falan Dar,Bongaigaon,2023-05,New,14,1520.12
49756591,Madhav Murthy,Miryalaguda,2024-04,Inactive,20,745.4
50650215,Isaac Samra,Pimpri-Chinchwad,2023-11,New,12,1474.41
32500305,Ridhi Khatri,Orai,2024-06,New,5,362.53
42723554,Pranit Wagle,Gandhinagar,2023-05,Regular,10,731.97
1491857,Naveen Balakrishnan,Morena,2024-06,Premium,9,855.24
81229704,Vamakshi Hari,Noida,2024-03,Premium,10,429.04
70966268,Odika Mahal,Arrah,2023-10,New,15,541.94
97182359,Rayaan Viswanathan,Morbi,2024-01,New,15,550.41
46675763,Tanmayi Ramaswamy,Katihar,2023-08,New,19,737.08
51034600,Ubika Borah,Bhilai,2023-04,Inactive,2,1574.01
76512976,Yashica Pathak,Belgaum,2024-07,New,5,279.89
119099,Zansi Parsa,Kavali,2023-08,Inactive,20,637.35
84850688,Atharv Nagar,Barasat,2024-09,Inactive,3,1862.3
95971469,Rachit Parikh,Chapra,2024-09,New,7,1060.59
28413467,Leena Mane,Kolhapur,2024-07,New,16,1451.81
45071436,Gaurang Ratta,Tadepalligudem,2024-10,Inactive,9,807.66
99734256,Ishwar Nair,Ratlam,2024-06,Premium,1,301.12
14472401,Ayaan Rege,Thiruvananthapuram,2024-04,Regular,1,208.09
4606533,Anusha Bhagat,Rajpur Sonarpur,2024-07,Premium,11,704.14
32426778,Falguni Kapadia,Naihati,2024-05,Inactive,14,304.06
63802820,Netra Yohannan,Orai,2023-11,Regular,6,1887.52
24988999,Yashawini Goyal,Raiganj,2024-05,Regular,6,1748.52
77497950,Omkaar Varughese,Kolkata,2023-05,New,7,1852.77
16424635,Fitan Kade,Mirzapur,2024-10,Premium,13,1135.26
93127511,Warinder Chandran,Bijapur,2023-08,Inactive,7,453.17
88434834,Chandresh Pingle,Ambarnath,2023-10,Premium,19,1484.9
88067569,Aayush Sengupta,Gaya,2023-12,Premium,5,273.38
86294036,Chatresh Rajagopalan,Arrah,2023-07,Inactive,13,1311.81
57331847,Jack Kamdar,Amravati,2023-09,Regular,5,752.87
45586151,Pallavi Ram,Saharsa,2023-11,Regular,11,266.65
11389698,Chameli Grover,Jammu,2023-06,Premium,14,1907.68
95018817,Ucchal Bajaj,North Dumdum,2024-06,Inactive,19,466.48
29415527,Abha Behl,Pudukkottai,2024-04,Regular,11,498.21
64932019,Ekiya Babu,Hindupur,2023-10,Premium,6,1022.98
48418662,Matthew Joshi,Machilipatnam,2024-06,Premium,12,1479.93
66485571,Anthony Pall,Ratlam,2023-09,Inactive,2,1055.17
85658166,Faraj Krish,Thrissur,2024-05,New,11,1326.65
20625627,Hredhaan Prasad,Amritsar,2024-08,Premium,11,718.1
72942753,Alka Pal,Gurgaon,2024-09,Regular,5,664.01
1624115,Saksham Atwal,Kochi,2023-10,New,2,331.1
82918668,Harita Nagy,Gudivada,2024-08,Regular,18,1941.44
85006599,Siddharth Krishna,Shimoga,2024-01,Inactive,13,1630.44
73727901,Chanakya Khatri,Solapur,2024-05,Premium,15,1299.49
53636086,Max Nadkarni,Bally,2023-11,Premium,20,1238.26
79076101,Maanav Gaba,Ujjain,2024-01,Premium,2,870.19
65660660,Arya Sodhi,Gangtok,2023-08,Regular,12,749.66
64162093,Nakul Mall,Korba,2024-04,Premium,6,413.3
91243571,Ojas Deep,Navi Mumbai,2023-12,Inactive,12,1569.19
22133362,Samesh Dixit,Anantapuram,2024-08,Inactive,18,482.2
49915498,Harini Mangal,Jalandhar,2023-05,Premium,2,950.88
38018949,Jeet Pandey,Farrukhabad,2024-09,Premium,17,1873.34
93321933,Xalak Sangha,Ozhukarai,2024-03,Inactive,10,566.42
10508763,Anamika Issac,Ratlam,2023-12,Premium,6,992.26
37362180,Praneel Mangat,Visakhapatnam,2023-08,Regular,11,1638.66
8881320,Tanmayi Sem,Uluberia,2024-10,Regular,7,1268.54
25447967,Udyati Sani,Rajkot,2023-09,Regular,18,876.56
64197854,Krishna Ramanathan,Bellary,2023-10,Regular,17,1231.67
34074184,Nakul Din,Bangalore,2024-03,New,18,1988.77
95873651,Shivani Divan,Ballia,2024-06,Inactive,14,536.02
90150193,Advik Rajan,Buxar,2023-07,Inactive,18,783.69
39717448,Om Korpal,Jorhat,2023-06,New,1,210.18
63948546,Samesh Dass,Bhubaneswar,2024-01,Regular,20,1745.12
9900288,Jasmit Pall,Gulbarga,2024-01,Regular,10,1315.84
38496400,Dhruv Bakshi,Bathinda,2024-03,Premium,11,1402.36
27692428,Warjas Tara,Chennai,2024-05,Regular,11,1889.95
65903057,Krishna Shroff,Uluberia,2023-04,Regular,14,1181.71
43990799,Indrajit Singh,Dindigul,2024-02,Regular,6,495.41
42208242,Farhan Tata,Danapur,2023-11,Regular,19,1222.25
44776601,Krisha Sood,Durg,2024-05,Regular,15,1278.59
6724509,Guneet Brahmbhatt,Munger,2023-04,New,13,1966.44
59222551,Urmi Parekh,Jamshedpur,2023-08,Inactive,10,1569.86
44888581,Rehaan Samra,Ballia,2023-03,Inactive,3,392.37
96729650,Yochana Ravel,Ahmednagar,2024-05,Inactive,2,847.93
39957741,Siddharth Sibal,Bellary,2023-11,Inactive,11,1769.15
24104630,Jonathan Deo,Jaipur,2024-01,Premium,13,448.52
96434674,Yashawini Kota,Anantapur,2023-11,Inactive,11,1663.53
14255231,Advika Taneja,Surendranagar Dudhrej,2023-06,Inactive,17,1055.6
83412446,Libni Kunda,Avadi,2023-05,Inactive,13,1935.31
11493380,Jhalak Peri,Madurai,2023-04,Regular,16,422.74
48821170,Hredhaan Bajaj,Jalgaon,2023-10,Inactive,12,1321.76
19145354,Shivani Deo,Rohtak,2023-05,Inactive,11,963.35
76830090,Harshil Dey,Panipat,2024-04,New,4,821.83
81808190,Qasim Sharma,Bhusawal,2023-07,Inactive,1,796.97
40986000,Charles Gara,Karnal,2023-10,Premium,20,223.79
60495351,Henry Rana,Srikakulam,2023-04,New,11,407.03
39261715,Reva Bhatnagar,Patna,2023-12,Premium,19,1974.33
63793401,Frado Ramakrishnan,Kavali,2024-03,Regular,2,1901.32
27746432,Eesha Rajagopal,Bangalore,2023-07,Inactive,10,1261.35
51670882,Krishna Hans,Dehradun,2024-09,Inactive,11,1351.67
61020,Onkar Suresh,Kurnool,2024-07,New,19,1703.16
46802633,Champak Subramaniam,Bettiah,2024-02,Premium,6,617.22
63083547,Aarav Mander,Jhansi,2023-12,Regular,10,900.07
17106161,Gagan Prabhakar,Shimoga,2024-05,Inactive,9,331.15
54797119,Anusha Patel,Bilaspur,2023-12,Premium,14,1673.74
62721353,Jagdish Bora,Danapur,2024-10,Regular,13,992.9
40587811,Jeevika Rajagopalan,Adoni,2023-12,Inactive,5,724.63
25520143,Rajata Ahuja,Berhampur,2024-01,New,10,1133.1
81377917,Nachiket Panchal,Maheshtala,2023-04,Inactive,16,739.14
49433260,Abhiram Wason,Hospet,2024-05,Premium,17,307.03
40117357,Jai Murty,Imphal,2023-03,New,16,753.81
81102955,Pushti Naidu,Bhiwani,2024-07,Premium,16,1403.68
40192266,Vasana Dhar,Bhopal,2024-03,New,19,1893.6
51669263,Odika Manda,Avadi,2023-09,Inactive,2,1698.87
85831746,Girindra Basak,Bahraich,2023-09,Regular,18,952.61
97466783,Harita Mangat,Kota,2023-04,Premium,8,952.96
23982977,Charita Rama,Salem,2023-07,New,2,1863.55
79695653,Yash Hans,Sonipat,2023-08,Regular,11,728.65
83577942,Oviya Rau,Shivpuri,2024-08,New,16,866.2
44149982,Tara Uppal,Yamunanagar,2023-08,New,7,1224.69
46686696,Wazir Seth,Thoothukudi,2024-03,Premium,7,968.93
12184293,Dayita Mand,Phagwara,2023-06,Inactive,7,1811.32
19084027,Mitesh Sehgal,Unnao,2023-07,New,20,908.28
77559557,Akshay Varty,Madurai,2023-08,New,9,601.15
34713143,Ganga Sabharwal,Jehanabad,2024-08,Premium,16,1380.2
75073623,Yashvi Bansal,Kumbakonam,2024-05,New,19,1042.05
12415659,Damini Wagle,Ambala,2024-05,New,10,1786.5
5277675,Vansha Deol,Ghaziabad,2024-10,Premium,9,1312.8
81420960,Warda Chanda,Hazaribagh,2023-05,Inactive,2,269.4
97144544,Indali Toor,Guna,2024-08,Regular,12,1754.04
6856445,Meghana Mangal,Darbhanga,2024-01,New,5,1932.51
70363568,Ekavir Sunder,Shahjahanpur,2023-08,New,13,1632.23
10019218,Elijah Brar,Parbhani,2023-08,New,7,560.14
12799092,William Sarkar,Unnao,2024-05,Inactive,5,557.19
12507907,Maanas Dugal,Nangloi Jat,2023-11,Regular,19,1278.01
29584848,Lucky Chada,Dehri,2024-10,Premium,11,1212.04
27955158,Abeer Kamdar,Shivpuri,2024-03,New,13,1659.73
13651980,Abhiram Basak,Ranchi,2023-05,Inactive,12,308.29
90246977,Yuvraj Chacko,Tiruchirappalli,2023-05,Premium,1,1375.17
91614690,Chaman Yohannan,Nandyal,2023-06,Premium,18,289.7
92027021,Chatura Natt,Ballia,2024-10,Inactive,5,1279.72
11493300,Yatan Bedi,Durg,2024-07,Regular,18,1025.67
77862447,Tejas Doshi,Bally,2023-07,New,3,721.04
47503133,Mitesh Rajan,Chapra,2024-10,Inactive,12,1614.04
65745775,Aryan Mangal,Buxar,2023-12,Inactive,4,1021.23
89867195,Akshay Comar,Tumkur,2023-10,Premium,10,409.49
6247821,Mekhala Vora,Panvel,2023-07,Regular,15,1832.58
73393269,William Varughese,Ajmer,2024-06,Regular,8,1615.2
48716374,Chaman Merchant,Hapur,2023-05,Premium,20,1475.82
78614729,Finn Goswami,Tiruvottiyur,2024-09,New,10,1786.91
20238921,Shivani Kumer,Thiruvananthapuram,2023-09,Premium,8,1298.79
84066402,Lucky Dar,Amritsar,2023-10,Regular,7,794.76
60271325,Michael Chopra,Malegaon,2024-05,New,8,356.62
40692378,Chatresh Rastogi,Jabalpur,2024-09,New,9,1782.4
469006,Shivansh Loyal,Begusarai,2023-08,Inactive,2,1393.2
41811800,Sneha Bahl,Jaunpur,2023-10,Regular,6,1410.59
87107263,Lakshmi Arora,Vijayawada,2024-10,Inactive,9,1659.56
89619421,Urvi Maharaj,Rajpur Sonarpur,2023-11,Premium,5,1466.13
62828341,Darika Deol,Howrah,2024-06,Inactive,20,283.63
55738118,Jagrati Badami,Hapur,2023-12,Regular,11,1520.09
2684440,Hamsini De,Ranchi,2023-09,Premium,5,650.6
77811864,Urvashi Iyengar,Miryalaguda,2023-09,Premium,12,1712.29
43052303,Girik Mutti,Eluru,2023-06,Premium,19,1790.43
24478397,Jairaj Gill,Bidar,2024-03,New,14,829.36
22846435,Jackson Shenoy,Tezpur,2023-07,Inactive,12,1844.21
32868927,Anjali Lala,Karimnagar,2023-04,New,19,926.68
88312515,Kiaan Chhabra,Gandhinagar,2024-02,Inactive,10,544.71
33741801,Girindra Nadig,Ratlam,2024-01,New,16,1249.15
29502852,Andrew Vasa,Dibrugarh,2024-08,New,18,1995.37
75464725,Chavvi Sibal,Sambhal,2023-12,Inactive,20,1805.77
88745052,Leena Zacharia,Kumbakonam,2024-04,Regular,5,516.9
50632192,Omkaar Mander,Nadiad,2023-03,Premium,16,1096.83
81655250,Kashvi Rege,Madurai,2023-07,Regular,17,1399.67
29858395,Patrick Rout,Hospet,2024-09,Inactive,16,442.16
56572297,Rachita Wali,Ulhasnagar,2024-10,Inactive,10,1601.86
18140588,Orinder Malhotra,Jalna,2024-07,Regular,17,856.95
74352908,Ishaan Chad,Guntakal,2024-03,Inactive,13,1879.61
37633848,Samuel Banerjee,Kharagpur,2023-08,Premium,20,1237.57
19180962,Osha Varghese,Kalyan-Dombivli,2024-07,Inactive,19,622.08
75739462,Vasana Ganesh,Satna,2024-06,Premium,2,1474.27
47926198,Bhavini Kulkarni,Nandyal,2024-02,Regular,11,1408.42
57809174,Girindra Dara,Lucknow,2024-04,Premium,11,1898.72
21786873,Balhaar Ramesh,Lucknow,2024-03,Regular,3,1600.68
32564478,Ekbal Dubey,Kishanganj,2024-06,Premium,5,211.3
41168392,Sneha Rajagopalan,Silchar,2024-01,Premium,13,506.28
40305293,Tejas Parmer,Bhatpara,2024-09,Regular,10,614.48
91562028,Ayaan Kashyap,Noida,2024-10,Regular,9,1141.68
5754255,Radha Rana,Mango,2023-11,Inactive,1,1050.74
73891999,Vinaya Khatri,Sambalpur,2024-07,New,11,1681.91
91500615,Varenya Vala,Parbhani,2024-07,Premium,4,840.89
79742293,Faris Mohanty,Hajipur,2024-02,Regular,17,1608.81
71902700,Qarin Nazareth,Bhind,2024-02,Regular,10,824.31
78267238,Luke Bala,Warangal,2024-07,Inactive,1,301.21
16780752,Avi Soman,Begusarai,2023-12,Premium,20,1429.12
91312072,Joshua Rana,Jalna,2024-04,Inactive,4,1518.25
28458746,Dalaja Borde,Bulandshahr,2023-09,New,12,1998.49
57770044,Zarna Master,Ajmer,2023-11,Regular,10,934.08
2234490,Amara Gala,Singrauli,2024-08,Premium,8,1540.25
76202036,Ishita Patla,Gwalior,2024-03,Inactive,13,1118.75
45112520,Anamika Hayre,Rajahmundry,2024-06,Premium,1,499.85
30116949,Harshil Pathak,Nadiad,2023-08,Inactive,5,1535.47
16640907,Anjali Choudhary,Bhagalpur,2024-10,Regular,16,527.03
44174426,Girindra Nair,Salem,2024-07,New,20,1655.49
13939675,Edhitha Lal,Amroha,2024-04,New,18,783.47
33394166,Dakshesh Lad,Surendranagar Dudhrej,2024-10,New,10,282.63
45323391,Viraj Kota,North Dumdum,2024-03,New,2,1008.14
71411879,Aarav Mukherjee,Etawah,2024-10,Regular,4,1743.87
13585482,Meera Dara,Buxar,2023-07,Inactive,20,1475.52
40434527,Liam Nigam,Vellore,2024-06,Inactive,5,815.01
59830126,Raghav Iyengar,Howrah,2024-10,New,14,1799.47
12622901,Januja Kaul,Bareilly,2024-08,Inactive,3,870.68
3897936,Maanav Singh,Pudukkottai,2023-09,Premium,14,215.16
48281892,Teerth Mukherjee,Vellore,2023-04,New,6,1653.39
33370343,Yachana Bava,Ratlam,2024-07,Premium,20,999.04
40877127,Falak Sarraf,Ludhiana,2023-07,Premium,14,757.15
75081265,Gaurav Luthra,Nizamabad,2023-05,Premium,2,958.17
92118758,Yadavi Bhatt,Gorakhpur,2024-01,Regular,2,300.79
66766629,Harita Mander,Gulbarga,2024-02,New,16,504.76
89686431,Eta Dani,Dharmavaram,2024-08,Regular,11,1637.7
88517890,Anvi Swaminathan,Nizamabad,2024-08,Premium,10,1964.72
69761993,Udant Kade,Gangtok,2024-08,New,6,551.0
11562458,Parth Raghavan,Firozabad,2023-11,Regular,7,1409.32
57892837,Thomas Bail,Bally,2024-03,Premium,14,581.57
85474732,Waida Lanka,Allahabad,2024-01,Premium,1,941.76
62541176,Yutika Andra,Tirupati,2024-08,New,7,1691.37
31940833,Urmi Amble,Karawal Nagar,2023-07,New,4,1515.8
76212152,Mitali Kapoor,Agra,2024-10,Premium,13,1767.81
42366724,Quincy Kari,Saharanpur,2023-07,Inactive,20,1896.27
54619715,David Cherian,Panchkula,2024-10,Inactive,4,739.04
24896263,Nachiket Prasad,Amroha,2024-06,Regular,13,532.9
5700842,Waida Trivedi,Amravati,2024-09,Regular,3,514.06
73799927,Tamanna Kashyap,Ambala,2023-04,New,4,1121.27
12867472,Ishanvi Tripathi,Mehsana,2024-10,Premium,3,1053.52
97315135,Bhavini Parikh,Shivpuri,2024-01,New,19,1393.14
48150243,Ekaja Dube,Delhi,2023-11,Regular,13,262.6
19556566,Yashica Doctor,Tiruvottiyur,2023-11,Premium,20,664.17
59240916,Ronith Murthy,Faridabad,2023-08,Inactive,6,1202.51
61002154,Ridhi Datta,Imphal,2023-06,Regular,19,1526.04
81584486,Orinder Kurian,Hazaribagh,2024-01,Inactive,2,369.75
41494867,Kalpit Gulati,Bongaigaon,2023-12,New,15,240.17
75908967,Hemang Sama,Yamunanagar,2023-06,Regular,14,1095.58
38902882,Ria Dugar,Firozabad,2024-03,Inactive,17,1583.52
52048413,Keya Balakrishnan,Jalna,2023-10,Inactive,20,1449.1
99412119,Samarth Sachar,Agartala,2024-05,New,17,653.57
47625855,Caleb Brar,Mango,2023-05,New,6,515.69
19393135,Nathaniel Gokhale,Bidhannagar,2023-06,Regular,19,327.58
87669943,Ikshita Rajagopalan,Nandyal,2023-04,Inactive,1,1272.95
90586443,Baljiwan Pandey,Ambala,2023-08,New,2,1637.32
15066187,Vedant Keer,Jammu,2023-03,Regular,13,791.67
78806824,Yashawini Vasa,Guntakal,2024-01,Premium,20,1027.41
59110513,Chaaya Mody,Raebareli,2023-06,Inactive,12,1377.27
64823226,Vasudha Sheth,Tirupati,2023-04,Premium,5,614.1
49529811,Zayyan Swaminathan,Pimpri-Chinchwad,2024-05,Regular,13,1595.6
18199057,Xalak Sahni,Ratlam,2023-05,Inactive,9,1353.93
17805991,Jhalak Rai,Dhule,2024-05,New,10,924.9
56441247,Aashi Narula,Meerut,2024-06,Premium,18,1667.94
91228580,Ojasvi Yadav,Mangalore,2024-05,Regular,3,330.22
35435896,Abhiram Tiwari,Dehradun,2023-09,Premium,9,338.62
6867315,Yash Lata,Imphal,2024-08,Premium,1,1766.24
54837637,Nathaniel Som,Ichalkaranji,2023-09,Regular,9,1525.43
76257013,Lavanya Loyal,Mango,2023-08,New,16,1812.15
11478478,Vedika Dugal,Ahmednagar,2023-10,Inactive,17,762.82
91347159,Turvi Parikh,Pallavaram,2024-06,Premium,6,887.04
6982488,Vanya Sachdev,Jalna,2024-01,New,4,1819.01
38327793,Yug Brar,Nandyal,2024-05,Inactive,12,1924.53
64722323,Harish Kant,Dibrugarh,2023-05,New,7,1785.47
19523856,Aryan Sood,Thoothukudi,2023-11,Premium,6,1084.14
8628482,Krishna Mani,Bhiwandi,2023-12,New,9,1726.44
58979427,Kiaan Wason,Jalna,2024-01,Premium,3,1743.81
26716400,Yamini Dey,Morena,2023-07,Premium,19,1179.28
89998489,Logan Bhasin,Rajkot,2024-10,Premium,19,1297.04
15808945,Vrinda Khurana,Gangtok,2024-04,New,6,1255.9
60728956,Andrew Nigam,Khandwa,2023-06,Premium,15,1764.25
25430839,Ria Nair,Vellore,2023-09,New,15,885.48
80935110,Oscar Bir,Tumkur,2023-07,Regular,16,1855.7
70965437,Ayush Lanka,Alwar,2024-03,Inactive,17,1220.76
53557741,Robert Shroff,Hospet,2024-10,Inactive,10,1753.39
12832151,Ekavir Bhalla,Baranagar,2023-07,Inactive,16,356.96
188838,Idika Basu,Madanapalle,2024-07,Inactive,12,799.11
56780331,Vinaya Atwal,Gaya,2024-04,Premium,8,903.37
43574734,Falak Magar,Rourkela,2024-05,New,5,551.29
53392567,Darika Banerjee,Aligarh,2024-04,Regular,18,398.91
20310720,Samaksh Chaudhuri,Bhubaneswar,2023-04,Regular,9,1677.91
59427862,Hemani Lall,Erode,2024-10,Premium,1,1713.94
99695529,Charvi Tripathi,North Dumdum,2023-04,New,12,1751.77
1134585,Bhavani Rau,Ghaziabad,2024-02,Regular,8,1975.21
65488134,Faqid Kar,Agra,2023-04,New,12,853.49
96461062,Udarsh Lal,Hosur,2023-05,Regular,14,1612.31
57637943,Kiaan Kala,Amroha,2024-03,Premium,13,1865.94
49371494,Zansi Banik,Kanpur,2023-12,Regular,18,701.13
75038062,Udarsh Bail,Avadi,2024-05,New,19,1882.45
17299810,Hamsini Krish,Kadapa,2024-03,New,13,1874.42
82032191,Benjamin Bhatnagar,Satara,2024-02,New,17,387.14
52417972,Nisha Chadha,Madhyamgram,2024-03,New,1,581.78
9049965,Ishani Kalla,Raichur,2024-04,New,3,1390.06
70420271,Ryan Ratta,Bhusawal,2023-12,New,19,680.28
19536688,Parth Ramaswamy,Tiruppur,2023-09,New,4,1346.03
72359843,Leena Kala,Kalyan-Dombivli,2024-09,Premium,18,888.43
9981089,Ikbal Hari,Proddatur,2023-10,Premium,1,402.74
62510499,Pratyush Trivedi,Kozhikode,2024-08,Premium,16,510.62
34835738,Vrinda Mutti,Jalna,2023-08,Premium,9,1210.36
9641623,Samarth Chander,Kota,2023-09,Premium,3,1515.02
60275891,Anmol Chandra,Amaravati,2024-10,Regular,16,1361.94
78750264,Krishna Choudhry,Ratlam,2024-09,Inactive,7,1664.82
18986315,Adweta Wason,Bidhannagar,2023-04,Premium,19,854.26
10945990,Frado Keer,Burhanpur,2024-03,New,5,1337.11
1601161,Chanchal Thakur,Amaravati,2024-05,Inactive,1,589.31
6390687,Shivansh Dasgupta,Alwar,2024-08,Regular,5,1340.79
63092485,Jeet Magar,Alappuzha,2024-06,Premium,11,1295.42
38244021,Samaksh Oza,Chapra,2024-04,Inactive,13,1326.66
44859592,Dhriti Koshy,Proddatur,2023-10,New,19,1283.05
87984862,Qasim Kant,Yamunanagar,2023-11,Premium,14,1034.45
86067293,Udarsh Gour,Sambalpur,2023-06,Inactive,4,873.53
41164215,Lucky Savant,Secunderabad,2023-03,Premium,15,1304.24
46025543,Rachit Chatterjee,Kottayam,2023-11,Premium,16,1273.07
33481252,Ishaan Naidu,Noida,2024-08,Premium,8,1438.75
68692574,Bachittar Wagle,Bharatpur,2024-08,Inactive,13,1503.93
34839913,Gaurika Dayal,Belgaum,2024-08,Regular,4,1706.89
88923048,Nandini Narula,Agra,2024-07,Premium,4,1202.89
21201299,Ladli Hegde,Unnao,2024-05,New,19,1488.68
34281470,Yash Johal,Kharagpur,2024-01,Premium,11,1787.82
72576730,Girik Kala,Chennai,2024-02,Regular,5,1971.67
90856813,Neha Ramaswamy,Dhanbad,2024-10,Regular,13,1624.06
81500385,Upma Gokhale,Ludhiana,2023-11,New,12,772.64
22974816,Ekantika Muni,Bhusawal,2024-01,Premium,1,865.72
20496835,Chandresh Panchal,Alwar,2023-12,New,17,1240.91
38549299,Ati De,Asansol,2023-08,Regular,4,234.63
78014505,Kashish Chakraborty,Kottayam,2023-04,New,1,696.29
64940409,Yoshita Divan,Gurgaon,2024-09,Inactive,9,882.89
30042971,Garima Morar,Rewa,2024-10,Regular,8,863.9
74682740,Aarush Badami,Rewa,2024-06,Regular,10,1507.28
84824280,Kamya Narayan,Ongole,2024-05,Inactive,17,1752.91
85907588,Avni Rai,Rampur,2024-03,Inactive,5,505.34
6637282,Damini Lad,North Dumdum,2023-10,Inactive,15,1495.87
21432404,Darika Sharaf,Kalyan-Dombivli,2024-02,Inactive,17,1482.59
87954926,Yachana Mahal,Ambala,2024-02,Premium,12,1245.07
29941225,Oviya Bhandari,Chapra,2024-06,Premium,3,689.11
68906393,Zilmil Ranganathan,Jalgaon,2024-06,Regular,13,1094.35
94486311,Ladli Mani,Chittoor,2023-08,New,16,1812.66
28221067,Ekansh Tandon,Agra,2024-10,Regular,6,998.95
3872421,Ladli Saran,Panvel,2023-07,Premium,3,1468.98
77921718,Raghav Bassi,Thrissur,2023-11,Premium,3,1952.17
6187807,Jairaj Tata,Dindigul,2023-08,New,10,1962.92
96795047,Osha Desai,Chittoor,2024-05,New,15,1834.19
44198187,Charvi Lanka,North Dumdum,2024-03,Regular,13,464.33
94730288,Idika Bath,Rampur,2023-07,Regular,17,1560.64
49769532,Yashawini Barman,Ramagundam,2023-05,Premium,20,1923.39
93730857,Pratyush Goyal,Singrauli,2024-03,Premium,6,1446.09
51556553,Hitesh Bakshi,Noida,2024-02,Premium,6,1765.93
22253483,Chandresh Hora,Haridwar,2023-09,Inactive,15,1561.12
4438410,Siya Mittal,Panipat,2024-10,Inactive,11,1868.71
44410149,Dhruv Patel,Pondicherry,2023-05,New,14,1440.46
3282647,Warda Pal,Unnao,2024-01,Premium,18,608.27
69340015,Aryan Ravel,Tenali,2023-10,Premium,16,1168.22
29600229,Tamanna Borde,Gulbarga,2024-01,Inactive,18,1491.65
89886179,Ladli Shah,Kharagpur,2024-02,Inactive,4,1298.64
12077371,Gautami Maharaj,Sambalpur,2023-10,Premium,20,353.22
84216691,Ayaan Sanghvi,Saharanpur,2023-03,Inactive,13,1220.9
90666073,Pratyush Dhar,Farrukhabad,2023-12,Inactive,20,1969.45
21577948,Madhav Johal,Ahmednagar,2023-11,New,17,225.6
32635818,Panini Natt,Loni,2024-03,Regular,12,603.0
98444183,Radha D’Alia,Tenali,2024-02,Regular,11,389.36
43047341,Unnati Wali,Jaunpur,2023-09,Regular,18,1086.42
52617081,Max Mander,Raurkela Industrial Township,2024-07,Inactive,10,996.94
60371334,Shaurya Kuruvilla,Purnia,2023-05,Inactive,15,355.81
34425723,Vasatika Saini,Saharanpur,2023-09,Regular,14,873.22
64298209,Girindra Sangha,Jodhpur,2023-06,Regular,10,311.25
85518832,Alexander Sem,Tezpur,2023-07,Premium,19,205.79
42432226,Gaurang Mitra,Gandhinagar,2023-08,Premium,5,608.34
50953418,Samaksh Kannan,Rajpur Sonarpur,2023-03,Regular,11,404.6
52428250,Thomas Rai,Bulandshahr,2023-09,New,4,1925.08
60210778,Upasna Bhasin,Motihari,2024-04,Regular,4,938.8
92209869,Bishakha Shah,Jhansi,2023-10,Regular,19,483.76
46828932,Balveer De,Eluru,2023-04,Premium,4,391.22
83304462,Diya Loyal,Jamnagar,2024-01,Premium,8,723.86
46875863,Charita Anne,Bidar,2023-10,Regular,8,1118.55
36774480,Ria Jha,Gandhidham,2024-09,Regular,6,1470.93
18896771,Tejas Wable,Ramagundam,2023-05,Inactive,12,1906.46
89669139,Bishakha Natarajan,Tiruppur,2023-03,Premium,6,1999.64
81337068,Ira Kapur,Thiruvananthapuram,2024-01,Regular,10,1509.04
75082508,Omaja Bajwa,Navi Mumbai,2024-01,Premium,10,961.81
84847500,Teerth Mohanty,Bally,2024-08,Inactive,9,1832.51
79942821,Tristan Pillay,Madhyamgram,2023-09,Premium,19,1652.35
62679120,Ekansh Padmanabhan,Siwan,2024-09,Regular,14,1964.18
54850870,Jatin Magar,Panipat,2024-04,New,6,894.79
50105174,Tanveer Baria,Malda,2023-09,Premium,11,1889.81
45700739,Luke Dar,Visakhapatnam,2024-08,Inactive,17,509.95
25081012,Mohammed Oak,Baranagar,2023-12,New,1,963.43
57566548,Oliver Tella,Arrah,2023-05,Regular,14,1058.02
49449238,Omaja Mukhopadhyay,Dindigul,2024-06,Inactive,4,1878.39
31156674,Aarav Jaggi,Jamnagar,2024-04,Inactive,3,1552.42
50088518,Osha Lata,Dewas,2023-05,Regular,14,509.41
75836905,Ganga Gill,Ongole,2023-12,Inactive,4,817.25
86487478,Ojas Gour,Machilipatnam,2024-01,Premium,20,1241.57
93370787,Oni Sahota,Jehanabad,2024-10,New,10,1810.06
16400639,Anvi Dutta,Pallavaram,2023-09,Premium,5,680.48
87943214,Samar Basak,Tiruvottiyur,2024-09,Inactive,10,476.03
21409946,Ayushman Agrawal,Bhilwara,2024-03,Inactive,2,1428.68
56604077,Yutika Pandit,Ghaziabad,2024-01,Regular,14,474.26
88571088,Keya Krishnan,Bulandshahr,2024-10,Inactive,10,1000.27
54099929,Devika Hans,Karnal,2023-10,New,7,1712.59
68714053,Max Boase,Nanded,2024-07,New,18,1474.77
5751638,Xiti Wagle,Aligarh,2024-09,New,14,1230.38
43431724,Jack Kalita,Rohtak,2023-11,New,2,813.0
81136091,Yuvraj Chander,Nanded,2024-03,Regular,15,1205.96
38671747,Falan Acharya,Rajahmundry,2023-11,New,16,1681.18
23095784,Alka Mitra,Bathinda,2023-05,Premium,3,1470.2
91291123,Qarin Sama,Etawah,2024-02,New,15,1952.01
10729474,Gautami Pingle,Howrah,2023-10,New,16,417.3
96373206,Garima Magar,Indore,2023-06,Regular,9,1235.13
93198324,Bhavya Dutta,Thane,2023-11,Inactive,11,1742.23
95590889,Janani Purohit,Kharagpur,2023-06,Inactive,7,582.01
85177880,Aryan Sridhar,Bardhaman,2024-01,Regular,9,1823.25
10524732,Bhavna Ramesh,Rajahmundry,2023-11,Regular,18,1830.92
22931642,Lajita Ghosh,Ambala,2024-10,New,18,649.19
5901440,Faris Chopra,Sambhal,2024-05,Premium,8,761.17
6617417,Pavani Talwar,New Delhi,2024-10,Inactive,20,1785.99
92306841,Dakshesh Kalita,Rampur,2024-02,New,10,1915.85
89361574,Nakul Goyal,Deoghar,2023-10,Regular,14,315.31
93723634,Aditya Swamy,Berhampur,2023-03,Premium,4,1992.05
75490147,Parth Chad,Vadodara,2023-03,Inactive,2,497.56
45650429,Zehaan Soni,Ramgarh,2023-03,Premium,12,421.21
59323931,Ridhi Yadav,Bijapur,2024-08,Inactive,14,1239.32
77397957,Sachi Dubey,Coimbatore,2024-02,New,14,1913.71
23976957,Ryan Sawhney,Visakhapatnam,2023-08,New,6,755.84
70543108,Baljiwan Sampath,Rajahmundry,2024-09,Regular,6,1354.97
20689141,Maya Yohannan,Korba,2024-05,Premium,19,995.55
72797139,Ucchal Kapoor,Dhule,2023-07,Regular,5,492.0
75467328,Warhi Ravel,Siliguri,2023-04,Inactive,14,691.64
69276352,Jason Goel,Mysore,2023-05,Inactive,2,1425.64
39876773,Hardik Sethi,Mirzapur,2024-10,Premium,17,879.54
36998375,Yatin Mammen,Tirupati,2024-05,Inactive,11,1231.91
97185284,Jeevika Nayar,Haldia,2023-11,Regular,2,1599.26
23126356,Oliver Kaur,Bhopal,2024-05,Inactive,7,1580.04
93803038,Adweta Tara,Dhule,2024-10,Premium,11,1018.05
1697604,Arjun Deep,Bongaigaon,2023-07,Regular,6,1970.15
53332493,Anirudh Bose,Surendranagar Dudhrej,2023-06,New,19,1678.4
35812567,Xalak Sood,Bikaner,2024-06,Regular,6,1313.89
74172010,Urvi Rajagopalan,Tadipatri,2023-05,Inactive,3,1963.77
89157395,Tanmayi Saraf,Fatehpur,2024-09,Premium,6,1782.61
79991320,Ojas Bawa,Kumbakonam,2024-03,New,5,537.94
15568831,David Swamy,Jammu,2023-10,Premium,7,813.3
46563355,Zehaan Srinivasan,Ajmer,2024-02,Premium,19,463.08
9278983,Madhav Guha,Bathinda,2024-02,Inactive,17,1418.32
70168151,Akshay Dubey,Jamalpur,2024-09,Regular,8,493.64
96149069,Omisha Pall,Ozhukarai,2024-05,Regular,19,346.93
22822088,Baghyawati Wadhwa,Amravati,2023-08,New,11,293.88
1449273,Forum Deol,Pondicherry,2023-12,New,12,1758.24
97388817,Yahvi Bala,Bathinda,2024-06,Regular,1,1161.94
18567760,Ethan Natarajan,Fatehpur,2024-05,Regular,13,1933.7
12695670,Anya Borde,Jaipur,2023-09,Premium,10,910.12
33871107,Aarav Rout,Thiruvananthapuram,2024-11,Inactive,8,513.07
49869358,Varenya Nigam,Dharmavaram,2024-05,Regular,16,1002.95
96806748,Qabil Nath,Bareilly,2024-10,New,14,1482.08
82948843,Nathan Seth,Phusro,2023-05,Regular,13,1629.2
79866758,Chavvi Dhar,Malda,2023-04,Inactive,14,598.03
9335625,Falguni Sangha,Coimbatore,2024-07,Premium,14,1605.95
28876580,Udant Doshi,North Dumdum,2023-12,Inactive,15,476.34
91768226,Vansha Walia,Bardhaman,2023-11,Regular,11,203.02
56457995,Turvi Venkataraman,Amroha,2024-01,Inactive,6,1002.88
23844919,Jagvi Bhatt,Bhagalpur,2024-07,Regular,9,1890.71
81088747,Peter Wagle,Ujjain,2024-06,Regular,3,1238.99
85854265,Vasatika Naidu,Vijayanagaram,2024-06,Premium,9,1492.09
73363613,Aradhana Bala,Gopalpur,2023-04,Premium,3,400.0
64141971,Madhavi Jaggi,Anantapur,2023-06,Premium,11,361.98
70867736,Madhavi Nagarajan,Ambattur,2024-05,Premium,17,574.18
52678787,Zashil Salvi,Ghaziabad,2024-01,New,9,1444.39
27586115,Maanas Batra,Jamnagar,2023-11,Inactive,1,1908.19
92404798,Gautami Dayal,Jorhat,2023-03,New,15,1130.02
55170753,Praneel Nagy,Miryalaguda,2024-05,Inactive,19,1414.63
19182548,Laban Kulkarni,Bijapur,2023-03,Regular,16,636.15
67701771,Gaurav Sodhi,Mathura,2023-11,Premium,9,550.5
75828735,Yahvi Hegde,Ramagundam,2023-05,New,18,1400.05
2219590,Upadhriti Sandhu,Solapur,2024-09,Regular,20,756.84
64497538,Libni Chadha,Bongaigaon,2024-01,Premium,13,1338.69
48033969,Kavya Kunda,Baranagar,2023-08,Premium,1,717.51
67708491,Dalbir Kata,Patiala,2024-10,Inactive,10,586.96
80858127,Rachana Chaudhry,Raichur,2024-08,Premium,10,1703.39
28280172,Gaurang Dutta,Amravati,2023-06,Premium,14,968.95
6398761,Kabir Kala,Naihati,2024-08,Inactive,2,1701.15
69749541,Ayush Amble,Satara,2023-06,Premium,1,1412.58
57474553,Damini Sule,Moradabad,2023-09,Regular,1,300.82
37551429,Diya Chand,Khandwa,2023-03,Regular,6,1136.03
949062,Jackson Karpe,Mau,2023-10,Inactive,19,1947.14
74174956,Hemani D’Alia,Latur,2024-09,Regular,20,1583.4
55007963,Darika Borah,Chennai,2023-08,New,10,1809.98
64017365,Vasatika Banerjee,Delhi,2024-05,Premium,2,1767.76
26199489,Aarna Gola,Serampore,2024-07,Inactive,11,479.65
7288562,Triya Singhal,Dewas,2023-06,New,19,1982.78
78394303,Alexander Kata,Bilaspur,2023-07,Inactive,1,1590.54
43518622,Pooja Gole,Jaunpur,2024-05,Regular,5,512.48
60967677,Chatura Sandhu,Agartala,2023-05,Premium,11,398.48
35144658,Tristan Gulati,Bilaspur,2024-01,Premium,8,433.11
37054866,Avi Sodhi,Guntur,2024-04,Regular,2,1503.54
3100301,Wazir Saini,Bathinda,2023-06,New,1,1530.27
62194279,Lavanya Rastogi,Mysore,2023-09,Premium,3,1561.41
43599910,Oviya Swaminathan,Sambhal,2024-10,Premium,8,939.36
36222767,Alka Behl,Mango,2023-05,Inactive,7,478.18
91320466,Laban Raju,Yamunanagar,2023-10,Premium,8,478.45
30468930,Nirja Manda,Gandhinagar,2024-05,Regular,6,1449.81
45503888,Brinda Natarajan,Raurkela Industrial Township,2023-05,Premium,5,669.46
85340038,Faris Oza,Noida,2023-08,Premium,10,1430.56
13796199,Pallavi Mutti,Deoghar,2023-05,Regular,20,1016.92
10769994,Tripti Tandon,Begusarai,2023-05,Regular,10,1122.23
65406127,Anita Ganguly,Nangloi Jat,2024-06,Premium,20,1391.48
8383197,Nikita Ravi,Tiruppur,2023-10,New,16,1440.12
8384106,Urishilla Upadhyay,Hubli–Dharwad,2023-08,Premium,8,1853.96
27698051,Mitesh Savant,Gandhinagar,2023-07,Premium,19,978.81
56352626,Liam Palan,Nagercoil,2023-06,Regular,10,1574.59
41194825,Mekhala Shah,Singrauli,2023-10,Regular,19,1678.77
62526567,Chaman Karan,Chittoor,2023-07,Premium,15,1976.82
67277562,Arunima Borde,Ghaziabad,2023-11,Inactive,10,1951.59
48228547,Anika Baria,Katihar,2024-07,Inactive,9,753.89
36578947,Ekansh Madan,Ranchi,2023-04,New,18,1698.54
21701991,Wazir Hari,Allahabad,2023-10,New,5,1114.5
20469626,Tanish Ghose,Guntakal,2023-12,Regular,9,1250.28
20314691,Raksha Bhattacharyya,Salem,2024-07,Inactive,2,282.92
91778474,Sai Raman,Kalyan-Dombivli,2024-02,Regular,20,280.67
83964902,Jeremiah Keer,Bhimavaram,2023-11,Regular,2,536.01
92455970,Bhavna Chada,Navi Mumbai,2024-06,Inactive,10,1413.21
52001314,Libni Manda,Kota,2024-04,Premium,7,1081.06
72917958,Guneet Sampath,Sirsa,2023-12,New,6,1772.67
88739922,Harrison Yogi,Madurai,2024-03,Regular,4,1563.61
59297955,Charita Mistry,Orai,2024-02,Premium,6,1292.83
99490786,Ayush Biswas,Kishanganj,2023-09,New,15,1097.78
54877984,Ubika Basak,Visakhapatnam,2023-05,Inactive,14,736.62
62243869,Vrishti Thakkar,Raebareli,2024-09,Premium,7,257.78
19067680,Rajata Mall,North Dumdum,2023-12,New,18,410.34
61753272,Ojasvi Dash,Anantapur,2024-08,New,3,832.17
34567918,Meghana Ranganathan,Latur,2024-10,Inactive,13,271.49
20163931,Gautami Doshi,Kumbakonam,2024-08,Regular,5,404.55
69088723,Triveni Nori,Hapur,2024-10,New,8,1050.74
27620326,Chasmum Sahni,Tezpur,2024-07,Regular,1,1126.02
71321741,Adya Virk,Saharsa,2024-02,Regular,18,1734.32
10855630,Anya Rajagopal,Rajahmundry,2024-06,Premium,15,1447.55
24137201,Jyoti Grewal,Haridwar,2024-09,New,2,1399.08
31776996,Bhavya Shankar,Madanapalle,2024-04,New,12,872.26
48167795,Charita Kapoor,Visakhapatnam,2023-11,New,13,1355.09
62419778,Frederick Subramaniam,Jamnagar,2024-08,Premium,12,1083.95
75510747,Shaurya Luthra,Fatehpur,2024-03,New,7,555.18
99406165,Yadavi Tiwari,Purnia,2024-01,Premium,10,1465.58
84572019,Jagrati Baral,Burhanpur,2023-11,Inactive,14,1067.89
70391758,Meghana Palan,Tezpur,2023-06,Premium,4,1961.01
5135207,Xalak Mittal,Moradabad,2023-08,Premium,3,1438.23
60834500,Rishi Jain,Khammam,2024-10,Inactive,1,1111.47
96629034,Raghav Nayak,Hyderabad,2024-04,Premium,10,839.31
5418547,Qushi Devi,Pune,2023-08,Regular,20,1693.63
32540616,Jairaj Sehgal,Nellore,2024-03,New,5,1614.27
70798876,Amaira Sane,Dhanbad,2024-10,New,16,1154.75
79895967,Hema Luthra,Chennai,2024-05,Regular,8,1829.16
44477365,Nihal Buch,Katihar,2024-07,Regular,18,292.43
72889295,Samuel Pal,Sasaram,2024-05,New,18,1965.81
66886852,Ubika Chand,Korba,2024-03,Inactive,19,1546.79
9195970,Riya Uppal,Karawal Nagar,2024-06,New,14,517.58
60049160,Abdul Nayak,Bardhaman,2023-09,New,5,911.68
61522288,Gunbir Kala,Tiruppur,2023-07,New,8,283.36
90448312,Chandani Tata,Panihati,2024-05,Inactive,10,1678.01
86748343,Faris Pillay,Sultan Pur Majra,2024-03,Premium,16,1799.33
91791128,Warda Mand,Allahabad,2024-03,Regular,6,211.88
57548210,Alka Varughese,Erode,2024-09,Inactive,10,709.43
5369136,Yasti Wagle,Ambala,2024-09,Regular,8,311.45
54038173,William Palan,Jehanabad,2023-11,Premium,17,1914.26
67528368,Anay Rana,Suryapet,2023-04,Premium,13,1897.75
25981385,Chasmum Deol,Kakinada,2023-10,New,15,1484.06
10088428,Tara Raghavan,Khammam,2024-01,Premium,15,806.54
57833505,Pooja Nadkarni,Thrissur,2024-01,New,5,1832.55
69416782,Gagan Goel,Bijapur,2024-06,Regular,8,646.2
2114782,Brinda Jha,Solapur,2023-05,Premium,3,1354.66
40323385,Kai Sami,Bikaner,2023-11,Regular,9,1631.87
2414265,Ayushman Bala,Sultan Pur Majra,2023-10,New,6,571.92
21626705,Ekani Dubey,Bongaigaon,2023-11,Premium,16,655.46
8351747,Darika Kaul,Khammam,2024-09,Regular,7,651.7
67046342,Sanya Chacko,Vadodara,2023-09,New,6,207.69
6344788,Max Mandal,Bareilly,2024-02,Premium,9,1058.66
625395,Leena Loyal,Siliguri,2024-03,Premium,4,1794.26
33533919,Anamika Ghosh,Gulbarga,2024-10,New,3,678.24
58974323,Reva Bhavsar,Burhanpur,2024-06,New,20,1716.92
10686446,Onkar Ratti,Tadipatri,2023-07,New,18,1566.26
5228136,Oeshi Mallick,Ambarnath,2024-09,Premium,19,500.17
81046421,Jacob Narayan,Kalyan-Dombivli,2024-05,Inactive,6,484.37
13494314,Eesha Nadig,Mahbubnagar,2023-06,Premium,5,1108.16
19091057,Kalpit Kohli,Kozhikode,2024-03,Regular,9,1569.0
65963876,Vamakshi Talwar,Loni,2024-05,New,13,1714.99
48765625,Aradhana Ganguly,Bathinda,2024-03,Inactive,17,218.0
12500465,Barkha Chakrabarti,Phusro,2023-10,Premium,14,1758.5
68703613,Praneel Bir,Imphal,2023-11,Inactive,6,919.34
48284116,Bhanumati Pingle,Narasaraopet,2024-02,Inactive,17,1885.64
773410,Ladli Saha,Kota,2023-06,New,13,1694.79
32929817,Vedika Devi,Muzaffarpur,2024-08,Regular,4,468.78
83298567,Vansha Kuruvilla,Asansol,2024-10,Premium,14,763.1
97509888,Rushil Patil,Thanjavur,2024-06,Inactive,6,1011.59
31324823,Utkarsh Biswas,Fatehpur,2023-09,New,14,414.15
60319216,Lohit Narasimhan,Ahmedabad,2023-08,Premium,12,503.83
94552818,Pooja Lalla,Srinagar,2024-01,Inactive,2,1308.38
16410708,Zinal Bahri,Gudivada,2024-10,Regular,10,1843.17
84848018,Jackson Roy,Alappuzha,2023-06,Regular,19,557.81
31569754,Edhitha Kumer,Bilaspur,2024-02,Regular,6,845.41
31384626,Tanay Desai,Nangloi Jat,2024-06,Regular,13,600.95
98307019,Omya Magar,Bangalore,2024-10,New,17,913.21
55733729,Aarini Singhal,Anantapuram,2024-07,Premium,12,704.66
80269862,Bimala Chad,Silchar,2024-10,Premium,3,1265.19
90586029,Aarini Ray,Faridabad,2024-07,Regular,19,1460.86
4594944,Hardik Mane,Cuttack,2024-03,Inactive,12,857.13
78209683,Edhitha Barad,Jhansi,2024-02,Premium,1,1077.22
34588087,Tanmayi Vyas,Shimla,2023-05,New,11,1341.14
77614510,Girik Gopal,Sirsa,2023-03,Inactive,8,1877.93
35455991,Aryan Balakrishnan,Tezpur,2023-04,New,14,1984.56
99714944,Bhanumati Chauhan,Adoni,2023-10,New,18,708.5
63870636,Darpan Bhatia,Aurangabad,2023-04,Premium,1,497.93
55936462,Upkaar Mahajan,Berhampur,2023-04,New,5,338.13
211163,Hiral Baral,Satna,2024-06,Regular,9,1169.11
77618011,Bhavna Bath,Silchar,2024-05,Inactive,11,454.04
82700270,Hemal Bhavsar,Kishanganj,2024-08,New,10,1146.39
41181125,Bimala Samra,Mysore,2023-06,New,3,632.74
14458150,Kamya Ratta,Sambhal,2024-07,Premium,13,321.96
68965787,Ekavir Agate,Dhule,2024-10,Premium,19,1431.95
10951674,Anmol Lad,Guna,2023-04,Inactive,4,1590.36
15345667,Lila Chanda,Durg,2023-08,Premium,6,1574.77
8457972,Yauvani Gaba,Asansol,2024-02,New,16,1250.35
57207678,Yashodhara Mishra,Chandrapur,2024-08,New,17,1603.27
64151769,Teerth Mallick,Mysore,2024-05,New,14,1311.86
16786161,Maya Ram,Chandigarh,2023-11,Inactive,15,496.26
6992801,Yochana Nagy,Rajkot,2023-06,Premium,4,1270.33
92091019,Kai Subramanian,Kalyan-Dombivli,2023-09,Regular,10,1754.59
14519263,Edhitha Sawhney,Ajmer,2024-06,Premium,16,762.06
79169760,Benjamin Kant,Nagaon,2024-09,New,11,932.44
63238941,Vidhi Misra,Gwalior,2024-03,Regular,2,1374.76
9551011,Idika Chand,Navi Mumbai,2023-04,Inactive,7,1786.78
13581527,Jhalak Kalla,Hajipur,2024-06,New,10,1614.59
57523973,Darpan Rama,Suryapet,2023-09,New,2,1647.35
68941950,Ayushman Raghavan,Bhusawal,2024-07,New,8,210.86
97141762,Banjeet Goda,Agra,2024-07,Regular,2,1513.8
2558646,Vyanjana Dara,Bhusawal,2024-11,Premium,10,920.89
61121421,Aditya Sami,Tirunelveli,2024-01,New,14,1760.03
23380116,Neelima Mody,Jehanabad,2024-05,New,11,606.28
78961097,Irya Agarwal,Udupi,2024-04,Inactive,16,1375.64
11202130,Zehaan Lad,Bhilwara,2023-11,Premium,20,1202.1
8955057,Zashil Goyal,Bhubaneswar,2024-10,Regular,3,1549.99
22112867,Sanaya Chakrabarti,Bangalore,2024-08,Regular,6,204.58
5607734,Riya Batta,Jamshedpur,2024-09,Premium,8,603.44
98016334,Krishna Char,Howrah,2024-08,Regular,18,724.91
61024977,Krishna Manda,Dindigul,2024-03,New,18,699.89
40727086,Osha Brahmbhatt,Bijapur,2024-01,New,11,1573.7
96109948,Riya Wason,Shivpuri,2023-08,Inactive,20,1879.13
71176678,Garima Tata,Dhule,2024-05,Regular,20,669.58
16547602,Geetika Das,Nadiad,2023-04,Inactive,14,1240.96
37379797,Aashi Majumdar,Jalna,2024-08,Inactive,6,1167.45
37926207,Pahal Chaudhary,Eluru,2023-09,New,12,491.26
63451391,Amrita Kibe,Surendranagar Dudhrej,2024-03,Premium,7,731.46
62629494,Anamika Bali,Jorhat,2024-09,Premium,14,1504.45
13871547,Anthony Dhawan,Bhilwara,2023-06,Premium,8,200.43
1507408,Kai Gara,Bangalore,2024-03,Inactive,8,972.22
3638834,Falan Nayak,Warangal,2023-07,Premium,16,1142.06
32054313,Jai Char,Raurkela Industrial Township,2024-10,Regular,2,340.15
97678578,Jagat Hayre,Loni,2024-06,Regular,7,1531.63
75028268,Pahal Malhotra,Kirari Suleman Nagar,2023-11,Inactive,10,620.03
59930550,Anamika Wali,Agra,2024-04,Inactive,20,1680.48
23567263,Yatan Sem,Chinsurah,2024-08,New,14,231.38
65570302,Onveer Parsa,Deoghar,2024-10,Inactive,19,1322.32
94529626,Gavin Kaur,Pudukkottai,2023-12,New,17,1907.16
54338574,Yashodhara Gokhale,Guntur,2023-08,Premium,3,1875.03
14006996,Saumya Rau,Buxar,2023-07,Inactive,15,738.1
88324928,Geetika Nanda,Alappuzha,2023-03,Regular,13,340.65
77128325,Yug Mangat,Satna,2023-08,Regular,2,1483.92
44562310,Harsh Om,Warangal,2024-06,Inactive,3,483.87
32809328,Oeshi Raghavan,Chittoor,2024-02,Premium,19,1525.5
37288781,Kritika Narayan,Tadepalligudem,2023-08,New,1,1609.24
35049420,Udarsh Mangal,Madanapalle,2023-03,Regular,7,1660.54
10789681,Anvi Rajan,Dehradun,2023-06,Regular,17,1178.41
67918495,Aarav Gour,Ratlam,2023-10,Inactive,16,496.65
2667357,Nathan Kaul,Guntakal,2024-06,Premium,6,1516.67
7728406,Leela Bansal,Ranchi,2024-01,Inactive,2,1970.33
77961205,Yashica Handa,Burhanpur,2023-06,Premium,7,1445.85
28995786,Vanya Swamy,Bardhaman,2024-10,Inactive,20,1706.11
74762653,Varenya Sama,Kakinada,2024-01,Premium,9,1996.53
93563435,Siya Sandhu,Nagpur,2024-08,New,9,313.25
66768157,Om Khosla,Singrauli,2023-09,Inactive,3,502.9
98625898,Raagini Taneja,Raiganj,2023-10,Premium,14,1879.91
24107959,David Chowdhury,Howrah,2024-07,Regular,7,354.25
27824078,Caleb Ramakrishnan,Jalna,2024-09,Inactive,12,972.71
97174235,Ekapad Atwal,Hubli–Dharwad,2024-08,Regular,13,413.94
28394354,Yatin Mohanty,Kumbakonam,2024-03,Regular,19,1546.13
29689766,Pallavi Kala,Tenali,2023-03,New,14,967.01
44589829,Udyati Garde,Sagar,2023-09,Regular,4,1570.62
6959437,Rushil Prakash,Jammu,2024-07,Premium,14,1105.84
28173165,Gayathri Padmanabhan,Srikakulam,2023-08,Inactive,15,545.71
46564935,Ranbir Hegde,Muzaffarpur,2024-02,Inactive,5,536.94
77007315,Amara Lad,Satara,2023-11,Premium,10,1750.59
64403005,Ojas Sahota,Darbhanga,2024-07,New,12,524.48
28277304,Chaitanya Mann,Haridwar,2024-02,Inactive,14,1681.58
38568692,Guneet Ahluwalia,Silchar,2023-12,New,6,1082.93
90299101,Kamala Kakar,Akola,2024-06,Regular,7,291.45
77086539,Gayathri Kumer,Sangli-Miraj & Kupwad,2024-05,New,3,1591.27
16341776,Oviya Gera,Sikar,2023-07,New,6,964.4
62868582,Chaitaly Anand,Asansol,2024-04,New,11,1082.3
16435594,Aryan Ranganathan,Jorhat,2024-10,Premium,4,1273.0
24337950,Ishwar Chakraborty,Haridwar,2023-04,Inactive,20,1845.42
38728779,Reva Sem,Bulandshahr,2024-02,Regular,19,1294.04
3483295,Maya Nath,Imphal,2024-03,Inactive,5,1334.49
67908555,Brinda Bahl,Chittoor,2023-04,New,16,1746.83
45028365,Qarin Dass,Danapur,2023-11,Regular,5,518.33
19216141,Teerth Manda,Giridih,2023-05,Premium,9,1428.54
47590944,Ayushman Chawla,Bhubaneswar,2023-07,New,19,1163.84
72415263,Dakshesh Varughese,Pallavaram,2023-05,Regular,20,1914.18
97873848,Ladli Johal,Kavali,2023-10,Regular,18,1381.21
81541985,Panini Padmanabhan,Asansol,2023-04,Regular,17,894.34
57213543,Hema Natarajan,Gandhinagar,2024-10,Regular,14,1323.95
60620291,Upkaar Suresh,Karaikudi,2023-05,Regular,15,1791.39
34655710,Abeer Ravel,Katihar,2024-09,Inactive,1,1620.16
58415368,Frederick Virk,Shahjahanpur,2024-05,New,10,297.38
67402645,Bimala Barad,Phagwara,2023-03,Inactive,15,1084.93
2903620,Bahadurjit Rama,Proddatur,2024-05,New,11,1815.06
58115779,Bhavna Ramaswamy,Katni,2024-07,Regular,12,1569.04
40055711,Yug Mander,Rampur,2024-09,Inactive,11,278.97
9419030,Thomas Doctor,Avadi,2024-03,Inactive,1,340.77
75244116,Jai Suri,Gorakhpur,2023-10,Inactive,10,426.97
2566268,Arjun Ratta,Mysore,2023-12,Premium,16,1796.96
24496983,Vasana Sen,Kamarhati,2023-12,Regular,17,1262.44
7378768,Shravya Dada,Bellary,2023-05,New,8,698.59
33544355,Aarnav Nayak,Sri Ganganagar,2023-08,Premium,2,1083.95
98012339,Kai Kari,Anantapuram,2023-03,Regular,16,839.46
71771782,Jalsa Bansal,Farrukhabad,2023-05,Inactive,8,1091.61
39301587,Kritika Chaudhuri,Bongaigaon,2023-12,Regular,15,1775.12
12560669,Mugdha Acharya,Sangli-Miraj & Kupwad,2024-08,Inactive,13,450.79
73061709,Zinal Sundaram,Uluberia,2024-08,Premium,1,1557.57
73807097,Manbir Manda,Firozabad,2023-12,Inactive,7,557.11
57579640,Sneha Amble,Siwan,2023-07,Premium,10,697.08
71276926,Urishilla Sawhney,Nangloi Jat,2023-11,Inactive,10,1226.1
54139038,Wahab Balan,Dibrugarh,2024-09,Inactive,10,1689.41
6853981,Radhika Bahri,Machilipatnam,2023-12,Inactive,14,1301.27
82898985,Reva Pradhan,Pondicherry,2023-04,Regular,2,841.91
92416428,Falak Balan,Avadi,2024-01,Regular,5,1255.2
80371626,Yashasvi Divan,Karimnagar,2024-10,New,20,1033.07
39042103,Maanav Gupta,Bareilly,2024-05,Regular,20,1519.5
14693393,Chavvi Iyer,Proddatur,2024-05,New,14,928.3
41878908,Barkha Kanda,Raiganj,2024-05,Premium,6,390.11
49117070,Pavani Lala,Bhubaneswar,2024-09,Inactive,9,1495.17
43761120,Tarak Kumer,Bhagalpur,2024-06,Inactive,19,1954.78
52672659,Isha Mand,Vadodara,2023-03,Regular,17,1721.72
91448742,Henry Badal,Bongaigaon,2023-04,Regular,1,1536.39
55278329,Nathaniel Mand,Bhubaneswar,2024-10,Inactive,19,1814.67
13492411,Ekaraj Mahal,Patna,2023-07,Regular,8,453.33
39093069,Mahika Issac,Rajkot,2024-03,Regular,6,1176.58
16436211,Daniel Hans,Tadepalligudem,2023-11,Regular,8,780.94
25747787,Zaid Bobal,Bikaner,2023-05,Inactive,13,835.06
24000329,Aarush Dey,Gulbarga,2023-11,Premium,17,1787.69
54923640,Azad Nath,Gandhidham,2024-04,Inactive,15,234.66
57217288,Dalaja Bassi,Karimnagar,2023-03,Regular,3,736.05
70554546,Jonathan Doctor,Bulandshahr,2024-04,Inactive,14,1601.91
39959491,Damini Gandhi,Purnia,2023-08,Premium,2,622.87
55042740,Samuel Lanka,Kadapa,2024-03,Regular,7,404.02
64846124,Anusha Sagar,Bidar,2024-06,Inactive,1,997.65
23434261,Jhalak Chopra,Ambala,2023-07,Inactive,7,1651.18
33685414,Nidhi Swaminathan,Miryalaguda,2024-03,Regular,8,1679.23
43649266,Ayushman Menon,Khandwa,2024-03,Inactive,19,1803.11
53299455,Rushil Gupta,Bijapur,2023-05,Premium,7,838.66
9388085,Faris Swaminathan,Jamnagar,2024-03,New,11,627.21
46629917,Vasudha Dey,Jamshedpur,2024-02,Premium,1,788.35
82359623,Pushti Sangha,Bellary,2023-08,Premium,17,1339.75
58238092,Xiti Pradhan,Malegaon,2023-07,Inactive,9,519.73
74572121,Triveni Baral,Mau,2024-08,Inactive,15,890.77
3468355,Chameli Subramanian,Pune,2024-06,New,12,1734.51
34095555,Charan Misra,Raiganj,2023-09,Premium,9,1536.28
76020843,Banjeet Behl,New Delhi,2024-06,Regular,6,784.7
80571942,Mohammed Magar,Kishanganj,2023-09,Regular,10,980.64
19375332,Udarsh Rao,Jodhpur,2024-07,Regular,20,1556.48
8739903,Yamini Bir,Thane,2023-07,Regular,9,1689.59
55472026,Urishilla Bhatnagar,Allahabad,2023-08,New,2,730.33
19581959,Eesha Sahota,Ghaziabad,2023-04,Premium,5,1517.34
32585389,Abhimanyu Sachdeva,Howrah,2023-11,Premium,3,1378.77
24308515,Thomas Walia,Panchkula,2023-10,Regular,20,1801.96
63025744,Eta Mander,Panipat,2023-10,Regular,6,1112.65
89036169,Kashvi Chaudhuri,Deoghar,2024-03,Inactive,12,1133.25
1816969,Tejas Pillai,Vadodara,2024-03,Premium,2,1902.69
18256339,Dalbir Dora,Mumbai,2023-11,New,5,1719.33
87059497,Abeer Merchant,Jamshedpur,2024-02,Regular,5,1137.61
47577193,Chaaya Wable,Dehri,2024-02,Premium,16,1578.87
95595403,Rushil Walia,Durgapur,2024-03,Regular,10,1368.49
57658033,Rajeshri Ramaswamy,Yamunanagar,2023-11,New,8,1281.84
4597433,Lipika Kumer,Tadepalligudem,2024-04,Inactive,3,821.84
7923550,Amruta Grewal,Panihati,2023-09,New,17,1813.79
21553672,Udyati Puri,Morbi,2024-04,New,1,429.36
80499378,Ekta Chowdhury,South Dumdum,2024-09,Inactive,3,759.03
16410155,Darika Barman,Bidhannagar,2023-04,Premium,8,601.32
52423524,Nihal Ravi,Ludhiana,2023-06,Inactive,19,473.06
20834589,Parth Madan,Giridih,2024-07,Inactive,8,740.07
70372270,Yadavi Garg,Ichalkaranji,2023-08,New,15,1420.71
18082040,Jonathan Bir,Kochi,2024-04,Regular,17,1098.59
24745800,Isaac Mutti,New Delhi,2024-01,Premium,3,1657.15
12698783,Jyoti Lata,Karnal,2024-10,Inactive,8,1040.64
24821281,Onveer Kanda,Khora ,2023-06,Regular,10,1004.08
17843667,Yauvani Purohit,Bhubaneswar,2024-03,New,4,618.64
75137446,Oliver Bahl,Kochi,2024-03,New,10,1290.79
43295656,Wyatt Bhasin,Sagar,2024-02,Regular,4,1306.25
10663246,Madhav Chana,Gandhidham,2023-10,Regular,12,1976.29
74038361,Vasatika Lanka,Khandwa,2023-10,New,15,236.72
56548063,Advay Baria,Thanjavur,2024-08,New,20,537.48
58893807,Faris Sekhon,Tirunelveli,2024-02,Inactive,14,1163.42
1301661,Yashvi Parekh,Saharanpur,2023-12,Inactive,8,623.8
72263318,Reyansh Sankar,Fatehpur,2023-06,Inactive,8,1372.05
16484167,Hemal Bala,Guwahati,2023-04,New,19,1128.06
74694186,Nisha Jhaveri,Hubli–Dharwad,2024-09,Inactive,3,1566.5
89472859,Ekaraj Dash,Saharsa,2023-08,Inactive,2,1181.99
21697638,Hredhaan Bhagat,Sirsa,2024-06,New,1,381.19
74231111,Jhalak Varty,Thane,2023-10,Premium,15,514.31
89523804,Girik Sangha,Kottayam,2024-04,Inactive,1,1054.0
22694456,Eesha Saha,Nashik,2024-03,New,6,697.9
14940427,Sara Rajagopalan,Loni,2023-06,Premium,3,1992.36
81940825,Kamala Thaman,Proddatur,2023-10,New,4,1119.75
73392739,Chaitaly Kakar,Bikaner,2024-03,New,18,1378.5
52770036,Lopa Bobal,Bathinda,2024-08,New,14,1207.51
38902193,Yutika Sandhu,Bellary,2024-08,New,6,1275.29
72287157,Ekbal Kaur,Machilipatnam,2023-08,New,20,1706.71
94179692,Faras Bahri,Alwar,2024-09,New,3,1494.14
61851054,Bhavya Tiwari,Tadipatri,2024-06,Regular,10,1154.65
1562083,Madhavi Mishra,Bhopal,2024-01,Premium,13,695.02
33671354,Veda Chhabra,Bijapur,2024-09,Inactive,12,1908.12
46023497,Baljiwan Nagi,Delhi,2024-05,Premium,12,1856.92
83597876,Tanmayi Oak,Katni,2023-12,Premium,10,1646.68
52913011,Chaitaly Parekh,Dhule,2023-11,Inactive,7,1952.94
81373608,Priya Rai,Durg,2023-06,Inactive,4,605.47
46885873,Wahab Luthra,Aizawl,2023-09,Premium,4,946.64
31831843,Aarini Bir,Machilipatnam,2023-03,Inactive,10,1284.27
85088479,Tanvi Magar,Rajkot,2024-11,Inactive,17,1636.63
97770901,Dhruv Krishna,Bidhannagar,2023-04,Inactive,11,1896.36
4055790,Noah Malhotra,Jamnagar,2023-11,Regular,13,1178.81
84986716,Eta Hegde,Begusarai,2024-04,Regular,8,420.78
77085443,Prisha Nadkarni,Naihati,2024-03,Regular,9,1742.63
10642655,Omaja Warrior,Gorakhpur,2023-11,Premium,1,726.89
35826539,Widisha Kapur,Deoghar,2024-08,New,6,1155.12
376144,Ira Chhabra,Anantapuram,2023-12,Regular,13,1784.32
22054087,Peter Buch,Miryalaguda,2024-01,Inactive,18,1197.98
21481338,Rajata Upadhyay,Tirunelveli,2023-11,New,17,480.61
22851478,Vamakshi Bhardwaj,Varanasi,2023-11,Regular,14,1722.19
3002538,Sanya Sule,Sonipat,2024-07,Inactive,14,489.91
69339331,Zehaan Kapur,Raurkela Industrial Township,2024-03,Regular,5,1567.18
14991661,Logan Nigam,Chandrapur,2023-10,New,18,1719.35
38613295,Sai Panchal,Vadodara,2023-08,New,17,544.45
51872499,Nakul Banerjee,Bareilly,2024-04,Premium,1,1234.0
8241122,Tristan Zachariah,Ambarnath,2024-09,Inactive,12,833.32
97033691,Aarini Muni,Mysore,2024-08,Premium,2,1268.05
69242672,Ranveer Sheth,Gandhidham,2023-04,Regular,3,1490.73
41512861,Veer Kant,Purnia,2024-04,Regular,11,696.12
3408982,Tripti Chakraborty,Bhatpara,2023-07,Premium,5,656.97
42589311,Yadavi Uppal,Dehradun,2023-11,Regular,11,452.1
75732571,Garima Behl,Muzaffarnagar,2024-04,New,20,1981.72
39681023,Pranit Randhawa,Pimpri-Chinchwad,2023-09,Premium,16,1084.73
94404245,Quincy Chauhan,Rampur,2024-05,Inactive,5,564.03
97484394,Ayush Choudhry,Jaipur,2024-04,Inactive,4,669.01
66827191,Om Bhatia,Alwar,2023-11,New,11,1808.42
50554007,Ekaja Pillai,Baranagar,2023-04,Premium,5,1597.14
65895091,Chaitaly Shere,Orai,2023-11,Inactive,8,1634.33
48002829,Daksh Mandal,Mumbai,2024-01,Inactive,17,754.33
57392064,Lavanya Jain,Udupi,2024-06,Regular,4,1540.81
71688530,Umang Dash,Kavali,2024-03,Regular,1,1541.22
89051578,Zinal Natarajan,Alwar,2024-09,Premium,12,1185.5
78738569,Eiravati Sundaram,Dewas,2023-05,Inactive,4,376.5
