order_id,customer_id,rating,feedback_category,sentiment,year_month
1961864118,30065862,4,Delivery,Neutral,2024-07
1549769649,9573071,3,App Experience,Negative,2024-05
9185164487,45477575,3,App Experience,Neutral,2024-09
9644738826,88067569,4,App Experience,Neutral,2023-11
5427684290,83298567,3,Delivery,Negative,2023-11
3265154092,43367112,2,Customer Service,Negative,2023-03
4898355547,13284996,4,Product Quality,Positive,2023-04
6568151549,88866835,2,App Experience,Negative,2024-03
6006693867,24496983,3,Delivery,Negative,2023-07
374186990,52215833,3,App Experience,Neutral,2023-08
4455336265,43431724,2,Delivery,Negative,2023-08
3539286337,77559557,3,Delivery,Neutral,2023-04
9171116867,87107263,4,Customer Service,Neutral,2023-10
5504941865,76512976,5,App Experience,Positive,2024-01
5868326481,37556526,4,Product Quality,Neutral,2024-03
2137046916,12059049,4,Customer Service,Positive,2024-02
8195544338,26199489,4,Delivery,Neutral,2023-04
2889700050,84848018,4,Delivery,Neutral,2024-04
65827885,47577193,1,Delivery,Negative,2023-07
4656471694,60728956,3,Customer Service,Negative,2023-12
6625178717,62068277,2,Product Quality,Negative,2023-07
7169557514,84824280,2,Product Quality,Negative,2023-03
2268306684,66742602,5,Delivery,Positive,2024-05
6905293278,97259564,3,Delivery,Neutral,2024-06
1769493463,3292927,2,App Experience,Negative,2024-06
5003387344,26592009,4,Delivery,Neutral,2024-06
2064484752,89995124,3,Customer Service,Neutral,2024-05
964822979,88520326,3,Product Quality,Negative,2024-07
6037899648,22738465,3,Product Quality,Neutral,2024-03
9347571484,29562072,3,Product Quality,Negative,2024-11
3286177534,10225164,3,Delivery,Neutral,2023-06
9073572548,97111069,4,Customer Service,Neutral,2023-05
8395583761,1989720,4,App Experience,Positive,2024-08
6355378227,67092149,4,Customer Service,Positive,2023-08
277376321,89784343,4,App Experience,Positive,2024-07
8559748526,45868300,4,App Experience,Neutral,2023-04
1458051433,50760752,4,App Experience,Neutral,2024-04
5838302640,96795047,4,App Experience,Neutral,2023-05
1380971977,16561710,3,Product Quality,Neutral,2024-06
1221099013,35156679,4,Customer Service,Neutral,2023-07
6771166303,87718744,3,Product Quality,Negative,2023-07
7111337755,10524732,4,Customer Service,Neutral,2023-05
5562922993,62416456,4,Product Quality,Neutral,2023-12
5630957897,69925688,4,Delivery,Neutral,2024-06
1787380558,5140660,4,App Experience,Neutral,2023-11
32613017,82594354,5,Delivery,Positive,2023-03
2039041670,88324928,4,Product Quality,Neutral,2024-11
210693801,71235336,3,Customer Service,Negative,2024-08
8120002258,57833505,3,Delivery,Neutral,2024-01
2177917034,12402437,5,App Experience,Positive,2024-02
4254814926,59890331,3,App Experience,Negative,2024-04
6074172790,14944819,4,Customer Service,Positive,2023-07
3381573131,67386193,1,Delivery,Negative,2024-07
3773745777,67701771,4,Customer Service,Neutral,2024-05
9251939156,89910157,4,App Experience,Positive,2023-12
3872982303,15484407,4,Delivery,Neutral,2024-02
2625987757,10769994,3,Delivery,Neutral,2023-08
3162249401,85519349,4,Delivery,Positive,2024-05
3108986741,49241309,3,Product Quality,Negative,2023-10
1851474741,23348269,2,Product Quality,Negative,2023-11
2425099132,85016568,4,Product Quality,Neutral,2023-08
6706793332,6247821,2,Delivery,Negative,2024-10
2149289255,57579640,3,Product Quality,Negative,2024-11
1971008155,2457734,1,App Experience,Negative,2023-10
2087093460,59329145,4,Delivery,Neutral,2024-07
2116712588,24043135,3,Delivery,Neutral,2023-11
6054358790,59216664,3,Product Quality,Neutral,2024-01
532660797,41008070,3,Delivery,Neutral,2024-05
1491991005,52215833,3,Product Quality,Negative,2024-03
4136019599,74179536,4,App Experience,Positive,2024-03
2122832513,55028958,1,Customer Service,Negative,2024-02
3717703595,88965399,4,Delivery,Positive,2023-04
3194733693,21866852,4,Product Quality,Neutral,2023-07
4471162437,27971619,4,App Experience,Neutral,2024-02
1609331948,8791577,3,Product Quality,Neutral,2024-01
6920030794,70372270,3,Customer Service,Negative,2024-06
5127172657,32293017,4,Product Quality,Positive,2024-06
8607115856,15931134,4,Customer Service,Neutral,2023-10
7154957395,60700850,3,App Experience,Neutral,2023-04
2070762702,34761418,4,Product Quality,Positive,2023-10
3697242439,99361865,3,Customer Service,Neutral,2024-10
3063427913,75984768,4,Customer Service,Positive,2023-09
2060061337,29272253,1,App Experience,Negative,2023-04
4625892678,80371626,1,Delivery,Negative,2023-06
6045698170,666589,5,Delivery,Positive,2024-01
7876289647,98858383,4,Delivery,Neutral,2024-08
3434084714,46836361,4,Product Quality,Positive,2024-02
9031695663,94730288,2,App Experience,Negative,2024-01
1955989715,77862447,4,Product Quality,Neutral,2023-12
3459500455,16379942,4,Customer Service,Positive,2023-12
5953376503,79169760,5,Customer Service,Positive,2024-05
121874867,94529626,5,Delivery,Positive,2023-03
2460545397,42872865,3,Product Quality,Neutral,2024-10
9690050839,55803572,4,App Experience,Neutral,2024-01
2574349065,51547198,4,Customer Service,Neutral,2024-04
2461936988,14428954,5,App Experience,Positive,2023-07
6447596416,76987910,4,Customer Service,Positive,2023-10
7228452275,42262168,2,App Experience,Negative,2023-05
6696750742,5277675,5,App Experience,Positive,2023-04
822235931,44410149,4,Customer Service,Neutral,2023-08
7678251499,17805991,2,Product Quality,Negative,2023-04
2497341976,9097480,1,App Experience,Negative,2023-09
9107314128,79591237,2,App Experience,Negative,2024-05
9855726256,8651281,4,App Experience,Positive,2023-05
9398719862,14991661,1,Delivery,Negative,2024-07
379494532,9650263,5,Customer Service,Positive,2024-07
1048784963,58942207,4,Product Quality,Neutral,2023-09
4386246924,69632084,3,Delivery,Negative,2024-08
2050362692,79991320,3,Customer Service,Neutral,2024-10
4142963293,34567918,4,Product Quality,Neutral,2024-11
9753528654,61522288,3,Product Quality,Neutral,2024-07
8126970833,14161586,4,Delivery,Neutral,2024-09
9747814712,16359370,5,Product Quality,Positive,2023-12
6281619403,77921718,5,Customer Service,Positive,2023-04
436184281,78614729,2,App Experience,Negative,2023-11
9799231260,22077605,4,Customer Service,Neutral,2024-03
4071811527,66023110,4,Customer Service,Positive,2023-07
5645359563,87160527,2,App Experience,Negative,2024-08
9411813703,62600289,3,Delivery,Negative,2023-09
4270217473,54580166,4,Customer Service,Neutral,2024-02
279851011,12967305,3,Delivery,Neutral,2023-04
6260524887,57081917,5,Delivery,Positive,2024-06
5853998391,94453274,3,Delivery,Negative,2023-09
9931976872,8955057,2,Delivery,Negative,2024-06
8432209832,90346920,4,Delivery,Neutral,2024-03
6023721507,8791577,4,Customer Service,Neutral,2024-04
3042338919,76212152,3,Delivery,Neutral,2023-05
233646065,16379942,4,Delivery,Neutral,2023-09
9870610018,94033330,2,Product Quality,Negative,2024-02
1398230967,46876240,1,App Experience,Negative,2024-04
8615488922,92209869,4,Product Quality,Positive,2023-11
2748841057,33544355,3,Delivery,Neutral,2023-12
1375867721,4862761,1,Delivery,Negative,2024-07
8595141097,96511007,4,Product Quality,Positive,2024-03
4673382071,21784094,3,Delivery,Neutral,2024-01
2948696008,51872499,2,Customer Service,Negative,2024-04
6839692624,64497538,1,Delivery,Negative,2023-11
5770951298,75510747,5,Delivery,Positive,2023-10
5084771819,6344345,4,App Experience,Neutral,2024-08
422403644,56548063,2,App Experience,Negative,2023-05
7176758896,18394558,4,Delivery,Neutral,2023-07
8252905093,42589311,5,Customer Service,Positive,2024-04
1488561572,75928073,4,App Experience,Neutral,2024-08
6212984517,72702075,4,Customer Service,Positive,2024-03
6309784337,26250082,2,Delivery,Negative,2024-05
4613890018,53538932,4,Delivery,Neutral,2023-10
3429728472,64017365,3,Delivery,Neutral,2023-03
267738904,63368244,5,Product Quality,Positive,2023-10
3850416839,57081917,4,App Experience,Neutral,2024-07
3412702479,86479284,4,App Experience,Positive,2023-12
2016183232,44928499,4,Customer Service,Positive,2023-07
3810280204,84361534,4,App Experience,Neutral,2023-10
2416767295,767523,3,Customer Service,Negative,2024-07
2283439407,46623192,2,Delivery,Negative,2023-07
4328802292,9738801,4,Delivery,Neutral,2023-06
7072715691,74195536,4,Delivery,Neutral,2023-12
5640741373,90298394,3,Delivery,Negative,2024-05
6931094066,17159117,3,Product Quality,Neutral,2023-11
3417088709,62629494,4,Product Quality,Positive,2024-05
4424404315,9274874,4,Product Quality,Positive,2023-07
2444087306,56250563,5,Delivery,Positive,2023-07
486085268,51040116,5,Customer Service,Positive,2023-12
1731312620,49795571,3,Customer Service,Neutral,2023-05
6475582506,82529927,5,Delivery,Positive,2023-09
1868581378,93198324,2,Product Quality,Negative,2024-03
8884235937,20298398,5,Product Quality,Positive,2024-08
4590662628,87200291,3,Customer Service,Negative,2024-01
992302540,32203588,2,Delivery,Negative,2023-11
7169974633,59110513,4,Delivery,Neutral,2024-10
6703651257,93198324,2,Delivery,Negative,2024-01
7180810221,20940403,3,Delivery,Neutral,2023-09
7875587578,60967677,1,Customer Service,Negative,2024-07
2578671497,76218218,4,Product Quality,Neutral,2024-01
6284350691,57207678,4,Product Quality,Positive,2024-06
5383261788,34588087,4,Product Quality,Neutral,2023-10
6590867973,56441247,5,Product Quality,Positive,2023-11
8787105023,81822935,4,Delivery,Positive,2024-05
1402916311,14275043,5,Customer Service,Positive,2024-04
9715205272,52409516,2,Product Quality,Negative,2024-10
3946852375,96253172,3,Product Quality,Negative,2024-07
3367039425,86050297,3,App Experience,Neutral,2024-03
687711388,52757321,5,App Experience,Positive,2024-02
647012431,34281470,2,Customer Service,Negative,2024-06
7143278295,50557979,5,Product Quality,Positive,2024-02
9736844695,31978160,5,Delivery,Positive,2024-04
5933289680,5751638,3,Product Quality,Negative,2023-12
9494303116,98858383,4,Product Quality,Positive,2024-07
9337878102,9987182,3,Delivery,Neutral,2023-05
6872621077,77128325,3,Customer Service,Negative,2023-09
7330237253,28428852,3,Product Quality,Neutral,2023-12
7942616242,33685414,2,Product Quality,Negative,2023-09
238520071,77320193,2,Product Quality,Negative,2024-02
5812379362,46504355,4,Customer Service,Neutral,2023-08
2616623847,49915498,3,Delivery,Neutral,2024-01
2040854480,40392019,5,Delivery,Positive,2023-12
5456484560,62600289,2,Delivery,Negative,2024-09
883309006,71229024,4,App Experience,Neutral,2024-04
6528341992,64497538,4,Product Quality,Neutral,2024-01
3263203775,44888581,1,Product Quality,Negative,2024-09
3660010934,83577942,1,Delivery,Negative,2024-01
7944885043,1683786,5,Customer Service,Positive,2024-05
2506369831,1529180,4,Delivery,Neutral,2023-06
697061213,91196901,3,Delivery,Neutral,2023-03
7079057004,1507408,3,Delivery,Neutral,2023-09
1556153632,67215939,4,App Experience,Neutral,2024-05
2161235338,38902882,5,App Experience,Positive,2024-04
1247978468,97484394,1,Customer Service,Negative,2024-07
5437627061,58505903,4,Customer Service,Neutral,2024-08
9091960039,13455530,3,Product Quality,Negative,2024-02
619198317,81906973,4,Delivery,Neutral,2023-11
9833179291,90372221,3,App Experience,Negative,2023-05
4148760273,93122847,5,Product Quality,Positive,2024-05
7206041763,74694186,4,Product Quality,Positive,2023-05
690097648,2684440,2,App Experience,Negative,2023-12
4197061567,52757321,5,Customer Service,Positive,2024-02
2009394836,55056284,5,App Experience,Positive,2023-10
277502363,88203688,3,App Experience,Neutral,2023-12
4356959622,38709137,3,Delivery,Negative,2024-01
174306009,87457446,4,Delivery,Positive,2024-08
9582674091,34237583,4,Delivery,Neutral,2024-08
8675579025,44409533,4,Delivery,Neutral,2024-07
5195999941,52757321,4,Customer Service,Neutral,2024-07
5210007923,97507853,3,Product Quality,Neutral,2024-10
6595771960,45700473,2,Delivery,Negative,2023-04
4247338382,34853377,5,Product Quality,Positive,2023-12
819143326,88324928,4,App Experience,Neutral,2024-01
3830844750,23996221,2,Delivery,Negative,2023-08
1687314172,82425179,4,App Experience,Positive,2024-03
6756007265,80850753,4,Product Quality,Neutral,2023-07
489762747,19482392,3,Customer Service,Negative,2024-09
7509195875,42723554,4,Product Quality,Neutral,2023-11
2370917070,5763963,1,App Experience,Negative,2023-07
2055388266,119099,4,Product Quality,Positive,2023-06
8969304162,43052303,2,Customer Service,Negative,2023-10
5412674107,88111697,4,Product Quality,Neutral,2024-10
1536516619,15631726,4,Product Quality,Positive,2023-11
3858907413,89910157,2,Customer Service,Negative,2023-07
4976389251,79478655,4,Product Quality,Positive,2023-09
2218319201,40587811,4,Customer Service,Neutral,2024-11
6729422433,68159723,3,Product Quality,Neutral,2023-07
1354097448,98687927,4,Product Quality,Positive,2023-06
8952275304,81174361,3,App Experience,Negative,2024-08
436603801,54619715,5,Product Quality,Positive,2023-12
5273875984,9278983,4,Customer Service,Positive,2023-05
9290203003,21573815,3,Delivery,Neutral,2024-04
6240982373,91243571,2,App Experience,Negative,2023-04
2718348206,5763963,4,Delivery,Neutral,2023-11
4903544026,57331847,4,Customer Service,Neutral,2024-05
2827266949,93675757,5,Delivery,Positive,2024-09
4278423074,67708491,4,Product Quality,Positive,2023-12
645916247,76857266,2,App Experience,Negative,2023-10
5816647866,81420960,4,Product Quality,Neutral,2024-09
7282397914,97825663,3,App Experience,Neutral,2024-07
3260611473,12832151,2,Customer Service,Negative,2024-02
8638163868,87718744,2,Delivery,Negative,2023-06
177850987,51174875,3,App Experience,Neutral,2023-11
9653859166,32987624,3,App Experience,Negative,2023-03
9991338690,98444183,1,Delivery,Negative,2024-07
1714593246,27698051,4,App Experience,Neutral,2024-10
9742461226,34095555,4,Customer Service,Neutral,2024-01
3314393477,55170753,3,Product Quality,Neutral,2024-10
4188317986,42366724,4,Customer Service,Neutral,2023-03
1646665366,51387106,2,Delivery,Negative,2024-07
9558804585,82700270,4,App Experience,Neutral,2024-03
9047652469,71902700,4,App Experience,Neutral,2024-08
2893800377,57892837,4,Delivery,Neutral,2024-03
6139157985,88517890,3,Product Quality,Negative,2024-02
6029394789,7591711,2,Product Quality,Negative,2023-04
5874940276,38875754,3,Product Quality,Negative,2024-04
5205211911,57662767,5,Product Quality,Positive,2024-09
5314758068,48776805,4,Customer Service,Neutral,2024-02
484869710,6756256,3,App Experience,Neutral,2023-09
9957728938,25915909,4,Customer Service,Positive,2024-08
3136056666,57770044,3,Customer Service,Negative,2024-04
4926104391,47206881,4,Delivery,Neutral,2023-10
1827844756,16785724,4,App Experience,Positive,2023-04
7032037874,57291761,3,App Experience,Neutral,2024-06
3779230503,46699982,5,App Experience,Positive,2023-07
3473012553,89669139,2,Customer Service,Negative,2024-02
7988504487,8164639,4,App Experience,Neutral,2024-05
7193792738,84572019,4,Delivery,Positive,2024-06
1533583386,35912599,3,Product Quality,Negative,2023-08
7750989397,79672044,3,Delivery,Neutral,2024-01
4434816229,63292875,4,Delivery,Neutral,2023-09
6896732047,62068277,4,Delivery,Neutral,2024-04
4740837071,64795608,4,Delivery,Positive,2023-11
6649631729,75640174,3,Product Quality,Neutral,2024-09
5351526726,75892474,5,Delivery,Positive,2023-03
1506082041,11446157,1,App Experience,Negative,2023-05
1023260165,10683250,3,Delivery,Neutral,2024-02
8257032403,17805991,3,App Experience,Neutral,2024-09
7216524192,72605638,3,Customer Service,Negative,2024-09
8619795820,98687927,1,Product Quality,Negative,2024-09
6494708839,25595836,5,App Experience,Positive,2023-06
9859249765,5039883,4,Product Quality,Positive,2024-05
3528020011,33675108,4,Customer Service,Positive,2023-11
5937934264,90346920,5,App Experience,Positive,2024-09
2976477423,57213543,3,Customer Service,Neutral,2023-08
1002438039,85198177,1,Customer Service,Negative,2024-02
2571163022,59345983,4,Product Quality,Neutral,2024-02
6850221497,21270783,4,Customer Service,Positive,2024-07
4706569127,68016312,5,Delivery,Positive,2023-07
8168261752,65903057,4,App Experience,Positive,2024-04
5828325906,40587811,3,Delivery,Neutral,2023-12
5012271549,73061709,2,App Experience,Negative,2024-09
8110316958,61226835,1,Delivery,Negative,2024-01
3190808443,77618011,4,Delivery,Positive,2024-01
7175472728,9551011,3,App Experience,Neutral,2023-09
6011117738,24337950,3,Product Quality,Neutral,2024-01
5592928753,46875863,3,App Experience,Neutral,2024-08
3952040848,31156674,3,Product Quality,Negative,2024-05
7026479520,81994445,3,Customer Service,Negative,2024-07
6572695161,64197854,3,Delivery,Negative,2024-03
9090769419,66485571,4,Delivery,Positive,2024-09
5979489110,22161071,2,Product Quality,Negative,2023-09
964698323,81763298,2,App Experience,Negative,2024-09
2304242664,65815155,4,Delivery,Neutral,2024-03
2483843748,26040510,5,Customer Service,Positive,2023-05
2560588609,6291143,5,App Experience,Positive,2024-06
9268920928,17805991,1,Product Quality,Negative,2023-07
9554019312,6247821,4,App Experience,Positive,2023-09
3749174258,38902193,4,Product Quality,Positive,2024-02
3947164241,95768401,4,App Experience,Positive,2024-11
487327038,67277562,4,Product Quality,Positive,2023-10
8830321199,93341057,5,Product Quality,Positive,2024-08
3811318591,64940409,1,App Experience,Negative,2023-07
6795601573,46629917,5,Customer Service,Positive,2023-12
2348495717,86067293,5,Customer Service,Positive,2023-06
9505736584,63571453,5,Delivery,Positive,2024-06
1857227304,99301505,5,Product Quality,Positive,2024-03
5506485302,66655397,4,App Experience,Positive,2023-05
6074837981,61015113,5,Customer Service,Positive,2024-04
4150569633,2903620,3,App Experience,Negative,2023-10
609838437,54619715,3,Delivery,Neutral,2023-12
5229657139,18889370,4,Product Quality,Positive,2023-10
2589639350,64141971,4,App Experience,Positive,2023-08
7656948165,44410149,4,Delivery,Neutral,2023-06
1806563605,25659794,2,Customer Service,Negative,2023-12
359819834,12755730,3,App Experience,Negative,2023-12
1908423841,56441247,4,App Experience,Neutral,2023-10
299859815,2848415,1,Delivery,Negative,2024-01
923659418,25081012,3,Customer Service,Neutral,2023-04
3560625119,82989313,2,App Experience,Negative,2023-05
7111490680,32500305,5,Customer Service,Positive,2024-01
5766981431,93675757,5,Delivery,Positive,2024-01
8609945311,51670882,1,Customer Service,Negative,2024-05
1691260635,80796977,4,Delivery,Neutral,2024-06
8742091504,78254569,2,App Experience,Negative,2023-07
1997833025,72489544,1,App Experience,Negative,2023-07
3588296877,83404008,5,App Experience,Positive,2024-08
2404804990,81757554,4,Product Quality,Positive,2023-12
8091385479,16082651,5,Customer Service,Positive,2024-04
7133174424,8513589,5,App Experience,Positive,2023-06
6110446321,78412820,3,App Experience,Negative,2024-10
6964586050,4597433,1,Delivery,Negative,2024-08
2351986014,85626346,3,Customer Service,Negative,2023-04
352569720,65660660,3,Product Quality,Neutral,2023-06
1235280275,46875863,3,Product Quality,Neutral,2023-08
9399859705,57548210,5,Delivery,Positive,2023-10
7530379037,99729547,4,Customer Service,Neutral,2024-08
5952886441,16420489,2,Delivery,Negative,2024-03
5815833211,31940833,5,App Experience,Positive,2024-02
7307394687,47043878,4,Customer Service,Positive,2024-05
6033014029,29525287,4,App Experience,Neutral,2024-10
1409944718,39042103,3,Product Quality,Neutral,2023-08
1811382200,37915052,4,Product Quality,Neutral,2023-08
4485391413,11478478,4,Product Quality,Neutral,2023-12
4076279641,89476734,2,Delivery,Negative,2023-07
2965387566,47955004,4,App Experience,Positive,2023-08
9397774189,92245432,5,Delivery,Positive,2023-06
1437159967,68016312,4,Customer Service,Positive,2024-06
8397785448,67952740,4,App Experience,Positive,2024-09
2778606949,33675108,4,Customer Service,Neutral,2024-10
1774096863,60656482,4,Customer Service,Neutral,2023-06
1497256618,87220860,4,App Experience,Positive,2023-04
734095510,56480776,4,App Experience,Positive,2024-06
5755859055,79592021,3,Customer Service,Neutral,2024-10
5840290569,99490786,1,Product Quality,Negative,2023-09
8200985533,1855421,3,Delivery,Negative,2024-01
3255590064,92642745,2,Delivery,Negative,2023-04
4258404747,27692428,4,Product Quality,Positive,2024-10
2455161115,27620326,3,Delivery,Neutral,2024-01
4448004569,47215976,5,Product Quality,Positive,2024-01
5951090793,27878182,1,App Experience,Negative,2024-04
7402491996,92509376,4,Product Quality,Positive,2024-07
8532411923,57360162,3,App Experience,Negative,2024-07
7130555385,37309023,3,Product Quality,Neutral,2024-01
4338197132,66310963,4,Customer Service,Positive,2024-10
8044366071,80833965,1,App Experience,Negative,2023-04
4135251774,77961205,1,Product Quality,Negative,2024-10
6331483812,97411107,3,Product Quality,Neutral,2024-09
6705171000,52417972,4,Product Quality,Positive,2023-09
7850128898,38478423,2,Product Quality,Negative,2024-06
3602554049,65815155,4,Customer Service,Neutral,2023-07
1070259187,22738465,3,App Experience,Negative,2023-06
8412338399,2566268,3,Product Quality,Neutral,2024-10
1478022303,69353754,3,Product Quality,Neutral,2023-12
2376108199,81757554,4,Product Quality,Neutral,2024-05
5243035202,10541231,2,Product Quality,Negative,2024-10
3687581971,81932548,4,App Experience,Positive,2024-10
7008586055,96109948,3,App Experience,Negative,2023-05
5142069216,35459748,4,Product Quality,Neutral,2024-02
4152441944,92636025,5,Customer Service,Positive,2023-04
5601670348,32830199,3,Product Quality,Neutral,2024-10
605105099,5039883,5,Customer Service,Positive,2023-12
4054936140,28286754,2,Product Quality,Negative,2024-04
8741892156,66886852,5,Product Quality,Positive,2023-11
9143640828,90298394,3,Product Quality,Neutral,2023-07
6900876252,87984862,4,Product Quality,Positive,2024-02
9801174908,54347213,3,Product Quality,Neutral,2024-04
551343632,59840071,5,App Experience,Positive,2024-02
7961173808,90184276,3,App Experience,Neutral,2023-06
328909145,36146306,4,Delivery,Neutral,2024-09
5551173528,64151769,3,Delivery,Negative,2024-11
4461788759,79895967,5,Customer Service,Positive,2024-04
7256212429,28350645,4,App Experience,Neutral,2024-03
9104077642,18199057,3,Customer Service,Neutral,2024-10
2914056235,31456752,1,Customer Service,Negative,2024-01
9127632807,81528623,2,Delivery,Negative,2023-05
6070154414,45052594,3,App Experience,Negative,2023-06
2318969828,2457734,4,Product Quality,Positive,2023-03
3813047994,60275891,4,Customer Service,Neutral,2023-12
1416102774,92245432,5,Customer Service,Positive,2024-04
8086834412,23286884,4,Delivery,Positive,2024-03
6193826826,85561151,4,Customer Service,Positive,2023-08
8444509148,64141971,2,Delivery,Negative,2024-02
42332130,70363568,3,Customer Service,Neutral,2024-10
6009342120,59620534,1,Customer Service,Negative,2024-03
4818516411,85006599,1,App Experience,Negative,2023-10
1039229544,93730857,4,Customer Service,Neutral,2024-08
1515943657,59436131,3,Product Quality,Negative,2023-09
9183547951,19259955,3,Product Quality,Negative,2024-01
8478376092,91500615,2,Product Quality,Negative,2023-04
1454073903,89874335,1,Delivery,Negative,2023-09
2855402284,33370343,3,Delivery,Negative,2023-07
7245730533,51670882,4,App Experience,Positive,2024-05
2272892659,24308515,3,App Experience,Negative,2023-07
9087377568,54038173,3,App Experience,Neutral,2024-02
8443685057,19400174,3,Product Quality,Neutral,2023-07
1590988730,42208242,3,Delivery,Neutral,2023-12
7357811417,26364643,4,Product Quality,Neutral,2024-09
394951937,65406127,4,App Experience,Positive,2024-04
3967445448,20148223,4,Delivery,Positive,2023-11
6101022928,10088428,4,Delivery,Positive,2024-10
6322372546,43052303,1,Product Quality,Negative,2024-02
9778782281,63025744,3,Product Quality,Neutral,2023-04
3867563962,14940427,4,Delivery,Neutral,2023-12
9277710098,38969732,5,Product Quality,Positive,2023-04
7669322773,6081270,4,Customer Service,Neutral,2023-08
3917427529,68159723,3,Customer Service,Neutral,2024-10
1934158144,65134271,3,Product Quality,Neutral,2024-04
3157338466,243838,4,Delivery,Positive,2023-08
9640662474,74761384,4,Delivery,Neutral,2024-04
2356272189,42432226,4,Delivery,Positive,2024-04
1380510406,54338574,3,Delivery,Negative,2024-07
8008377895,23794330,5,Delivery,Positive,2023-06
3680678403,57537308,3,Customer Service,Neutral,2023-03
2847236502,6812439,5,Product Quality,Positive,2024-07
5212392063,75510747,5,App Experience,Positive,2024-06
3804024939,91566278,4,Delivery,Neutral,2024-01
5395870775,18394558,4,Product Quality,Positive,2024-08
511736499,38615653,3,Product Quality,Neutral,2024-10
2895886759,69863493,5,Product Quality,Positive,2023-09
6638513435,32809328,4,Customer Service,Positive,2024-08
4168083780,13581527,2,Product Quality,Negative,2024-06
2501516144,88252625,3,Customer Service,Neutral,2024-10
7141387557,98246574,3,Customer Service,Neutral,2023-08
2747350024,75860724,3,Product Quality,Negative,2024-08
9503407492,29272253,4,App Experience,Positive,2023-08
4845607487,78053306,1,Product Quality,Negative,2023-03
2051769691,30447453,4,Product Quality,Neutral,2023-09
1092990139,85476508,3,App Experience,Negative,2024-10
5527612319,14632090,4,Customer Service,Positive,2024-09
8852367079,22694456,3,Customer Service,Neutral,2024-04
1666202264,85474732,2,Product Quality,Negative,2023-05
8606484804,41155125,2,Product Quality,Negative,2024-06
8905341102,80862136,5,App Experience,Positive,2024-02
5418735913,10210309,1,Customer Service,Negative,2024-07
970377475,48167795,5,Delivery,Positive,2024-09
7320527109,83298567,4,Product Quality,Neutral,2024-01
5120698,44174426,5,Delivery,Positive,2023-06
3812396179,24496983,4,Customer Service,Positive,2023-07
8178951021,46208150,5,Delivery,Positive,2024-03
2479115586,55056284,4,Customer Service,Neutral,2024-03
6239453389,26285589,4,Customer Service,Positive,2023-10
3136508414,13585482,4,Delivery,Neutral,2024-07
5521273487,6992801,3,Product Quality,Neutral,2024-05
5445047872,37802267,2,Customer Service,Negative,2023-10
3678525130,36428139,5,Delivery,Positive,2023-03
9328056960,81229704,4,App Experience,Positive,2024-08
2109203997,40277444,1,App Experience,Negative,2024-05
556665455,32500305,4,Delivery,Positive,2024-02
6573705785,24000329,4,Delivery,Positive,2023-11
2609502403,2058037,3,App Experience,Neutral,2024-10
1463293930,85354059,4,App Experience,Positive,2024-06
8132887999,84456355,2,Product Quality,Negative,2024-02
7178789018,46208150,3,Delivery,Neutral,2023-09
2295700159,83023956,4,App Experience,Positive,2024-03
9277089038,35988028,4,Product Quality,Neutral,2023-04
145057465,54923640,2,Delivery,Negative,2024-11
9452353274,97770901,4,App Experience,Positive,2024-10
5434328922,67340606,3,Delivery,Negative,2024-02
3327051807,99707100,5,Product Quality,Positive,2023-10
1461604569,25713335,2,Customer Service,Negative,2024-04
606518084,78725001,4,Delivery,Positive,2023-10
7637625389,13122744,2,Product Quality,Negative,2023-10
7311621328,30891209,5,Product Quality,Positive,2024-04
8790217194,38244021,4,Customer Service,Neutral,2024-03
1772445313,13071673,5,Product Quality,Positive,2023-07
159394992,35358395,4,App Experience,Positive,2024-08
7992910755,76218218,5,App Experience,Positive,2023-07
1786931285,1719710,4,Product Quality,Positive,2023-06
2225520858,95372766,4,Delivery,Positive,2023-11
5635738740,33034249,1,Customer Service,Negative,2023-09
2230824358,41878908,2,App Experience,Negative,2023-05
9217211301,52085702,2,Delivery,Negative,2023-06
4501870609,16082651,4,Customer Service,Neutral,2024-07
838401679,89699655,3,Product Quality,Negative,2023-07
9587315528,66440188,2,Delivery,Negative,2024-08
3122936945,95001589,3,Customer Service,Negative,2023-05
6093390755,32054313,3,Delivery,Negative,2023-11
2032956677,66932104,3,Product Quality,Neutral,2024-05
1488430001,67092149,2,Delivery,Negative,2024-08
615391848,65570302,3,App Experience,Negative,2024-09
8686093533,30823988,5,Customer Service,Positive,2024-02
7038758506,68714053,2,Delivery,Negative,2023-05
2385966456,12184293,1,Customer Service,Negative,2023-08
259622674,61002154,4,Product Quality,Positive,2023-05
2580381935,4394659,4,App Experience,Positive,2024-05
5035471587,18140588,3,Customer Service,Neutral,2024-01
9421270813,26844216,3,Product Quality,Negative,2024-04
1831516625,46629917,3,Product Quality,Neutral,2024-03
1918841793,95334407,3,Customer Service,Neutral,2024-06
1757159071,59094034,1,App Experience,Negative,2024-03
7589464630,91196901,5,Delivery,Positive,2024-07
1577085460,74682740,1,Delivery,Negative,2023-09
2279018877,40305293,4,Customer Service,Neutral,2024-06
7431412128,96989204,4,Customer Service,Neutral,2023-05
8781520615,85519349,4,Delivery,Neutral,2024-04
1276192882,97678578,5,Product Quality,Positive,2024-01
4065794921,85518832,5,Customer Service,Positive,2024-03
1690800946,79764458,5,Product Quality,Positive,2023-03
877883470,1200365,3,App Experience,Neutral,2023-06
7322044533,48730063,3,Customer Service,Neutral,2023-10
5243163885,19275474,3,Delivery,Neutral,2023-05
4360255357,15529446,2,App Experience,Negative,2023-05
9623306038,51669263,5,Delivery,Positive,2023-11
6282385286,6150721,4,Customer Service,Neutral,2023-10
1001900652,30367559,5,Product Quality,Positive,2024-09
5161988291,65618148,1,Delivery,Negative,2024-07
3597752998,37759707,1,Delivery,Negative,2024-04
9074325310,35435896,2,Customer Service,Negative,2024-04
8875965392,41395224,4,Delivery,Positive,2024-01
971081962,73428596,4,Customer Service,Positive,2024-08
1948332638,62323608,3,Delivery,Neutral,2024-06
1785558780,18986315,3,Delivery,Negative,2024-06
7590462053,18326028,4,Delivery,Positive,2024-06
2135743860,73392739,3,Customer Service,Negative,2024-03
9851365751,12832151,1,App Experience,Negative,2023-10
9243090480,13760839,3,Customer Service,Neutral,2023-03
7168596454,35690581,4,Product Quality,Positive,2023-03
2483565595,21701991,5,Delivery,Positive,2023-03
2484470052,84848018,1,Delivery,Negative,2024-01
7702588270,55094848,4,Customer Service,Positive,2024-04
5992338333,9738801,5,Delivery,Positive,2023-04
9196796718,68941950,3,App Experience,Negative,2023-07
3291765954,57523973,3,App Experience,Negative,2023-08
652616858,10663246,3,App Experience,Negative,2023-05
2613508245,45028365,5,Delivery,Positive,2023-12
8169361928,8241122,5,Delivery,Positive,2024-01
9395982132,58170168,2,Delivery,Negative,2023-07
1914701538,64722323,5,Product Quality,Positive,2023-07
6236279358,97141762,1,Product Quality,Negative,2024-05
2288561509,11047835,4,App Experience,Neutral,2023-12
2010415757,43295656,3,Customer Service,Negative,2024-06
7164827734,9195970,3,App Experience,Neutral,2023-03
7971819985,48511124,5,Customer Service,Positive,2024-04
8234021674,41073776,4,Customer Service,Neutral,2024-01
4274404843,48418662,1,Delivery,Negative,2024-09
7353519273,80761521,3,Delivery,Negative,2023-09
8539612501,22846435,4,Product Quality,Positive,2024-09
5894327065,35133191,4,App Experience,Neutral,2024-03
77053363,74172010,4,App Experience,Neutral,2023-05
4467084478,30447453,4,Customer Service,Positive,2024-03
3514036230,84937877,2,Customer Service,Negative,2023-07
4720421794,72089140,4,App Experience,Neutral,2024-01
3202903413,12507907,1,Customer Service,Negative,2023-08
6938082428,19741509,3,Delivery,Neutral,2024-03
9202941711,59240916,3,Customer Service,Neutral,2024-03
8963522960,11143197,4,Product Quality,Neutral,2023-11
9266835891,14207332,3,Customer Service,Negative,2024-06
5265722064,52032226,3,Customer Service,Negative,2023-07
5514326011,95364457,1,Delivery,Negative,2024-02
9578652103,34839913,5,App Experience,Positive,2024-03
3559061334,79991320,3,Customer Service,Neutral,2023-06
637944734,60698094,4,Customer Service,Neutral,2023-04
7454643275,18229949,3,Customer Service,Neutral,2024-07
4319342350,99160348,4,App Experience,Positive,2024-08
7568450733,59518795,3,Customer Service,Neutral,2023-04
734744305,60698094,4,Customer Service,Positive,2024-06
5233331050,85561151,3,Customer Service,Negative,2023-05
8326867788,17939362,4,Product Quality,Neutral,2023-09
8368819094,42432226,2,App Experience,Negative,2024-08
8700151605,19275474,3,Customer Service,Neutral,2023-08
6269179048,469006,4,Product Quality,Neutral,2023-11
1265254177,46378942,5,App Experience,Positive,2023-09
9858963919,40858753,5,App Experience,Positive,2023-07
7279564594,91566278,4,Customer Service,Neutral,2024-01
6983253839,62629494,4,App Experience,Positive,2024-04
9479808024,62679120,1,App Experience,Negative,2023-10
3583522679,6668498,4,Delivery,Positive,2023-09
1923226423,39042103,3,Product Quality,Neutral,2024-07
664198080,89036169,5,Product Quality,Positive,2023-08
4224700084,11478478,4,Delivery,Neutral,2024-08
969621016,13465850,4,Delivery,Positive,2024-01
8178275820,55060796,4,Delivery,Neutral,2024-04
4949766982,99734256,1,Product Quality,Negative,2024-09
5258344385,12867472,4,App Experience,Neutral,2023-10
8101930640,92306841,2,Customer Service,Negative,2023-06
6703316563,89669139,3,Customer Service,Neutral,2024-01
7680297690,1705969,5,App Experience,Positive,2024-02
7256340388,30042971,5,Delivery,Positive,2023-10
2538269668,48778633,3,Product Quality,Neutral,2023-06
7506762237,98225598,4,Customer Service,Neutral,2023-06
6585436114,65895091,3,App Experience,Neutral,2024-03
9852996866,19145354,3,Product Quality,Negative,2024-06
1991135167,46699982,1,Delivery,Negative,2023-12
7765110772,33871107,5,Customer Service,Positive,2024-06
3520718052,6856445,3,App Experience,Negative,2023-07
5388573375,77128325,4,Delivery,Neutral,2024-03
8977771682,30979436,1,App Experience,Negative,2023-04
3596900942,63349378,2,App Experience,Negative,2023-11
155295996,24517523,4,Delivery,Neutral,2024-06
1945536198,44557943,4,Customer Service,Neutral,2023-05
2550246555,38671747,4,Product Quality,Positive,2023-04
4287631655,6867315,3,Delivery,Negative,2023-11
2033683703,42989999,4,Product Quality,Neutral,2024-01
9453583714,82854537,5,Delivery,Positive,2023-09
852886125,44562310,4,Delivery,Positive,2023-07
5705899665,4378755,3,Customer Service,Neutral,2024-05
5706043483,63360864,4,Delivery,Positive,2024-07
5190422833,3410758,3,Customer Service,Neutral,2023-03
7178188501,3786105,3,App Experience,Negative,2024-04
2864819888,9419030,2,Delivery,Negative,2024-04
7107216633,10857389,4,Product Quality,Neutral,2024-06
1685382357,6579892,4,Product Quality,Neutral,2023-05
7562902958,81808190,2,App Experience,Negative,2023-06
2819953077,25128143,3,Product Quality,Neutral,2023-11
8453462258,2875442,3,Product Quality,Neutral,2024-02
4605056279,23976957,4,Customer Service,Neutral,2024-05
5998035939,88324928,5,App Experience,Positive,2024-02
2311501690,27698051,1,Product Quality,Negative,2024-03
356495722,91312072,3,Delivery,Neutral,2024-06
2695448838,47274329,1,Customer Service,Negative,2023-06
6986791144,27692428,3,Product Quality,Negative,2023-09
8619571588,31456752,3,Customer Service,Negative,2024-01
4088553674,52913011,5,Product Quality,Positive,2023-08
8177907004,60757351,3,Product Quality,Neutral,2024-01
8533749006,91590001,4,App Experience,Neutral,2024-10
8694014791,48778633,3,Delivery,Neutral,2023-08
6311012195,10857389,4,Delivery,Neutral,2023-07
1312767771,26412689,3,Delivery,Negative,2024-09
214919848,47125914,4,App Experience,Neutral,2024-01
5521682945,26303194,4,Product Quality,Positive,2024-07
5305770811,92642745,4,Delivery,Neutral,2024-10
5842420654,43307488,1,Product Quality,Negative,2024-05
4566893863,88739922,1,Product Quality,Negative,2023-10
1523729855,54730270,3,Product Quality,Negative,2024-09
2899786983,31456752,3,App Experience,Negative,2023-10
9202528884,64940409,3,Delivery,Neutral,2024-05
4338327693,93617659,3,Delivery,Neutral,2024-05
6295686357,76533277,3,Customer Service,Neutral,2024-01
6396194687,61406908,5,Customer Service,Positive,2024-01
5662786245,21409946,3,Product Quality,Neutral,2023-04
4868150114,69761993,4,Product Quality,Positive,2024-01
502764834,96903782,4,App Experience,Positive,2024-08
5056125341,26040510,5,App Experience,Positive,2023-05
6388618916,96511007,4,Delivery,Neutral,2024-01
3508668494,75836905,4,Product Quality,Neutral,2024-01
5289436093,98211325,5,Delivery,Positive,2024-04
7596333614,88684966,3,App Experience,Neutral,2023-03
6284076508,74179536,1,Delivery,Negative,2024-07
340050407,68941950,5,Customer Service,Positive,2024-10
5927472701,93563435,5,App Experience,Positive,2024-01
9216536492,58979427,2,Delivery,Negative,2024-10
3742662928,63971358,2,Delivery,Negative,2023-06
4797768073,35782051,1,App Experience,Negative,2023-07
6767935470,70372270,3,App Experience,Negative,2024-04
1963703928,77007315,3,Delivery,Neutral,2024-07
552470423,4394659,3,Customer Service,Negative,2024-02
739434870,1603358,3,Delivery,Neutral,2023-09
7930373606,13494314,4,App Experience,Positive,2023-08
5374978054,64932019,4,App Experience,Positive,2024-07
4361797433,1603358,5,Customer Service,Positive,2023-08
2002067527,45166203,5,Customer Service,Positive,2023-11
4228110436,701493,3,Delivery,Neutral,2023-07
1251118825,79592021,5,Delivery,Positive,2023-05
7165265639,29265216,4,App Experience,Neutral,2023-08
1255323701,51669263,2,Delivery,Negative,2024-03
807934194,69925688,5,App Experience,Positive,2024-01
7968718292,54730270,4,Customer Service,Positive,2023-10
2620531979,8651281,3,Customer Service,Negative,2024-02
6943430459,53636086,1,Product Quality,Negative,2024-10
5607355353,47625855,3,Delivery,Neutral,2023-06
6696352636,54730270,5,Product Quality,Positive,2023-06
9325920156,59110513,3,Product Quality,Negative,2024-10
2286477025,59436131,1,Delivery,Negative,2023-06
6704773223,81420960,3,Product Quality,Neutral,2024-07
1435353007,48281892,3,Product Quality,Neutral,2024-01
8080970647,1855421,3,Product Quality,Neutral,2023-11
5881633926,32293017,4,App Experience,Neutral,2023-04
4435459085,76830090,4,Customer Service,Neutral,2023-08
6172529406,48409448,4,Delivery,Neutral,2024-05
9127879048,75490147,3,Product Quality,Negative,2024-08
3806545110,1200365,3,Product Quality,Negative,2024-08
6919395718,91550885,3,Delivery,Neutral,2024-02
5277462976,98858383,4,App Experience,Neutral,2024-10
3606274277,98225598,3,Product Quality,Neutral,2023-08
2065203676,36146306,2,App Experience,Negative,2024-01
4042066387,90743791,2,Product Quality,Negative,2024-01
3604982656,59207798,5,Product Quality,Positive,2024-09
1149676745,6247821,4,Delivery,Neutral,2023-10
3895011687,47043878,5,Delivery,Positive,2024-03
772505056,81822494,2,App Experience,Negative,2023-07
5574765914,89619421,5,Delivery,Positive,2024-10
8812616740,61982521,4,Delivery,Positive,2023-06
1486655525,74572121,1,Delivery,Negative,2024-04
8423025639,6344345,3,App Experience,Neutral,2024-06
9020705185,1562083,3,Product Quality,Neutral,2023-12
7719808698,93938425,5,Product Quality,Positive,2023-08
3414036630,32809328,4,Product Quality,Neutral,2024-04
4157869967,49617892,3,Product Quality,Negative,2023-05
4873887251,20951294,3,Customer Service,Negative,2023-09
8031946454,31923338,5,App Experience,Positive,2023-08
8168056170,45700473,4,Delivery,Neutral,2023-08
3108512811,15417130,4,Customer Service,Neutral,2024-02
1680591951,7288562,2,Delivery,Negative,2024-03
559245731,68941950,4,Delivery,Neutral,2024-09
8655600303,12867472,3,App Experience,Neutral,2024-04
8247327365,30065862,3,Delivery,Negative,2024-09
9153347285,54222320,5,Delivery,Positive,2023-06
1977533409,17521263,5,App Experience,Positive,2023-12
2433646621,82770142,5,Customer Service,Positive,2024-11
22830983,92404798,3,Product Quality,Negative,2023-06
1143763031,52075070,5,App Experience,Positive,2024-08
8524056436,35434373,4,App Experience,Positive,2023-09
4262338791,72089140,4,App Experience,Positive,2024-10
187728451,63262519,3,App Experience,Negative,2023-11
6754346312,3897936,1,Delivery,Negative,2023-06
5790622967,81091233,4,Customer Service,Neutral,2024-02
4305348838,63630649,1,Delivery,Negative,2024-03
2902411553,93122847,3,Product Quality,Neutral,2023-11
3691199770,30788486,1,Customer Service,Negative,2024-05
775709102,80517784,1,Customer Service,Negative,2023-08
5262508570,42781544,3,Customer Service,Negative,2024-07
192109127,82854537,4,Delivery,Positive,2024-09
1108215973,2928026,3,Delivery,Neutral,2023-12
1719134546,25665997,2,Delivery,Negative,2024-07
5280263316,77035814,3,Customer Service,Neutral,2024-06
9448306266,74038361,1,App Experience,Negative,2024-04
8023626961,68307253,4,Delivery,Positive,2023-09
1118405605,15599514,3,Customer Service,Neutral,2023-06
8226034341,26040510,4,Product Quality,Positive,2023-11
6976835753,29973346,4,Customer Service,Positive,2024-02
9171564499,24896263,5,Delivery,Positive,2023-12
5393607402,14272050,3,Customer Service,Neutral,2023-12
5670040592,80571942,1,Delivery,Negative,2024-05
6736891890,15661901,3,Delivery,Neutral,2024-10
1223255075,71321741,2,Delivery,Negative,2023-08
8158413630,15066187,4,Customer Service,Neutral,2024-08
7867573412,61226563,3,App Experience,Neutral,2023-09
1624690598,52048413,3,App Experience,Neutral,2024-03
8968945932,67386193,5,Product Quality,Positive,2024-09
1645212433,67918495,4,Delivery,Positive,2024-08
9187046038,75860724,2,Customer Service,Negative,2023-06
9305357757,76212152,3,Customer Service,Neutral,2023-05
8312320295,31076002,4,Delivery,Neutral,2024-06
3256941332,43599910,4,Customer Service,Neutral,2023-11
8980502814,45708879,3,Delivery,Negative,2024-10
9270396838,63376126,3,Delivery,Negative,2023-07
2892588628,54797119,4,Delivery,Positive,2024-04
8774158800,19216141,3,Delivery,Negative,2023-12
2056131802,16448993,1,Customer Service,Negative,2023-09
3528007192,52279849,3,Product Quality,Neutral,2023-07
2845333894,4192351,4,Product Quality,Neutral,2024-04
6602340187,38875754,3,Delivery,Neutral,2024-03
721004875,75913572,4,Customer Service,Neutral,2023-10
7435895360,77217240,4,Delivery,Neutral,2024-09
4217659083,31846190,2,Customer Service,Negative,2024-01
9710865146,21282544,3,Customer Service,Neutral,2023-05
5375295409,17843667,2,Product Quality,Negative,2024-10
6286044248,38902193,4,Product Quality,Neutral,2023-05
1708282193,79895967,2,Customer Service,Negative,2024-01
5746303677,20148223,3,App Experience,Neutral,2024-06
3271726381,44050697,5,Product Quality,Positive,2024-03
9802569856,33741801,4,Delivery,Neutral,2024-04
662460037,98144693,5,Delivery,Positive,2024-10
8664447334,25829710,4,Product Quality,Neutral,2024-03
3886370975,96903782,4,Delivery,Positive,2024-05
3547006553,56572297,4,App Experience,Neutral,2024-05
2575965518,38496400,4,Product Quality,Neutral,2024-10
1529363954,13251137,2,Delivery,Negative,2024-03
8463856241,87463923,3,Customer Service,Neutral,2023-04
2485242479,25526479,4,Delivery,Positive,2023-04
9850673433,93826036,5,Delivery,Positive,2023-05
2558680592,68475914,5,Delivery,Positive,2023-05
2859167116,40626729,3,Product Quality,Neutral,2024-10
1222236371,88517890,2,Customer Service,Negative,2024-08
344177904,44589829,4,Customer Service,Positive,2023-08
6126334783,6150721,3,Customer Service,Negative,2024-07
3742575364,42723554,5,Delivery,Positive,2023-05
9272166174,53292177,5,Delivery,Positive,2023-07
9416522701,7551173,1,Delivery,Negative,2024-01
7305871805,96629034,4,App Experience,Positive,2024-09
80296810,21677923,1,Delivery,Negative,2024-06
2806868282,67952740,3,Delivery,Negative,2024-09
707033578,14839726,4,Delivery,Positive,2024-01
9026783092,60385293,1,App Experience,Negative,2023-10
6229466619,81533356,5,App Experience,Positive,2023-06
408720270,37245065,3,Customer Service,Neutral,2024-06
8870165072,80517784,5,Delivery,Positive,2023-11
1979319490,5238055,4,App Experience,Positive,2024-01
840761323,83262890,5,Customer Service,Positive,2024-03
744721438,67092149,3,Product Quality,Neutral,2024-02
7421707488,80315623,1,Delivery,Negative,2023-11
1212718824,73393269,4,Customer Service,Neutral,2024-01
9603256001,8791577,5,Delivery,Positive,2023-05
5626888972,24323106,4,App Experience,Positive,2024-04
2300753276,92306841,3,Customer Service,Neutral,2023-12
869629562,31831843,4,Product Quality,Neutral,2023-05
3429137520,51048402,5,Product Quality,Positive,2024-03
9957927297,35349582,2,App Experience,Negative,2023-06
202466684,74840437,4,Customer Service,Neutral,2023-08
8465721207,30192942,4,Customer Service,Neutral,2024-06
6194827199,41494867,5,Customer Service,Positive,2023-12
3942174431,84257716,5,App Experience,Positive,2024-02
3189863462,6756256,3,Delivery,Negative,2024-06
5923573134,22800586,3,Customer Service,Negative,2024-02
6659747528,43034188,3,Delivery,Negative,2024-09
6037541687,86067293,4,Customer Service,Neutral,2023-12
2585438297,50632192,4,Customer Service,Positive,2023-08
8065774615,35705377,3,Delivery,Neutral,2023-12
1816814476,85198177,1,Delivery,Negative,2024-11
5278014717,31776996,5,Product Quality,Positive,2024-04
4265447949,6150721,4,Delivery,Neutral,2024-08
6752221435,64197854,4,Product Quality,Positive,2024-02
8943989258,36675827,3,Product Quality,Negative,2023-12
4068367936,78678612,3,App Experience,Negative,2024-09
5735156904,78841932,3,Customer Service,Negative,2023-04
2405929115,14940427,1,Customer Service,Negative,2024-09
7913167260,98307019,4,Product Quality,Neutral,2023-04
1989751369,7333934,3,Customer Service,Negative,2023-05
7338050095,3292927,4,Delivery,Positive,2024-10
9950986048,69863493,3,Delivery,Neutral,2023-09
5098703807,13760839,4,Customer Service,Positive,2024-06
6937485392,30285217,5,App Experience,Positive,2023-05
1266440097,88739922,4,App Experience,Neutral,2024-01
7415490509,61015113,4,Delivery,Positive,2023-07
7284991749,65559853,3,Delivery,Negative,2023-12
4645792703,24043135,3,App Experience,Neutral,2023-12
3174938939,95736310,3,Product Quality,Negative,2023-03
1752712049,56195475,4,App Experience,Neutral,2024-08
8187201830,82529927,4,Product Quality,Positive,2024-04
6900896329,65903057,4,Customer Service,Positive,2024-02
3793977529,21425168,4,Product Quality,Positive,2023-09
194459698,88553721,3,Product Quality,Negative,2023-06
9330447952,37362180,4,App Experience,Positive,2024-03
2097372277,14693393,5,Product Quality,Positive,2024-01
7060954153,91130614,4,Customer Service,Positive,2023-11
2921310646,40117357,1,Product Quality,Negative,2024-07
3983082555,51670882,3,Product Quality,Neutral,2023-06
4867298468,13492411,3,App Experience,Negative,2024-04
3402631472,52032226,3,Customer Service,Neutral,2024-05
1648146562,95364457,3,Customer Service,Neutral,2023-05
5907766010,12272282,3,Delivery,Neutral,2024-10
9233577456,96853930,3,Product Quality,Negative,2023-12
4084808075,65815155,5,App Experience,Positive,2024-10
7217049550,24137201,3,Product Quality,Neutral,2024-07
1831943568,69863493,4,Product Quality,Positive,2024-05
8707473624,22524981,2,Delivery,Negative,2023-12
7075868285,5226128,3,Delivery,Negative,2024-03
5164162918,96903782,5,Product Quality,Positive,2023-11
2175298644,72132838,5,Delivery,Positive,2024-05
5882568464,49258916,5,App Experience,Positive,2023-04
7847708619,35402531,2,Delivery,Negative,2023-10
6366048116,78732957,5,Product Quality,Positive,2024-08
4926287333,31233120,4,Delivery,Positive,2023-08
5532838325,6982488,4,App Experience,Neutral,2024-07
2567996236,81584486,5,Customer Service,Positive,2023-10
2655613624,46623192,5,Product Quality,Positive,2024-06
7706089549,44562310,5,Customer Service,Positive,2023-10
8257370396,25221501,4,Customer Service,Positive,2023-12
8623808984,37551429,3,Product Quality,Neutral,2024-04
7579506101,72366758,5,Product Quality,Positive,2023-04
8861024199,29902416,1,Customer Service,Negative,2023-11
7666131311,84456355,3,Delivery,Negative,2023-05
103589925,65406127,2,Delivery,Negative,2024-05
7346858138,16785724,4,Delivery,Neutral,2023-11
4963962664,80935110,2,Delivery,Negative,2023-09
9069936094,90696847,4,App Experience,Neutral,2024-06
4665363191,73660582,5,App Experience,Positive,2024-10
888510905,27824078,3,App Experience,Neutral,2024-06
6876091286,49136375,5,Delivery,Positive,2024-10
2592923105,78806824,3,Customer Service,Negative,2023-04
2468550508,59620534,5,Customer Service,Positive,2024-08
5302956276,97111069,4,Delivery,Positive,2024-01
9409714182,59110513,3,Product Quality,Negative,2023-05
1446221570,59216664,5,Customer Service,Positive,2024-09
8250036360,88203688,5,App Experience,Positive,2024-06
447464341,89669139,3,Customer Service,Negative,2024-03
15642223,85020453,4,Customer Service,Positive,2023-11
3285378238,66943324,4,App Experience,Neutral,2024-08
2356483296,49529811,4,Product Quality,Positive,2023-07
3382911339,23380116,3,Delivery,Negative,2023-12
3690872026,1152215,4,App Experience,Neutral,2023-07
6755367585,54057428,4,Customer Service,Neutral,2024-09
6835850079,68965787,4,Delivery,Neutral,2023-08
9345418784,58644651,2,Customer Service,Negative,2024-02
7185243614,51994597,3,Customer Service,Neutral,2024-01
2319044818,82425179,5,Delivery,Positive,2024-04
931834374,17392512,1,Product Quality,Negative,2024-09
8485398781,40593638,3,App Experience,Neutral,2024-04
9806464912,31981068,4,App Experience,Positive,2024-08
8214365128,42012717,4,App Experience,Positive,2024-07
137089318,6637282,3,Customer Service,Negative,2024-05
7615602420,63402854,3,App Experience,Negative,2024-05
3995348964,44828791,5,App Experience,Positive,2024-06
3816542830,81822935,3,Customer Service,Neutral,2023-08
9665004924,90184276,4,Product Quality,Positive,2023-07
1728547597,98444183,3,Delivery,Neutral,2024-06
5311190131,19482392,2,Product Quality,Negative,2024-03
9581592141,64562786,3,Customer Service,Negative,2024-01
4848863693,63217390,1,Customer Service,Negative,2024-09
6374883107,23126657,5,Customer Service,Positive,2023-08
3270131216,56604077,1,Delivery,Negative,2024-02
2643382562,54338574,3,App Experience,Neutral,2023-07
5212524996,45071436,4,App Experience,Neutral,2023-12
9594095277,27604184,5,Delivery,Positive,2024-03
8375863419,76971644,4,Customer Service,Positive,2024-08
7523880783,21481338,4,App Experience,Neutral,2024-10
9670158103,63262519,3,App Experience,Neutral,2024-03
4344108631,45804389,3,Product Quality,Negative,2023-03
2237858,48281892,3,Delivery,Neutral,2023-04
3217791988,92642745,3,Customer Service,Neutral,2023-08
3355718103,91196901,1,Product Quality,Negative,2023-09
9590518103,62323608,4,App Experience,Positive,2024-03
6610120274,89910157,3,App Experience,Neutral,2024-07
1180899898,16420489,4,Customer Service,Positive,2023-04
8758992688,11616535,5,App Experience,Positive,2024-06
6965716176,12851610,4,Product Quality,Neutral,2023-04
5527742274,57956497,3,Delivery,Neutral,2023-12
826610039,29431960,3,Product Quality,Neutral,2023-08
3303891913,84361534,3,App Experience,Neutral,2024-01
2489292878,59240916,3,Delivery,Neutral,2023-10
8589851630,5386246,4,App Experience,Neutral,2024-05
4598897781,77625089,4,Customer Service,Neutral,2023-07
6932356214,58942207,3,Customer Service,Negative,2023-04
3499004322,70363568,3,Delivery,Neutral,2023-05
7517620171,25128143,3,Customer Service,Neutral,2023-04
172987148,71607166,3,Product Quality,Negative,2024-11
8347207794,34853377,4,Customer Service,Neutral,2024-08
9472355181,81462774,4,Customer Service,Positive,2024-01
1315064289,74735607,4,Product Quality,Neutral,2024-07
9371869941,53076417,3,Customer Service,Negative,2023-10
5184568404,93507573,2,Customer Service,Negative,2024-03
5891002534,41494517,3,Customer Service,Negative,2023-09
1479730711,90647204,4,Product Quality,Neutral,2024-09
7651037338,31576845,4,App Experience,Neutral,2023-11
8763754537,97873848,3,Customer Service,Neutral,2024-10
7683813608,99707100,3,Delivery,Neutral,2023-06
6722955128,8351747,4,Delivery,Positive,2023-03
8259274680,60379302,5,App Experience,Positive,2023-04
4620484274,58111297,3,Customer Service,Neutral,2024-09
8260569466,59323931,4,Customer Service,Neutral,2023-12
8498916204,47625855,3,Product Quality,Negative,2024-03
3209538967,41874489,3,App Experience,Neutral,2024-05
2570640420,10418604,2,Product Quality,Negative,2023-04
2066843639,69516494,3,Product Quality,Negative,2024-05
7402125753,12500465,5,Delivery,Positive,2023-11
9171089443,46185579,1,Customer Service,Negative,2024-09
3272079644,51592174,1,Product Quality,Negative,2023-06
438111050,74174956,3,App Experience,Neutral,2024-05
7416160835,29324437,3,App Experience,Neutral,2023-04
4075074492,12778027,4,App Experience,Neutral,2023-12
5536024334,15661674,3,Customer Service,Neutral,2023-04
2013140214,39674723,3,Customer Service,Negative,2024-05
1113582397,53292177,5,Delivery,Positive,2023-12
1083928258,14705462,4,Product Quality,Neutral,2023-12
4906957374,30029998,4,App Experience,Positive,2023-09
1876614122,97678578,3,Delivery,Neutral,2023-08
6556180328,10562528,2,Delivery,Negative,2024-06
7960553477,4356173,4,Customer Service,Neutral,2024-02
6335972517,18256339,4,App Experience,Positive,2023-07
6254948159,42615134,4,App Experience,Neutral,2023-10
7527936057,63971358,2,App Experience,Negative,2023-12
6257851675,65488134,4,Delivery,Positive,2024-04
6832610950,77811864,1,Customer Service,Negative,2023-09
5085005195,2684440,4,Delivery,Positive,2024-03
2177207547,92245432,4,Product Quality,Positive,2024-02
3043364543,21597477,4,Delivery,Neutral,2023-07
2823404098,81377917,3,Delivery,Neutral,2024-03
646676955,93018527,4,Customer Service,Positive,2023-11
5756607486,27709218,4,Delivery,Positive,2023-10
9373691795,87463923,3,Customer Service,Negative,2024-03
2611601543,61753272,5,Product Quality,Positive,2023-07
1491360686,90649019,5,App Experience,Positive,2023-03
1824533423,2233446,4,Delivery,Positive,2023-05
2913841018,46675763,3,App Experience,Neutral,2023-11
3141803761,34787383,1,App Experience,Negative,2023-10
6184484468,40275138,4,Delivery,Positive,2024-10
4599327740,77862447,2,App Experience,Negative,2023-08
7479207574,64846124,5,Customer Service,Positive,2024-04
2996133401,83964902,4,Customer Service,Neutral,2024-04
5972410040,19179897,3,App Experience,Neutral,2024-08
4007593324,68703613,2,Customer Service,Negative,2024-06
3428454405,93018527,2,Customer Service,Negative,2023-08
1160646195,5700842,2,Customer Service,Negative,2023-04
4376524554,72576730,3,Customer Service,Neutral,2023-03
1519072771,70615775,4,Delivery,Neutral,2024-08
8203685394,40192266,5,Customer Service,Positive,2024-02
7906789850,32006907,1,Customer Service,Negative,2024-10
8073770046,87943214,5,App Experience,Positive,2024-05
5190202949,40727086,4,App Experience,Neutral,2023-09
8542325207,9573071,1,Product Quality,Negative,2024-07
7566730050,39153585,4,Delivery,Positive,2023-05
176509722,65221572,3,App Experience,Neutral,2023-10
1894603222,21697638,3,Customer Service,Neutral,2023-10
2694800415,36675827,1,Delivery,Negative,2024-04
5879390688,77869660,4,Delivery,Positive,2023-09
1197715978,625395,4,App Experience,Positive,2023-11
7790696031,34580200,4,Delivery,Positive,2023-05
2189360099,68714053,3,App Experience,Negative,2023-08
3542041943,55007963,5,App Experience,Positive,2024-09
9202469009,37362180,5,Delivery,Positive,2023-11
3985829990,81808190,4,Customer Service,Positive,2024-07
4341872315,71755645,1,Delivery,Negative,2023-11
4748123248,24144240,4,Delivery,Neutral,2023-08
99905061,47590944,3,Product Quality,Negative,2023-11
9118004489,37288781,3,App Experience,Neutral,2024-02
1696936610,25795941,5,Customer Service,Positive,2023-09
155669553,88779806,4,Delivery,Positive,2023-04
2885541999,40275138,3,Delivery,Neutral,2023-09
2846340681,77085443,3,App Experience,Negative,2023-06
963715332,21948041,4,Customer Service,Neutral,2024-07
2807634451,84986716,3,App Experience,Neutral,2024-03
3046341241,82286725,4,Product Quality,Positive,2023-10
485687952,8228843,3,Product Quality,Negative,2023-03
7660904370,30455484,4,App Experience,Positive,2024-05
9753033954,83577942,5,Customer Service,Positive,2023-07
9509887699,23448955,5,Delivery,Positive,2024-01
1054122071,97557157,2,Delivery,Negative,2023-11
9135272808,21701991,3,App Experience,Neutral,2024-03
597447215,39957741,4,Customer Service,Neutral,2024-09
5562099656,3872421,1,App Experience,Negative,2024-06
4122736828,47590944,3,Delivery,Neutral,2024-07
7238138072,32929817,1,Product Quality,Negative,2024-08
6244736404,8791577,4,App Experience,Positive,2024-08
1297341963,70230254,3,Product Quality,Neutral,2024-07
3842442278,89223620,2,App Experience,Negative,2024-10
9576684860,9347990,5,Delivery,Positive,2023-04
1592757566,78903046,4,App Experience,Neutral,2024-07
5060677329,68219091,3,Delivery,Negative,2024-03
2241930006,66943324,1,Customer Service,Negative,2023-11
3246505078,45481936,4,Customer Service,Positive,2024-08
5870152806,376144,4,Product Quality,Positive,2024-03
8919999754,8395610,4,Customer Service,Neutral,2023-12
1080338783,1601161,5,App Experience,Positive,2023-07
4641905606,40667183,3,Delivery,Negative,2024-09
9456413999,32019725,4,Customer Service,Positive,2023-08
4764056827,8025622,5,Delivery,Positive,2024-07
5168057633,45477575,5,App Experience,Positive,2024-07
1442559656,85074810,1,Product Quality,Negative,2023-05
6590257283,2058037,3,Product Quality,Neutral,2023-10
3429671763,21481338,4,Delivery,Neutral,2024-03
4750086089,97259564,3,Product Quality,Neutral,2023-08
3204128006,62323608,5,Product Quality,Positive,2023-11
3171917027,55936462,1,App Experience,Negative,2024-03
8814047085,68475914,1,App Experience,Negative,2023-04
1889723479,5754255,3,Product Quality,Neutral,2024-06
942025494,62679120,4,Customer Service,Positive,2024-03
4104444500,57526322,5,App Experience,Positive,2024-10
7562260313,13871547,2,Delivery,Negative,2024-03
7140244766,86067293,4,App Experience,Positive,2023-08
7967974077,45066676,4,Customer Service,Neutral,2024-07
7456822422,81822935,4,Customer Service,Neutral,2023-12
4813468096,34668988,3,Customer Service,Neutral,2024-02
8618576020,15484407,5,Product Quality,Positive,2024-01
3727646442,12077371,2,App Experience,Negative,2023-07
9208156337,39959491,2,Customer Service,Negative,2024-09
8328118787,14839726,5,App Experience,Positive,2023-05
580528836,91550885,4,Product Quality,Neutral,2023-10
3350662630,60620291,1,Product Quality,Negative,2023-07
6716381725,19682060,4,Product Quality,Neutral,2023-05
2249567137,20298398,2,Customer Service,Negative,2024-04
7484465509,73393269,1,Customer Service,Negative,2024-09
2577208156,86995126,3,Product Quality,Negative,2024-10
3321905621,37759707,2,Product Quality,Negative,2024-10
6686839282,71615827,3,Customer Service,Negative,2023-07
5095558661,70220141,1,Product Quality,Negative,2023-05
112658009,35144658,3,App Experience,Neutral,2023-07
1343610513,18113428,1,Customer Service,Negative,2023-07
7190610535,59094034,3,Delivery,Neutral,2024-03
5069426001,31940833,3,Delivery,Neutral,2024-01
5655369002,19091057,2,Delivery,Negative,2023-08
5761530160,84824280,3,Delivery,Neutral,2024-02
4772519706,17106161,4,Product Quality,Positive,2023-03
8209051735,69416782,3,Customer Service,Neutral,2024-02
4870391666,80935110,4,App Experience,Positive,2024-03
7777975083,92098757,4,Delivery,Positive,2024-06
8713948756,65514005,4,Product Quality,Neutral,2023-11
6191050157,90021871,4,Product Quality,Neutral,2023-05
4060449266,1771249,5,Customer Service,Positive,2024-03
5657605506,63402854,3,Product Quality,Negative,2024-05
8851743592,70608515,4,Product Quality,Neutral,2024-02
4689717606,91791128,4,Delivery,Neutral,2023-07
2860246948,8791577,3,Product Quality,Neutral,2024-09
2875550803,40387944,1,App Experience,Negative,2024-02
5340575011,77015367,5,Delivery,Positive,2023-09
7717156533,18791381,4,App Experience,Positive,2023-04
8297255359,56764791,4,Product Quality,Positive,2023-06
7873234939,31923338,3,Delivery,Negative,2024-09
3668515922,22321208,3,App Experience,Neutral,2023-08
8356690330,88324928,4,App Experience,Neutral,2023-07
3508620293,40277444,1,Product Quality,Negative,2023-08
9998297778,7728406,3,Customer Service,Neutral,2023-09
3898421710,78750264,3,Product Quality,Negative,2023-08
3960980694,52417972,5,Customer Service,Positive,2024-06
5008395294,1108176,3,Customer Service,Negative,2023-12
3722869004,66140659,4,Product Quality,Neutral,2023-07
8391555591,14006996,5,Product Quality,Positive,2023-08
8063730776,95912198,1,Product Quality,Negative,2024-09
9052752169,62510499,1,Customer Service,Negative,2024-01
7471416647,75566105,4,Product Quality,Neutral,2023-03
848332407,376144,4,Delivery,Neutral,2024-04
4062701987,8383197,4,Product Quality,Positive,2023-12
8723912832,94552818,5,Product Quality,Positive,2024-01
9099298435,2233446,4,App Experience,Neutral,2024-02
5645691241,3786105,2,Delivery,Negative,2023-12
8258019846,61024977,2,Product Quality,Negative,2024-01
2732162016,99361865,3,Customer Service,Negative,2023-05
1561902412,91448742,3,Customer Service,Negative,2023-06
8979476889,49970560,4,Customer Service,Neutral,2023-06
8373953053,46515922,3,Customer Service,Negative,2024-10
7021309133,59353207,3,App Experience,Neutral,2024-08
3447085029,188838,3,App Experience,Neutral,2023-04
9284767341,82160592,4,Customer Service,Positive,2024-03
9770431940,86715467,3,Customer Service,Neutral,2024-06
9650124390,46717997,4,Customer Service,Neutral,2024-04
9826894858,67386193,3,Delivery,Neutral,2024-06
4466839873,8361353,4,Customer Service,Positive,2023-12
4331471900,59094034,2,Product Quality,Negative,2024-07
5777824005,73428596,4,Product Quality,Neutral,2023-03
8795242622,90246977,3,Product Quality,Neutral,2023-03
8561878376,12272282,4,App Experience,Neutral,2024-01
2113243643,66269844,4,App Experience,Neutral,2023-12
8497820340,90586029,4,App Experience,Neutral,2023-11
3167184563,43860025,3,App Experience,Neutral,2023-09
9997121955,46623192,5,App Experience,Positive,2024-04
2954397481,93318833,1,Product Quality,Negative,2024-01
8125884987,31718565,3,Product Quality,Negative,2024-05
3765873352,48418662,4,App Experience,Positive,2024-10
7733310993,10562528,3,App Experience,Negative,2023-03
738093341,30823988,4,Delivery,Neutral,2024-03
1837574319,24821281,4,Delivery,Positive,2024-06
2468420564,92027021,1,Product Quality,Negative,2023-06
5368005763,84824280,3,App Experience,Negative,2024-07
3823949592,1683786,3,Customer Service,Negative,2023-04
6298008063,24104630,4,Customer Service,Neutral,2023-07
2499190829,17159117,3,Delivery,Neutral,2023-10
491116137,71615827,3,Product Quality,Neutral,2024-01
2206269404,96009692,5,App Experience,Positive,2024-05
1330806043,29415527,5,Customer Service,Positive,2024-04
6770858376,39957741,5,App Experience,Positive,2024-01
4466716432,29689766,5,Product Quality,Positive,2023-06
8292554686,80833965,2,App Experience,Negative,2024-03
4204069161,31576845,5,Customer Service,Positive,2023-08
2163079658,74833221,3,Customer Service,Negative,2023-12
6971561757,64940409,4,Customer Service,Positive,2023-12
7965253060,95912198,5,Customer Service,Positive,2024-02
8939040193,59141605,3,Product Quality,Negative,2024-09
8322028211,54952806,3,Customer Service,Neutral,2023-11
6865922682,14255231,5,App Experience,Positive,2024-06
5912729079,90919603,4,Customer Service,Neutral,2024-08
8764776130,32054313,1,Product Quality,Negative,2023-12
7769965629,65815155,5,Delivery,Positive,2023-04
2166463032,98930670,4,App Experience,Neutral,2023-10
7035343259,63310076,5,Delivery,Positive,2024-07
8914775994,68985290,4,Product Quality,Positive,2024-02
7565647347,15808945,3,Customer Service,Neutral,2024-10
6172215120,87823209,3,App Experience,Negative,2024-06
4043585691,61121421,4,Delivery,Positive,2024-02
3735186180,98709982,5,App Experience,Positive,2024-03
5281459433,85519349,3,Product Quality,Neutral,2024-10
424087401,90753712,1,Delivery,Negative,2024-04
884327245,24337950,4,Product Quality,Positive,2023-09
6318008970,30265929,4,Delivery,Positive,2024-05
3792751421,2414265,2,Product Quality,Negative,2024-08
5471255539,15391556,5,Customer Service,Positive,2023-05
9917290378,6245778,3,Customer Service,Neutral,2024-01
208989475,94713625,5,Delivery,Positive,2023-03
7672827556,70589930,4,Customer Service,Neutral,2023-07
3792912325,39153585,5,Product Quality,Positive,2024-06
2478533601,9097480,4,Product Quality,Positive,2024-11
2255745327,58974323,3,Product Quality,Negative,2023-05
8612261848,46208150,4,Customer Service,Neutral,2024-06
6949810049,87463923,3,Customer Service,Neutral,2023-09
2399456941,47625855,4,Delivery,Neutral,2024-10
6292969164,45477575,5,Delivery,Positive,2024-07
2929485756,30979436,4,Customer Service,Positive,2024-10
8757869416,85518832,1,Delivery,Negative,2024-05
2653966619,52428250,5,Product Quality,Positive,2024-07
336103625,28663279,5,Delivery,Positive,2024-05
3727289407,10225164,3,Customer Service,Neutral,2024-06
701250513,10240052,2,App Experience,Negative,2024-09
101816977,26903313,5,Delivery,Positive,2024-02
7838223552,85854265,3,Delivery,Neutral,2023-12
4123140013,80759416,3,Product Quality,Negative,2024-11
9821008306,49433260,2,Product Quality,Negative,2023-04
5414882934,44223796,5,Product Quality,Positive,2023-12
9257313140,24337950,3,App Experience,Neutral,2024-06
3857021231,91973128,4,Delivery,Positive,2023-09
1606381345,31940833,4,Delivery,Neutral,2023-03
239830094,99627097,4,Customer Service,Neutral,2023-08
580582858,59398136,4,Customer Service,Positive,2023-09
4191340899,90649019,5,App Experience,Positive,2023-05
1013630716,85763665,1,Product Quality,Negative,2024-05
8220017366,91550885,2,Delivery,Negative,2023-05
4353485612,77007315,3,Customer Service,Negative,2024-08
8682172393,97141762,3,Delivery,Neutral,2024-10
4085089017,50899600,3,Delivery,Neutral,2024-06
1287686307,79076101,4,Customer Service,Positive,2024-01
4425450216,40192266,5,Product Quality,Positive,2023-06
7799346570,37947202,4,Delivery,Positive,2023-10
5917975686,37054866,5,App Experience,Positive,2024-06
9588500388,84448310,3,Customer Service,Neutral,2024-07
3963207709,99893898,3,Delivery,Neutral,2024-01
2217466286,9278983,1,Product Quality,Negative,2023-04
7130088913,86444757,1,Customer Service,Negative,2023-06
9064682961,17597449,4,Customer Service,Neutral,2024-07
6060156146,92404798,1,Customer Service,Negative,2023-05
3106610673,74762653,1,Product Quality,Negative,2024-06
442408751,56780331,4,Customer Service,Neutral,2023-10
353571238,60561655,4,Product Quality,Positive,2024-01
4670530333,42723554,5,Product Quality,Positive,2024-05
4961370923,61020,4,Delivery,Neutral,2024-02
8946821991,31582950,3,App Experience,Neutral,2024-04
5720622852,66130660,3,Customer Service,Neutral,2023-04
7305353953,42012717,4,Delivery,Neutral,2024-01
1402723627,85006599,3,Delivery,Neutral,2024-05
9820620357,243838,1,Customer Service,Negative,2023-12
1930286155,51034600,4,Customer Service,Neutral,2024-09
6759029950,83577942,1,Delivery,Negative,2023-12
9032188284,59427862,1,Customer Service,Negative,2023-08
9490161602,28663279,1,Customer Service,Negative,2023-04
8565257085,33034249,1,App Experience,Negative,2023-09
4884845960,34156884,4,App Experience,Neutral,2023-09
6181604084,4200802,4,Customer Service,Neutral,2023-10
2718508408,20360447,5,App Experience,Positive,2023-08
8354866000,80696046,2,Product Quality,Negative,2024-02
8025728977,26912171,4,Customer Service,Positive,2024-08
6531356394,85561151,3,App Experience,Neutral,2023-05
5489184758,49529811,3,Product Quality,Negative,2024-03
1377599881,48481702,2,Product Quality,Negative,2024-08
227162938,28111842,4,Customer Service,Neutral,2024-04
3449083612,91382237,4,Delivery,Positive,2023-11
5662514948,30455484,3,Customer Service,Negative,2023-05
2034571482,86167288,4,Delivery,Neutral,2024-02
348782569,72415263,2,App Experience,Negative,2023-09
8697396531,21282544,4,App Experience,Positive,2023-10
3538455450,77345018,4,App Experience,Neutral,2024-09
7513290139,26285589,2,Delivery,Negative,2023-05
8320461939,83298567,4,App Experience,Neutral,2024-04
8217899522,18465047,4,App Experience,Neutral,2024-10
4217056877,2903620,4,App Experience,Neutral,2024-03
3684167813,46563355,4,Customer Service,Neutral,2024-09
5351904164,97411107,4,Delivery,Neutral,2024-08
2731829604,46615831,3,Product Quality,Neutral,2024-02
7162485958,75081265,4,Customer Service,Positive,2023-12
4830502113,89867195,3,App Experience,Neutral,2024-01
9797013595,80571942,4,App Experience,Positive,2024-05
9487843345,23794330,4,Customer Service,Neutral,2024-06
2148242015,39093069,3,Customer Service,Negative,2023-05
7465258008,51503088,4,Delivery,Positive,2023-10
8875274470,57102800,5,Product Quality,Positive,2024-04
7049717910,44410149,5,Customer Service,Positive,2024-05
4829897426,25587553,3,Product Quality,Neutral,2023-06
3532186218,24456825,2,App Experience,Negative,2023-08
6897674900,79592021,2,Delivery,Negative,2024-05
163895717,61982521,5,Product Quality,Positive,2023-11
9857592403,84275450,2,Product Quality,Negative,2023-10
2521197661,13251137,4,Delivery,Positive,2024-02
488314125,5716817,4,Delivery,Positive,2023-04
5073549838,75082508,4,Product Quality,Neutral,2024-04
6399568661,82594354,5,App Experience,Positive,2023-12
3672658084,48228547,4,Delivery,Positive,2024-05
8273236145,85763665,3,Delivery,Neutral,2024-09
3411233779,79991320,4,App Experience,Positive,2024-04
8024667539,31622158,2,Product Quality,Negative,2024-07
6112199794,77086539,5,App Experience,Positive,2024-09
9484473160,21456226,3,Product Quality,Negative,2023-04
9729709418,45323391,3,Product Quality,Neutral,2023-03
7900224799,68692574,3,App Experience,Negative,2024-07
1821414490,75632045,5,Delivery,Positive,2024-10
5813507399,76019750,4,App Experience,Positive,2024-04
3928003125,53636086,3,App Experience,Negative,2023-12
5271866987,10562528,3,Product Quality,Neutral,2024-08
9794537731,85869195,4,Customer Service,Positive,2023-05
4852718488,71902700,5,Product Quality,Positive,2024-04
8300546273,13796199,4,Delivery,Positive,2023-09
976104194,6061349,2,Product Quality,Negative,2024-05
5373961125,57081917,3,App Experience,Negative,2024-11
6056126973,48765625,3,App Experience,Negative,2024-07
6352881332,80517784,4,Customer Service,Positive,2024-01
1643234106,37691544,2,Product Quality,Negative,2024-09
8697966993,85869195,4,Customer Service,Positive,2024-03
2276061263,83701325,3,Customer Service,Negative,2024-10
4045613782,61763552,3,Customer Service,Neutral,2023-08
2959828441,9987182,4,Customer Service,Positive,2024-03
3514589876,59620534,4,App Experience,Neutral,2023-10
9444081952,72576730,2,Product Quality,Negative,2023-11
8183959589,26752630,1,App Experience,Negative,2023-12
1712832927,5228136,4,Delivery,Positive,2024-03
8162867215,25713335,1,App Experience,Negative,2024-08
4160230443,87889031,4,Product Quality,Neutral,2024-04
9787535949,57340963,4,App Experience,Positive,2023-04
3423995261,75928073,3,Customer Service,Neutral,2023-05
1523343168,80862136,4,Customer Service,Positive,2024-07
1948066291,61320989,4,Customer Service,Positive,2024-10
2021361582,99695529,3,Delivery,Neutral,2024-05
7491420331,27504517,3,Delivery,Negative,2024-05
994840771,85088479,4,Product Quality,Positive,2023-10
6277344634,11202130,2,Customer Service,Negative,2024-07
4092653338,13604883,1,Customer Service,Negative,2024-04
7213712604,49433260,1,Delivery,Negative,2023-11
7326709115,22800586,4,Product Quality,Positive,2023-11
9419789569,8733344,3,App Experience,Neutral,2024-07
5388191488,74735607,4,Delivery,Neutral,2024-03
9065873433,32635818,4,App Experience,Neutral,2023-10
4627342297,88843865,3,Delivery,Neutral,2023-08
4286971111,469006,3,App Experience,Negative,2024-05
645282074,13265605,3,Delivery,Neutral,2023-05
7260939789,39999278,4,App Experience,Neutral,2023-10
1716322448,95873651,2,Delivery,Negative,2023-09
4293959647,820740,2,Product Quality,Negative,2023-10
3331935300,29095552,1,Delivery,Negative,2023-06
1775389576,15830066,4,Product Quality,Neutral,2024-03
8194774262,46836361,4,App Experience,Neutral,2024-10
3615279775,61618079,3,Customer Service,Neutral,2023-11
11467999,78267238,5,Customer Service,Positive,2023-04
3971267196,8536503,4,Customer Service,Positive,2024-01
1584863963,61877649,4,Customer Service,Neutral,2024-07
1557893814,75244116,2,Delivery,Negative,2024-04
8172695964,45323391,3,Customer Service,Neutral,2024-07
7462800868,93127511,4,Customer Service,Positive,2023-10
5438961669,37245065,5,App Experience,Positive,2024-09
4904849001,93563435,2,Product Quality,Negative,2023-11
4816980820,52613657,4,Product Quality,Positive,2023-03
9004078716,55552600,1,Product Quality,Negative,2023-08
8350353728,25585013,1,Customer Service,Negative,2024-01
1204084245,1342184,3,Product Quality,Negative,2023-09
4142209897,44557943,3,Delivery,Negative,2023-09
125551624,14693393,5,Customer Service,Positive,2024-08
9970545044,22931642,1,App Experience,Negative,2023-08
7976032064,72946405,2,Customer Service,Negative,2024-05
8691567542,41640262,2,Customer Service,Negative,2024-06
3592747590,12755730,2,Customer Service,Negative,2024-04
7495753437,4758426,3,Delivery,Neutral,2023-06
3965847120,80761521,4,App Experience,Positive,2023-05
9365984533,89704218,5,Product Quality,Positive,2024-06
2948242102,13189939,5,Customer Service,Positive,2023-10
6161193691,55693909,4,App Experience,Positive,2023-05
5964122835,14006996,5,App Experience,Positive,2024-03
8879377902,61320989,3,Customer Service,Neutral,2024-03
8158068874,64403005,5,Customer Service,Positive,2024-07
7039570964,68941950,5,Customer Service,Positive,2024-04
5482913265,88324928,4,App Experience,Neutral,2024-08
1018255782,2219590,4,Product Quality,Neutral,2024-09
8441505853,48409448,5,App Experience,Positive,2023-11
3850018395,57674875,3,App Experience,Neutral,2023-06
4884197611,28173165,3,Product Quality,Negative,2023-04
5321849748,84468124,4,Customer Service,Positive,2024-03
9808738347,7728406,4,Product Quality,Positive,2024-03
8727249149,35826539,3,App Experience,Neutral,2023-06
2772154780,50899600,5,Customer Service,Positive,2024-07
9128056381,98691989,1,Delivery,Negative,2024-06
4461463308,81352781,3,App Experience,Neutral,2023-06
5636483988,34095555,4,App Experience,Neutral,2024-01
1532065529,75464725,1,Customer Service,Negative,2023-12
9933994647,83304571,1,Delivery,Negative,2024-02
4823026749,34835738,2,Product Quality,Negative,2024-08
7453442245,77869660,3,Product Quality,Negative,2024-09
6519941559,29902416,5,App Experience,Positive,2024-05
3798769654,75913572,5,Product Quality,Positive,2024-09
5034289521,21201299,3,Delivery,Neutral,2024-05
6971088688,11389698,4,Customer Service,Neutral,2023-07
5650184107,19771128,3,Product Quality,Neutral,2023-06
5770410311,20956158,5,Delivery,Positive,2023-12
274530126,35278126,3,App Experience,Negative,2023-04
4819831152,66886852,5,Product Quality,Positive,2024-09
6977688323,56780331,4,App Experience,Neutral,2023-06
2035952734,63360864,3,Product Quality,Negative,2023-04
3665334102,51476157,3,Delivery,Neutral,2024-11
1862413314,48150243,5,Delivery,Positive,2024-05
4466643926,82989313,4,Product Quality,Neutral,2024-04
4470717835,76008165,2,Delivery,Negative,2023-07
3018086191,76359458,1,App Experience,Negative,2024-02
2447983559,99772709,3,App Experience,Neutral,2024-10
5116322704,63360864,4,App Experience,Positive,2024-06
8941550852,54145987,4,Delivery,Positive,2024-04
8026773850,94730288,3,Product Quality,Neutral,2023-10
2102402075,30317733,4,Delivery,Positive,2024-07
989844439,30468930,4,Customer Service,Neutral,2023-07
8426805628,11636968,5,Product Quality,Positive,2023-04
7662188403,35554129,4,Product Quality,Neutral,2023-05
9141654140,77811864,3,Product Quality,Neutral,2023-07
5696947751,90745023,4,Customer Service,Neutral,2023-11
8953871540,1601161,1,App Experience,Negative,2023-11
1767778760,67729191,1,Delivery,Negative,2023-04
5516201271,73661993,1,Delivery,Negative,2024-07
9358248664,75213636,4,Customer Service,Positive,2023-12
1530424665,45700739,5,Delivery,Positive,2023-04
7816293360,87669943,2,App Experience,Negative,2023-07
1602396548,11063505,3,Delivery,Negative,2024-09
7938126128,26199489,2,Product Quality,Negative,2023-06
271744331,47274329,3,App Experience,Neutral,2023-08
387311360,70221073,4,Delivery,Neutral,2023-08
1286123100,45659330,3,App Experience,Neutral,2023-12
4832392771,10038382,3,Product Quality,Negative,2023-11
4800106448,49970560,4,Product Quality,Positive,2023-12
5500008514,31371112,5,Product Quality,Positive,2024-05
7879575037,7228206,4,Delivery,Neutral,2024-01
50845914,54893418,3,Customer Service,Negative,2023-04
9766990467,48358028,1,App Experience,Negative,2023-06
4215602937,66499992,5,Delivery,Positive,2023-10
238484255,73869823,2,App Experience,Negative,2024-04
3293988248,89986926,1,App Experience,Negative,2024-09
5296157775,99231937,5,Delivery,Positive,2024-07
1143489067,21432404,3,Customer Service,Negative,2023-09
8524452029,40986000,3,Delivery,Neutral,2023-11
4256779885,88745052,5,App Experience,Positive,2023-06
7744686996,72946405,2,App Experience,Negative,2023-09
5427462399,41647393,5,App Experience,Positive,2024-06
8596751747,66359719,1,Product Quality,Negative,2024-03
4746468643,15144290,4,App Experience,Neutral,2023-08
3010047327,5716817,1,Customer Service,Negative,2023-12
1236959246,94033330,5,Product Quality,Positive,2024-10
6600422315,79726146,4,Customer Service,Positive,2023-09
3227252410,83023956,4,App Experience,Neutral,2024-02
6972292408,19682060,4,Delivery,Neutral,2023-11
7562754470,10700664,3,Customer Service,Negative,2024-02
7361971676,27504517,4,Customer Service,Positive,2023-08
8875605037,93867669,1,App Experience,Negative,2023-09
8508253527,31233120,2,App Experience,Negative,2024-09
6798775600,24845814,4,Customer Service,Positive,2023-10
3624810422,42366724,2,Customer Service,Negative,2024-08
4740213452,84066402,2,Customer Service,Negative,2024-02
3825468344,81337068,4,Product Quality,Neutral,2023-04
902245665,44828791,5,Customer Service,Positive,2024-08
6874299189,24633671,3,App Experience,Neutral,2023-08
1127125313,91312072,2,Customer Service,Negative,2023-12
3606548818,85354059,4,App Experience,Neutral,2023-05
5750044154,11636968,3,App Experience,Neutral,2024-09
3872847781,27727819,3,Customer Service,Negative,2023-09
5939554684,3875480,3,Delivery,Neutral,2023-06
676412814,57291761,4,Customer Service,Neutral,2024-07
4248390724,6390687,2,Product Quality,Negative,2023-08
8938687150,97664747,2,Product Quality,Negative,2023-04
7898867047,899941,2,Delivery,Negative,2023-05
2142065357,469006,4,Delivery,Positive,2024-01
9024719693,21597477,5,Delivery,Positive,2024-06
8976616698,90346920,1,Customer Service,Negative,2023-08
8792586840,91566278,3,Customer Service,Neutral,2023-06
5375387413,66768157,1,App Experience,Negative,2023-04
4252164097,72366758,5,App Experience,Positive,2023-09
8423273411,5418547,1,Delivery,Negative,2023-05
2551179741,18791381,2,Customer Service,Negative,2024-04
227511348,11775073,4,Product Quality,Neutral,2024-08
4434464045,7591711,3,Customer Service,Negative,2023-09
7041011843,35705377,3,App Experience,Negative,2024-02
6510283268,67383024,3,Customer Service,Negative,2024-06
6853654698,85198177,4,App Experience,Positive,2023-08
9338996795,2219590,4,Customer Service,Neutral,2024-01
7346145952,96629258,4,Customer Service,Neutral,2024-03
6497069610,52672659,3,Delivery,Neutral,2024-04
1741402363,87200291,1,Product Quality,Negative,2024-06
4825878367,46717997,2,Delivery,Negative,2024-10
7019011442,41640262,4,Customer Service,Positive,2023-06
1674463798,52085702,4,App Experience,Neutral,2024-09
305684588,46876240,1,Customer Service,Negative,2024-08
5967495442,77086074,3,Product Quality,Neutral,2024-07
2571047526,90665975,2,Delivery,Negative,2023-06
7784811086,53332493,4,Product Quality,Positive,2024-09
7942005230,78614729,4,Delivery,Neutral,2023-03
6653543195,95334407,4,App Experience,Positive,2023-09
397928918,71902700,4,Customer Service,Neutral,2024-09
776120140,25128143,3,Product Quality,Neutral,2023-11
8293188779,28991365,1,Product Quality,Negative,2024-10
178737268,2164524,3,Customer Service,Neutral,2023-06
5246598523,90665975,5,Customer Service,Positive,2023-11
1172544737,30188374,4,App Experience,Positive,2023-11
6419533291,92404798,3,Delivery,Neutral,2023-07
882083749,51833636,4,Customer Service,Positive,2023-06
3185510401,43990799,4,Delivery,Positive,2024-10
7760767006,93018527,3,Product Quality,Neutral,2023-08
3833878150,644189,3,Delivery,Neutral,2024-06
369899578,44198187,3,App Experience,Negative,2023-08
1944466212,70798876,4,Product Quality,Positive,2024-09
4064447117,6061349,3,Delivery,Neutral,2024-02
1553685597,22822088,3,App Experience,Neutral,2024-10
3682284811,96009692,3,Delivery,Neutral,2024-07
291439357,62679120,4,Customer Service,Positive,2023-04
8285784194,17390673,2,Customer Service,Negative,2024-09
5058742647,29562254,5,Delivery,Positive,2024-09
6917020296,34655710,1,App Experience,Negative,2024-07
6671181961,50968312,5,Customer Service,Positive,2023-10
5123439997,89886179,4,Delivery,Neutral,2024-02
8510183245,3897936,4,App Experience,Neutral,2024-10
6081384585,94529626,4,Delivery,Neutral,2024-03
4423613746,98088303,1,Delivery,Negative,2023-08
1530472691,82169898,3,Product Quality,Neutral,2024-08
7009303199,85519349,3,App Experience,Neutral,2024-02
5386652055,71252391,5,Delivery,Positive,2024-04
4413239746,22915611,5,App Experience,Positive,2023-04
4988875078,65514005,4,App Experience,Positive,2023-07
1617565217,43518622,3,Product Quality,Negative,2024-06
392038758,24144240,4,Product Quality,Positive,2024-07
1828727552,12455156,4,Product Quality,Positive,2024-03
7119397338,25850478,3,App Experience,Negative,2024-10
2611271708,11446157,3,Delivery,Negative,2024-04
7162509481,1174162,1,App Experience,Negative,2024-10
131913576,48228547,2,Delivery,Negative,2023-10
6627201490,28991365,1,Delivery,Negative,2023-12
4644950813,81655250,4,Product Quality,Positive,2023-08
9434934993,92027021,2,Customer Service,Negative,2024-08
2556317798,29562072,5,Customer Service,Positive,2023-09
2826150539,24456825,3,Delivery,Neutral,2023-11
4283803308,4543215,3,Delivery,Neutral,2023-12
6873424093,35705377,5,Customer Service,Positive,2024-02
4741294126,66354642,4,App Experience,Positive,2024-09
4967241271,45708879,4,Product Quality,Positive,2023-05
9554079946,69516494,5,App Experience,Positive,2023-12
4601205399,97111069,4,App Experience,Positive,2023-07
5633967304,72605638,3,Delivery,Negative,2024-01
4168163237,47503133,4,Delivery,Positive,2023-07
5924297360,59197894,3,Product Quality,Neutral,2024-09
2120299901,28499191,4,Delivery,Neutral,2024-06
1070876534,59329145,4,App Experience,Neutral,2024-02
7032280048,18567760,2,Customer Service,Negative,2023-09
156346853,57331847,5,Customer Service,Positive,2023-03
6873267326,45546750,4,App Experience,Neutral,2024-02
1370661468,64795608,5,App Experience,Positive,2023-09
3612128358,8513589,3,App Experience,Negative,2024-04
1736953222,86704661,5,Delivery,Positive,2024-02
9107923488,85354059,4,Delivery,Positive,2023-11
4378877600,46989310,1,Product Quality,Negative,2023-11
3232762361,22613559,5,Delivery,Positive,2023-07
1831641377,76971644,3,Product Quality,Neutral,2024-03
562428866,57833505,3,Delivery,Neutral,2023-04
4607715908,59095971,3,Customer Service,Neutral,2024-08
4804575203,53974737,3,Product Quality,Negative,2023-05
8287234948,47939657,5,Customer Service,Positive,2024-10
6074452586,78806824,3,Product Quality,Negative,2023-09
6821790656,66710182,3,App Experience,Negative,2024-08
7821942520,84468124,3,Delivery,Neutral,2024-02
3012496270,27604184,4,Customer Service,Neutral,2023-04
8980370750,76971644,1,Product Quality,Negative,2023-09
6535672015,4758426,3,App Experience,Negative,2023-05
6999060704,15534747,5,Product Quality,Positive,2023-04
9403732731,73393269,5,Product Quality,Positive,2024-05
5649255352,84119685,4,Delivery,Positive,2024-10
5034409841,46629917,3,Product Quality,Neutral,2023-08
9072111617,49985597,2,App Experience,Negative,2024-09
9556880451,48778633,4,Delivery,Neutral,2023-10
4602796463,22047134,2,Delivery,Negative,2024-09
6061353924,49241309,5,App Experience,Positive,2024-03
4366519080,63339001,5,Customer Service,Positive,2023-05
1324817141,71694275,4,App Experience,Positive,2023-08
5419080144,55404382,3,Product Quality,Neutral,2024-11
8813470284,57537308,5,Delivery,Positive,2024-01
3182992799,81906973,3,Delivery,Negative,2023-10
7792996715,22081691,3,App Experience,Neutral,2024-01
6962624734,88866835,4,App Experience,Positive,2023-04
5948662456,35988028,3,Customer Service,Neutral,2023-06
3395675979,88202341,4,App Experience,Neutral,2023-06
7550368787,51592174,4,Product Quality,Positive,2023-12
8357671697,97388817,3,Customer Service,Negative,2024-04
9600704922,90372221,3,Product Quality,Negative,2023-11
9915229426,12832151,2,Product Quality,Negative,2024-02
9927474026,94137242,4,Product Quality,Neutral,2023-03
6310535397,21461764,1,Customer Service,Negative,2023-05
8045941430,67829645,3,Delivery,Neutral,2023-05
4390394582,49795571,3,Delivery,Negative,2024-11
5062545226,84275450,4,Product Quality,Neutral,2023-11
2836701831,62323608,2,App Experience,Negative,2024-06
4115492281,32540616,3,Customer Service,Neutral,2024-01
3554645781,26227445,3,Customer Service,Neutral,2024-04
3983605701,19067680,1,Delivery,Negative,2024-01
8581516385,8241122,4,Product Quality,Neutral,2023-12
8290229112,88923048,4,Delivery,Neutral,2024-03
1195560119,83039559,4,App Experience,Positive,2023-04
5077327994,243838,4,App Experience,Neutral,2023-08
2945185661,81102955,4,Delivery,Positive,2023-07
3951005873,52085702,1,Delivery,Negative,2024-10
3490816523,25128143,2,Delivery,Negative,2024-01
6739114301,51544662,4,Delivery,Positive,2023-03
5728818155,31000129,3,Product Quality,Negative,2023-11
7713651693,8351747,5,Delivery,Positive,2023-08
5452048621,22483684,3,Product Quality,Neutral,2024-10
2297027645,36578947,3,App Experience,Negative,2024-04
2438302298,77862447,3,Delivery,Neutral,2023-04
578811216,75739462,3,Product Quality,Negative,2024-06
8684710720,74172010,4,App Experience,Neutral,2023-09
1249797614,54797119,2,Customer Service,Negative,2024-06
8013026217,52337289,4,Delivery,Positive,2023-03
5421697986,95971469,4,Delivery,Positive,2023-05
8922741261,22133362,4,Delivery,Positive,2024-08
3441102335,12077371,3,Product Quality,Neutral,2023-11
6065607924,91868185,4,Product Quality,Positive,2024-05
5153395650,94033330,3,Product Quality,Negative,2023-03
2215235447,88215615,4,Delivery,Neutral,2024-09
5678676134,76917159,4,Delivery,Neutral,2024-09
5045588926,67092149,5,Product Quality,Positive,2023-07
1677502866,24644542,2,Product Quality,Negative,2024-01
4777610024,81808190,5,App Experience,Positive,2024-05
477350788,3638834,4,Customer Service,Positive,2023-10
4616699342,11446157,4,App Experience,Neutral,2023-04
8849914077,32527479,4,Delivery,Neutral,2024-01
9183435457,25722990,3,Customer Service,Negative,2024-10
6922646336,92416428,4,App Experience,Positive,2023-06
3228806806,70543108,1,Product Quality,Negative,2023-06
4893095476,21409946,4,Product Quality,Neutral,2024-10
7773468233,22210238,3,Product Quality,Neutral,2023-10
5928657526,22076522,3,App Experience,Negative,2023-10
4435936422,47206881,4,Customer Service,Positive,2023-12
6031122324,28603182,1,Customer Service,Negative,2024-06
7286969496,75913572,5,App Experience,Positive,2023-06
4665508413,77035814,4,Delivery,Positive,2023-11
9224598372,50015282,5,Delivery,Positive,2024-03
842020543,99231937,4,Product Quality,Neutral,2024-08
7237143327,96253172,3,Product Quality,Neutral,2023-06
5095141954,1469696,1,Product Quality,Negative,2023-08
6229535077,77869660,2,Customer Service,Negative,2024-04
2984879441,16379942,3,Product Quality,Neutral,2024-04
785895477,11389698,4,Product Quality,Neutral,2023-03
6220343481,79895967,4,App Experience,Positive,2023-06
5897343054,52815265,3,Customer Service,Neutral,2023-03
60465,15808945,4,Product Quality,Neutral,2024-10
2245476104,8628482,5,App Experience,Positive,2023-06
6347292505,83597876,4,Customer Service,Neutral,2024-06
8321900643,1655637,4,Product Quality,Positive,2023-10
9639033064,20314691,4,Product Quality,Positive,2024-08
2748368258,92404798,4,Product Quality,Positive,2023-08
1444371693,9274874,4,Customer Service,Positive,2023-05
7111342746,35459748,4,App Experience,Neutral,2024-10
9457576236,80800079,3,Customer Service,Neutral,2023-11
4167252733,70589930,1,Delivery,Negative,2023-11
4304875010,89995124,4,Product Quality,Positive,2024-01
4870910859,88532418,5,Product Quality,Positive,2023-07
3674118222,32868927,4,Customer Service,Positive,2024-07
38408517,39674723,3,Customer Service,Neutral,2023-11
3081609596,7076456,1,Customer Service,Negative,2023-04
1390229631,67952740,5,Customer Service,Positive,2023-08
7498092418,50968312,2,App Experience,Negative,2023-10
3334055527,79298972,4,App Experience,Positive,2023-04
8729426842,37904682,4,Product Quality,Neutral,2023-06
1722808791,51014003,2,Customer Service,Negative,2023-05
9775070757,55042740,4,Product Quality,Positive,2024-03
4737779056,43980719,5,Delivery,Positive,2024-08
2047483376,11493380,3,Delivery,Negative,2023-10
4758632331,34853377,4,App Experience,Positive,2023-09
4741574337,40841791,4,Customer Service,Positive,2024-02
5805120939,12277039,5,Customer Service,Positive,2024-07
7550508,93127511,5,Delivery,Positive,2023-10
1966056265,63802820,3,Product Quality,Negative,2024-08
6363072906,29095552,4,Product Quality,Neutral,2024-07
7389054351,25585013,5,Customer Service,Positive,2023-12
7146572423,80954112,1,Product Quality,Negative,2023-06
4590810848,20298398,2,App Experience,Negative,2023-05
9226364404,29858395,4,Delivery,Neutral,2023-11
6687792641,93924203,5,App Experience,Positive,2024-05
5183577434,2134827,1,Customer Service,Negative,2024-01
7440785414,72132838,5,App Experience,Positive,2023-11
7932057095,73363613,4,Product Quality,Neutral,2023-09
6126906924,33675108,5,Product Quality,Positive,2023-12
8997788831,72495274,1,Delivery,Negative,2023-03
3480516243,23567263,4,Product Quality,Positive,2024-08
1234692850,76971644,5,App Experience,Positive,2024-03
4954911880,82359623,4,Customer Service,Neutral,2023-04
504060154,55060796,3,Product Quality,Negative,2023-07
8723752267,13494314,2,Delivery,Negative,2024-07
5724116944,93938425,4,Customer Service,Neutral,2024-06
8161349145,19080489,3,Customer Service,Negative,2024-03
2985254380,73377004,1,Product Quality,Negative,2023-11
9837170359,42723554,5,Customer Service,Positive,2023-04
3915323515,32987624,3,Customer Service,Neutral,2024-09
8829163586,11387110,1,Product Quality,Negative,2024-01
961526405,63083547,4,App Experience,Neutral,2024-10
5792721465,49617892,1,Delivery,Negative,2024-10
8094117960,95018817,4,Delivery,Positive,2023-04
9318325652,89986926,3,Customer Service,Neutral,2024-04
852676412,65570302,4,App Experience,Positive,2024-08
6487883093,37309023,3,Product Quality,Neutral,2024-10
5398965602,99412119,3,App Experience,Negative,2024-06
6149664144,52678787,3,App Experience,Neutral,2024-10
6231586256,12755730,2,Customer Service,Negative,2023-05
4598622116,85518832,2,Product Quality,Negative,2024-03
8971796779,21786873,3,Delivery,Neutral,2024-07
2148246883,93563435,3,Product Quality,Negative,2023-09
4357632507,6150721,1,Customer Service,Negative,2024-09
3323576462,20163931,4,App Experience,Positive,2023-12
4220834107,74682740,5,Product Quality,Positive,2023-09
4409513224,12814732,2,App Experience,Negative,2024-10
5610159677,90184276,5,Delivery,Positive,2023-08
6259219127,21577948,3,Product Quality,Negative,2023-05
5628497118,50229203,4,App Experience,Neutral,2024-10
1508576390,81541985,4,App Experience,Neutral,2023-07
5922953060,96628029,5,Product Quality,Positive,2024-09
5130838561,10524732,4,Delivery,Neutral,2023-07
3217749279,40643232,1,Customer Service,Negative,2023-09
9279422297,15043066,4,Product Quality,Neutral,2023-04
222955546,51661209,1,App Experience,Negative,2023-09
8290493339,69340015,1,App Experience,Negative,2024-01
6418952352,34381941,4,Delivery,Positive,2023-08
8978231928,73799927,4,App Experience,Positive,2024-10
3746306403,47625855,4,Product Quality,Positive,2023-07
3157198428,61753272,4,App Experience,Neutral,2024-10
981939883,51119088,3,Product Quality,Negative,2023-05
6569836274,5228136,4,Customer Service,Neutral,2024-06
5695124358,90144978,5,App Experience,Positive,2024-05
773335066,26935187,4,App Experience,Positive,2023-07
3618712852,27049432,3,Customer Service,Neutral,2023-10
6009732867,6982488,4,App Experience,Neutral,2024-08
7269785858,47939657,4,Product Quality,Neutral,2024-08
5798831066,42102289,4,Customer Service,Neutral,2024-04
5330654120,90299101,4,Product Quality,Neutral,2024-11
462189338,34755436,4,Product Quality,Positive,2023-09
7536187765,19091057,4,Product Quality,Neutral,2024-04
9938820107,27304727,4,Delivery,Neutral,2023-11
9410751894,44859592,4,Product Quality,Neutral,2024-07
9172888683,71956734,1,App Experience,Negative,2024-06
8018695018,68419593,4,Delivery,Positive,2023-05
7456610316,74231111,2,Customer Service,Negative,2024-07
5627902734,69415494,4,App Experience,Neutral,2023-03
5189768940,50045027,4,App Experience,Neutral,2023-10
173709007,43034188,3,Product Quality,Neutral,2023-10
1485229334,17132416,2,Product Quality,Negative,2023-07
9334479603,49147776,3,Product Quality,Negative,2023-04
8674211510,10562528,3,Customer Service,Neutral,2023-09
390257855,5228136,3,Customer Service,Neutral,2023-04
6642374542,32019725,5,Customer Service,Positive,2024-08
6585999443,93730857,3,Delivery,Negative,2023-06
622705569,93723634,5,Customer Service,Positive,2024-07
1635083835,79135318,2,Product Quality,Negative,2023-09
7359512417,96511007,3,App Experience,Negative,2024-08
9237698013,79895967,1,Product Quality,Negative,2024-08
3492935177,3660263,5,Customer Service,Positive,2024-03
4324086468,68486301,1,Customer Service,Negative,2024-02
9171218505,89968482,2,Delivery,Negative,2024-05
5068157547,46741896,1,Delivery,Negative,2023-10
8558710948,70459847,5,Product Quality,Positive,2024-06
3184669775,71643758,4,Product Quality,Neutral,2024-05
7079324691,38902193,4,Product Quality,Positive,2023-04
4210311922,56195475,4,Product Quality,Positive,2023-05
7660037070,82585664,3,App Experience,Neutral,2024-02
9410025634,59643062,3,Delivery,Negative,2024-01
6798589010,18035010,4,Customer Service,Positive,2023-09
5401466202,12305040,4,Product Quality,Positive,2024-09
9102648124,81533356,4,Delivery,Neutral,2024-01
1969956670,32203588,5,Customer Service,Positive,2024-10
1194228460,61516967,5,Customer Service,Positive,2024-03
9628463148,12814732,5,Product Quality,Positive,2024-08
7745364283,25585013,4,App Experience,Neutral,2023-06
9892343037,55472026,1,App Experience,Negative,2024-07
1588828749,11540364,3,Customer Service,Negative,2023-11
4037647778,63802820,4,Customer Service,Positive,2023-03
6664301655,57474553,1,Product Quality,Negative,2023-07
7096225581,6319646,4,Customer Service,Neutral,2024-06
79029185,39645619,2,App Experience,Negative,2024-06
7831967187,81528623,4,Delivery,Positive,2023-06
482214790,31156674,4,Customer Service,Neutral,2023-04
5931307224,2361575,3,App Experience,Neutral,2023-11
6410432854,28995786,4,Customer Service,Neutral,2023-11
6124624375,26844216,4,Delivery,Neutral,2024-09
8992870838,46504355,3,App Experience,Neutral,2023-09
8377146126,33331259,5,Customer Service,Positive,2024-02
7852428533,9246851,4,Product Quality,Positive,2023-06
9258876870,26303194,3,Delivery,Negative,2024-03
6810940082,84953008,4,Customer Service,Neutral,2023-11
3330538479,98246574,2,Delivery,Negative,2024-01
7270469981,22210238,2,App Experience,Negative,2023-07
5636241570,94281220,1,Product Quality,Negative,2024-06
4467471002,74179536,5,Customer Service,Positive,2023-11
6201821502,45166203,4,Product Quality,Positive,2024-05
6144140039,66233704,4,Delivery,Neutral,2024-03
3310749597,95372766,5,Delivery,Positive,2023-07
5085488484,67215939,2,Customer Service,Negative,2023-12
587498345,69863493,1,Delivery,Negative,2024-06
5136205193,82804543,1,Customer Service,Negative,2023-08
9321319130,48943848,4,Delivery,Positive,2023-12
9113393578,82359623,3,Customer Service,Neutral,2023-12
3860678807,65488134,3,Product Quality,Negative,2023-04
3603683788,31026200,2,App Experience,Negative,2023-08
4472082279,41181125,1,Customer Service,Negative,2023-10
4104732514,35156679,2,Delivery,Negative,2024-06
9050314096,75510747,4,Delivery,Neutral,2023-05
9296105870,77614510,5,App Experience,Positive,2024-02
4678456188,21701991,4,Product Quality,Neutral,2023-12
812386333,72605638,1,Customer Service,Negative,2024-09
8100314462,15345667,4,App Experience,Positive,2024-02
781509952,41878908,4,Product Quality,Positive,2023-04
1918416669,99695529,4,Product Quality,Neutral,2023-05
1152165724,90448312,4,Customer Service,Neutral,2024-01
9664390656,16420489,1,Product Quality,Negative,2023-08
2686950796,22081691,3,Product Quality,Negative,2023-05
7332801173,89472859,4,Delivery,Neutral,2023-06
3503438244,24745800,2,App Experience,Negative,2024-02
4044591373,65782437,4,Product Quality,Neutral,2024-04
7817195618,40703374,4,App Experience,Positive,2023-05
8974710941,96109948,5,Delivery,Positive,2024-09
2811268404,98691989,4,App Experience,Positive,2023-07
7251548462,8955057,3,Product Quality,Neutral,2024-07
352037003,47955004,3,Customer Service,Negative,2024-01
8510312737,89361574,4,App Experience,Positive,2024-03
3242700095,84468124,1,Customer Service,Negative,2024-10
5833898647,18256339,4,Product Quality,Neutral,2023-10
7212771842,80315623,4,App Experience,Neutral,2023-04
7799757050,19556566,3,Product Quality,Negative,2024-05
9593303695,22054087,3,Product Quality,Neutral,2023-07
7709693536,59353207,5,Product Quality,Positive,2023-09
5092922964,92123198,3,Customer Service,Neutral,2023-11
8318806722,67696145,1,Delivery,Negative,2024-07
4352870279,60620291,4,App Experience,Neutral,2024-07
6722040962,83412446,4,Product Quality,Positive,2023-11
1690831615,20625627,4,Product Quality,Positive,2023-05
6475689021,16341776,3,Product Quality,Negative,2023-05
8361280131,28280172,5,App Experience,Positive,2024-09
2664549359,90586443,4,App Experience,Neutral,2024-06
9510912773,9274874,4,Delivery,Neutral,2023-05
3654462337,35826539,3,Customer Service,Neutral,2023-09
2308652017,54877984,3,Product Quality,Neutral,2023-08
8300200841,58214883,5,Delivery,Positive,2024-03
5027243163,85072416,4,Customer Service,Positive,2024-03
713290065,42227189,3,Product Quality,Neutral,2023-11
2006434350,20956158,1,Customer Service,Negative,2023-06
6587221270,20496835,4,Customer Service,Neutral,2023-12
969705468,25447967,3,Customer Service,Neutral,2024-01
4492000627,63262519,2,Delivery,Negative,2023-05
977290328,14428954,4,App Experience,Positive,2023-12
8735245723,33331259,3,Delivery,Negative,2023-07
6299539090,80796977,3,Product Quality,Neutral,2024-08
2177211652,15808945,4,Customer Service,Positive,2023-06
8972569491,72366758,5,Product Quality,Positive,2023-11
7658414712,54216497,4,Product Quality,Positive,2023-09
2069355540,98540377,3,Delivery,Neutral,2024-07
4084790776,75674671,4,Customer Service,Positive,2024-09
8716008121,38613642,5,Customer Service,Positive,2023-12
9781965606,8164639,4,Delivery,Neutral,2023-07
8380133046,40392019,5,Customer Service,Positive,2024-02
691827543,6637282,4,Delivery,Neutral,2023-04
5750245858,41146001,3,App Experience,Neutral,2023-04
1578150657,32054313,2,Delivery,Negative,2024-10
9069556587,41811800,3,Customer Service,Negative,2024-02
8396347551,36737539,4,App Experience,Neutral,2023-09
6083487488,11143197,5,Delivery,Positive,2024-03
3191281184,67538982,3,Delivery,Neutral,2023-07
6397409024,12059049,2,App Experience,Negative,2024-01
9021529086,12272282,5,Delivery,Positive,2024-03
8214544415,56780331,4,App Experience,Positive,2023-12
8569302709,7378768,3,Delivery,Neutral,2023-10
2219192870,41155125,3,App Experience,Neutral,2024-01
8537081061,57956497,2,App Experience,Negative,2023-08
9284683425,30755306,3,Product Quality,Neutral,2024-05
9774193601,19523014,4,Customer Service,Positive,2023-05
7496826261,21658322,4,Customer Service,Neutral,2023-11
1058749075,51592174,4,Delivery,Positive,2023-08
7128038799,6724509,3,Product Quality,Neutral,2024-03
3596318350,59398136,3,Customer Service,Neutral,2024-10
3187042843,8651281,1,Product Quality,Negative,2024-01
4673500573,59620534,4,App Experience,Neutral,2023-10
881900445,34567918,1,Customer Service,Negative,2024-08
9874112459,12799092,4,Delivery,Neutral,2024-09
4531430634,32585389,4,App Experience,Positive,2023-05
6715699166,76987910,4,Customer Service,Neutral,2023-08
4171748538,63083547,3,App Experience,Neutral,2023-07
4093115982,10508763,3,Delivery,Negative,2023-05
2515279840,21573815,2,Customer Service,Negative,2023-12
4981424948,79628054,4,App Experience,Positive,2024-10
1911064507,40055711,2,App Experience,Negative,2024-02
6438392384,29562072,5,Delivery,Positive,2024-09
5859840400,5754255,2,Product Quality,Negative,2023-10
7640576778,83236183,2,Product Quality,Negative,2024-02
5453475937,1719710,2,App Experience,Negative,2023-09
653610300,78394303,5,Product Quality,Positive,2023-04
730299055,16400639,5,Delivery,Positive,2024-10
8396250231,46088132,3,App Experience,Neutral,2024-02
8556969682,48228547,3,Delivery,Neutral,2023-05
7159670875,37691544,3,Product Quality,Negative,2024-06
4922278509,76533277,2,Delivery,Negative,2023-05
8151274002,91550885,4,Customer Service,Positive,2024-06
5373978100,82179338,3,Product Quality,Neutral,2024-01
6210207010,1601161,3,App Experience,Negative,2023-06
1837403174,84993732,4,Delivery,Positive,2023-05
1148265823,21809858,2,Product Quality,Negative,2024-10
8472487149,74761384,2,Product Quality,Negative,2024-02
9111535172,9274874,2,Delivery,Negative,2024-05
6558001978,88520326,3,Product Quality,Negative,2024-02
2762095386,84066402,4,Customer Service,Neutral,2024-08
2406325099,31718565,3,Product Quality,Negative,2023-11
4274182127,22020776,2,Customer Service,Negative,2024-09
7271609994,11616535,4,Product Quality,Neutral,2023-04
9182539734,66359719,4,App Experience,Positive,2023-07
7891517071,78412820,3,Customer Service,Negative,2024-01
3666182849,63793401,2,App Experience,Negative,2024-11
8724590445,10729474,5,Delivery,Positive,2023-06
7919863938,4378755,3,Delivery,Neutral,2024-08
3545539999,49449238,2,Delivery,Negative,2024-01
7463392603,46684081,3,Delivery,Neutral,2024-02
7296733293,86715467,2,Delivery,Negative,2024-02
7118924734,66310963,3,Product Quality,Negative,2023-10
2529809156,71905368,5,Customer Service,Positive,2024-05
2216699744,5540556,4,Product Quality,Neutral,2024-06
8257221712,5277675,5,Product Quality,Positive,2023-10
1357352531,9246851,4,App Experience,Neutral,2023-06
2108138590,67918495,4,App Experience,Positive,2023-11
5648212121,37633848,5,Customer Service,Positive,2023-12
3951878528,28458746,1,Product Quality,Negative,2023-12
8310385249,97315135,1,App Experience,Negative,2023-07
7513562596,88130777,4,App Experience,Positive,2024-07
6304586678,38496400,1,Delivery,Negative,2023-09
5222812863,65294340,4,Product Quality,Neutral,2024-04
5393039591,40419593,5,Delivery,Positive,2024-10
6708586922,91072336,3,Customer Service,Negative,2024-05
3177552965,99231937,5,Delivery,Positive,2024-05
607125614,55425478,4,Product Quality,Neutral,2024-05
139417019,75566105,3,Product Quality,Neutral,2023-07
1893231742,51661209,4,Product Quality,Positive,2024-10
3580010065,95590889,4,App Experience,Neutral,2023-05
962319394,44723662,4,Product Quality,Positive,2023-08
8321726382,82918668,4,Delivery,Neutral,2023-04
1485682761,70363568,5,App Experience,Positive,2023-10
5008756947,73661993,2,Customer Service,Negative,2023-08
1334996274,11493380,5,Customer Service,Positive,2023-07
2914506024,31940833,2,App Experience,Negative,2024-02
8811831663,74682740,1,Product Quality,Negative,2023-04
875427533,10686446,2,Product Quality,Negative,2024-03
5865390748,30042971,4,Customer Service,Positive,2024-10
4054828941,99893898,4,Delivery,Positive,2023-12
1257568604,9981089,3,Customer Service,Negative,2023-09
2738862626,56572297,3,Product Quality,Negative,2024-01
7352532839,9738801,5,Customer Service,Positive,2024-02
520221662,53025962,3,Customer Service,Neutral,2023-07
7818925535,45477575,1,Product Quality,Negative,2023-11
3476023750,43990799,4,Delivery,Positive,2023-06
8945838922,13415362,1,Product Quality,Negative,2023-05
2233053313,15830066,3,Customer Service,Neutral,2023-10
1844073851,38808614,2,App Experience,Negative,2024-02
8348125769,29584848,4,Product Quality,Positive,2023-12
8475818223,12832151,3,App Experience,Neutral,2023-11
4270941188,47274329,2,Product Quality,Negative,2024-01
2611200126,91448742,2,App Experience,Negative,2024-05
8573833987,12988801,4,App Experience,Positive,2024-02
2979246068,61763552,3,Delivery,Neutral,2024-02
6779895105,64535602,5,Delivery,Positive,2024-09
1731478314,67215939,1,App Experience,Negative,2024-07
3692405872,41878908,3,App Experience,Neutral,2023-07
8853713324,58505903,4,App Experience,Neutral,2023-08
979766779,57081917,1,Product Quality,Negative,2024-04
5709672475,16543242,2,Delivery,Negative,2023-08
3855709201,13651980,4,Product Quality,Positive,2024-04
6861065282,57523973,4,Customer Service,Neutral,2023-08
7919724613,81200164,4,Delivery,Neutral,2023-03
7882742057,32293017,4,Delivery,Positive,2024-07
1929002406,67538982,3,Delivery,Negative,2023-12
2458349464,99714944,2,Product Quality,Negative,2023-04
6608328221,76020843,4,Product Quality,Positive,2023-07
7736615348,84161531,1,Product Quality,Negative,2023-12
2591738507,14705462,3,Product Quality,Neutral,2024-10
6751537971,98444183,4,Customer Service,Positive,2024-07
9768154003,88045094,5,Delivery,Positive,2024-01
5887288860,40587811,4,Delivery,Neutral,2024-03
3559865135,66310963,3,Product Quality,Negative,2024-01
209044447,2058037,4,Delivery,Positive,2024-10
9643668734,34835738,5,Delivery,Positive,2024-05
6115465612,12338529,3,App Experience,Neutral,2023-09
8493723088,20238921,3,App Experience,Neutral,2023-12
6392024503,75640174,4,Product Quality,Positive,2023-09
9863468109,73363613,4,Delivery,Positive,2024-01
5448628635,21658322,4,Customer Service,Positive,2023-05
3329455953,31371112,1,Delivery,Negative,2024-03
3584190892,60974181,4,Product Quality,Neutral,2023-10
9097056321,16424635,5,Product Quality,Positive,2024-04
525741957,88866835,4,Customer Service,Positive,2023-05
5387395051,37095171,3,Delivery,Neutral,2024-09
6799246060,6245778,1,Delivery,Negative,2023-11
8986314607,11047835,4,Customer Service,Positive,2024-08
1085912198,93198324,3,Delivery,Neutral,2023-03
3423328091,18935489,5,Customer Service,Positive,2023-09
9848366909,34281470,3,App Experience,Negative,2023-11
936021770,79960955,4,Product Quality,Positive,2024-02
8916215165,49806393,5,App Experience,Positive,2023-08
389558867,8375298,4,Delivery,Positive,2023-09
7616883530,16410155,4,Customer Service,Neutral,2023-09
3851744248,61763552,4,Product Quality,Neutral,2023-04
4953665655,14428954,2,Product Quality,Negative,2024-01
962864152,24357425,4,Customer Service,Neutral,2024-07
923668833,47125914,3,Customer Service,Negative,2023-05
4022122330,33871107,3,App Experience,Neutral,2023-12
4564846800,79764458,2,App Experience,Negative,2023-08
690652905,75289676,5,Product Quality,Positive,2024-04
716741661,43052303,1,Customer Service,Negative,2024-10
6575532281,44149982,2,Product Quality,Negative,2024-03
7486807731,71189232,4,Product Quality,Neutral,2023-12
9721870982,79919160,2,Delivery,Negative,2023-11
8105823343,16400639,5,App Experience,Positive,2023-10
7113554979,19180962,4,Delivery,Neutral,2023-11
507373134,95269737,2,App Experience,Negative,2024-10
4674132573,98444183,5,Delivery,Positive,2024-10
487395969,93924203,4,Product Quality,Neutral,2023-12
3962007460,93458307,3,Delivery,Negative,2024-07
2272882287,25641500,5,Product Quality,Positive,2024-07
4426246696,88923048,5,Customer Service,Positive,2023-11
1714709914,86067293,4,Customer Service,Positive,2024-09
3159133564,81541985,4,Delivery,Neutral,2023-08
4531739740,98088303,5,Product Quality,Positive,2024-06
3158981349,92038780,3,Customer Service,Negative,2023-10
1789010378,81533356,1,Customer Service,Negative,2023-07
705203916,58929595,4,Product Quality,Neutral,2024-08
7255510932,62526813,1,App Experience,Negative,2024-08
1991167685,37309023,5,Product Quality,Positive,2024-03
5103721089,5135207,4,App Experience,Neutral,2023-08
9674006557,60561655,3,Customer Service,Neutral,2023-05
1073466441,42465414,4,Delivery,Positive,2023-05
5407006470,95364457,5,Delivery,Positive,2024-05
747347782,6398761,4,App Experience,Neutral,2023-04
8554063149,5039883,4,Delivery,Positive,2024-06
4855215470,21573815,4,Product Quality,Positive,2024-03
5008998072,26245432,5,Delivery,Positive,2024-01
9696466906,40434527,4,Customer Service,Positive,2024-05
7189534591,6291143,5,Delivery,Positive,2023-08
9965941354,82286725,4,App Experience,Positive,2023-11
1275232752,83304571,2,Product Quality,Negative,2023-08
343479370,5043760,4,Delivery,Positive,2024-05
2485933387,21573815,3,Product Quality,Negative,2024-07
6735843326,52085702,4,Delivery,Neutral,2024-10
6384313098,47295676,2,Delivery,Negative,2023-12
1022032613,59436131,4,Customer Service,Positive,2023-12
8026892264,93341057,3,Customer Service,Neutral,2023-09
7158825499,63571453,4,Product Quality,Positive,2024-04
5327013494,89418072,5,Product Quality,Positive,2024-04
1002526452,97475543,4,Delivery,Neutral,2023-07
4650525854,71694275,2,Delivery,Negative,2024-01
6260291784,75038062,4,Customer Service,Neutral,2024-07
1884314278,15534747,1,Product Quality,Negative,2023-09
7074219396,36737539,2,Customer Service,Negative,2024-05
807183459,76212152,3,Product Quality,Negative,2023-09
598539940,76970363,4,App Experience,Positive,2023-07
427702490,71607166,3,Customer Service,Neutral,2024-01
955844536,4597433,4,Customer Service,Neutral,2023-03
5397640599,2684440,4,Delivery,Neutral,2024-05
3451246886,36774480,3,Delivery,Negative,2024-05
8487733248,12500465,4,Product Quality,Positive,2023-04
2921621434,41194825,3,Product Quality,Neutral,2023-08
4757133884,34655710,4,App Experience,Neutral,2024-08
1793847102,93563435,3,Customer Service,Negative,2024-09
6197760573,5763963,3,App Experience,Negative,2023-03
6818660907,38420886,5,Product Quality,Positive,2024-07
7807587130,74174956,3,Customer Service,Negative,2023-12
4540563647,79257353,3,Customer Service,Negative,2023-05
2480913332,95912198,4,Customer Service,Neutral,2023-10
5735481292,85907588,3,Customer Service,Neutral,2024-06
7112326373,46848302,3,Product Quality,Neutral,2023-05
614274161,10240052,5,Delivery,Positive,2023-09
5512258335,1469696,4,Customer Service,Neutral,2024-03
1214757247,46675763,3,Delivery,Neutral,2023-09
4211686231,66354642,2,Product Quality,Negative,2023-06
5288088590,9314637,5,Customer Service,Positive,2023-12
1193525681,60399360,3,Product Quality,Neutral,2024-09
5132095929,96373206,4,Delivery,Positive,2024-06
7703144556,31328762,4,App Experience,Neutral,2023-12
6786199145,21701991,5,Delivery,Positive,2024-09
2463627380,24644542,3,Delivery,Neutral,2024-08
6331115638,99729547,4,Customer Service,Neutral,2023-07
9212312136,6959437,1,App Experience,Negative,2023-12
6788500162,48033969,4,Delivery,Neutral,2024-07
2166421384,85218071,4,App Experience,Neutral,2024-05
2744509800,69276352,2,Delivery,Negative,2023-08
8806260669,15631726,3,Product Quality,Neutral,2023-10
7773287963,93563435,4,Delivery,Positive,2023-03
8153845667,30192942,1,Customer Service,Negative,2024-08
8345887091,54145987,4,Product Quality,Neutral,2024-10
6638429050,75739462,1,Product Quality,Negative,2024-09
4132900691,42262168,4,Product Quality,Neutral,2024-09
2119346062,18259715,4,Customer Service,Neutral,2023-07
689310626,69416782,2,Delivery,Negative,2024-10
9246993674,21701991,5,Product Quality,Positive,2023-11
2282234185,94706375,3,Product Quality,Negative,2024-07
9697170386,48776805,1,Customer Service,Negative,2024-10
6376147802,60495351,4,Customer Service,Neutral,2024-07
7415158732,30192942,2,Delivery,Negative,2024-01
343300311,37095171,4,Product Quality,Positive,2024-08
3922539531,10048910,4,Delivery,Neutral,2024-09
7634516705,2058037,3,Customer Service,Neutral,2023-10
8731122718,50572914,4,Product Quality,Neutral,2023-04
9471236505,5540556,4,Customer Service,Positive,2024-10
9497014025,79764458,4,Customer Service,Neutral,2024-11
592358946,54952806,1,Delivery,Negative,2024-08
9680783354,20517871,3,Product Quality,Neutral,2023-04
6109792602,20148223,1,Delivery,Negative,2023-09
2734817654,6184558,3,Delivery,Neutral,2023-04
6380542008,76917159,5,App Experience,Positive,2023-06
4784760589,97111069,3,Customer Service,Negative,2024-03
1577703194,25641500,1,Delivery,Negative,2024-04
6758737749,70363568,3,Product Quality,Negative,2023-10
4081640450,97557157,5,Product Quality,Positive,2024-03
9258266990,76512976,3,Delivery,Negative,2024-03
2109410707,19741509,5,App Experience,Positive,2024-08
576022547,31681710,4,Product Quality,Positive,2024-04
2106943908,27604184,4,App Experience,Neutral,2024-01
6541281594,51812283,4,Product Quality,Neutral,2023-11
2664220988,92091019,2,Delivery,Negative,2023-05
493514666,12141418,3,Customer Service,Negative,2023-11
9658669384,29664214,3,Delivery,Neutral,2023-09
8765283513,21461764,5,App Experience,Positive,2024-02
6421427812,21948041,4,Product Quality,Neutral,2023-10
4467093205,8025622,3,App Experience,Negative,2023-10
7560862152,34755436,4,Customer Service,Positive,2023-04
8218080678,53538932,4,Customer Service,Positive,2024-05
8196173573,59110513,3,Product Quality,Neutral,2024-07
1174856327,10855630,1,Delivery,Negative,2024-06
9754365788,17805991,5,Customer Service,Positive,2023-12
8398774908,90448312,3,Product Quality,Negative,2024-02
626433439,41640262,1,Product Quality,Negative,2024-02
3097299525,80862136,3,Customer Service,Neutral,2023-10
5367488413,18113428,1,Delivery,Negative,2023-12
3700795655,47515046,5,Customer Service,Positive,2023-06
3161904185,82374625,3,Product Quality,Negative,2024-01
8149944548,16436359,4,Delivery,Neutral,2024-07
4961830447,3408982,3,App Experience,Neutral,2024-09
613578154,53974737,2,Customer Service,Negative,2024-08
2582466700,65368179,4,Customer Service,Positive,2024-09
3840910839,77869660,5,App Experience,Positive,2023-09
399559401,84456355,3,Product Quality,Neutral,2023-11
4037817241,48716374,2,App Experience,Negative,2023-12
582598096,75213636,5,Customer Service,Positive,2023-10
9218060399,80286283,3,Product Quality,Neutral,2024-10
6650174202,14255231,2,App Experience,Negative,2023-07
2715902884,67711384,1,Delivery,Negative,2024-08
7957986242,69761993,3,Product Quality,Negative,2023-12
7148568995,30447453,3,Delivery,Neutral,2023-04
670358911,20834589,4,App Experience,Neutral,2023-12
6098277214,46876240,3,Customer Service,Neutral,2023-03
4621664126,5386246,1,Customer Service,Negative,2024-07
6336460663,95018817,4,Product Quality,Neutral,2023-08
909027635,77214094,4,Delivery,Neutral,2023-06
2854202683,23081177,2,Customer Service,Negative,2023-10
7936387697,36998375,1,App Experience,Negative,2023-03
8337736091,66768157,3,Delivery,Neutral,2024-04
4404350734,57892837,5,Customer Service,Positive,2024-01
6565246127,12455156,5,Delivery,Positive,2024-05
3494650073,49806393,4,Customer Service,Positive,2024-03
1920923798,71189232,4,App Experience,Neutral,2024-05
5069524975,90246977,3,Product Quality,Negative,2024-07
3873368520,53392567,5,Customer Service,Positive,2023-10
3111414152,56195475,5,App Experience,Positive,2024-08
7104489974,47618810,3,Product Quality,Neutral,2023-06
3211566084,45383958,2,Customer Service,Negative,2024-02
2416717644,11493300,5,Product Quality,Positive,2023-09
4535670244,22210238,1,App Experience,Negative,2024-05
7309958460,3282647,5,Delivery,Positive,2024-01
9996182478,39976965,3,Customer Service,Neutral,2023-04
2231942521,15931134,3,Customer Service,Negative,2023-12
554028972,3421258,3,Product Quality,Neutral,2023-09
8756001290,85340038,4,Product Quality,Positive,2023-05
8047899303,11254582,2,Product Quality,Negative,2023-09
9720683332,87641623,5,Product Quality,Positive,2024-06
218670241,70220141,5,App Experience,Positive,2023-06
1382880255,94078407,2,Product Quality,Negative,2024-08
332975964,99824171,5,Delivery,Positive,2023-09
2638683222,2457734,2,Product Quality,Negative,2024-10
9150146711,54923640,5,Product Quality,Positive,2024-04
1553626879,6579892,3,Product Quality,Negative,2024-10
9271384187,67749649,1,Delivery,Negative,2023-11
1409544327,86444757,3,Customer Service,Negative,2024-07
637100019,62868582,4,Delivery,Positive,2023-10
186083059,67829645,5,Delivery,Positive,2024-07
1804073530,10048910,4,Product Quality,Positive,2024-06
5291430311,75081265,4,App Experience,Neutral,2023-10
6947225582,89051578,4,Customer Service,Positive,2024-04
5710643134,38420886,2,App Experience,Negative,2023-04
8329733630,46717997,2,Delivery,Negative,2024-03
6772651293,27049432,4,App Experience,Positive,2023-12
581212790,21461764,4,Customer Service,Neutral,2024-06
4766571706,71176678,1,Delivery,Negative,2023-05
9961298199,37926207,5,Product Quality,Positive,2023-11
8102675591,51119088,5,Customer Service,Positive,2024-02
604050223,29689766,5,App Experience,Positive,2024-04
782327552,45586151,4,Delivery,Positive,2023-07
6156638188,70589930,2,Customer Service,Negative,2023-03
6475299855,5238055,5,App Experience,Positive,2023-10
689110145,84161531,5,Product Quality,Positive,2023-05
2785467351,59009727,4,Delivery,Positive,2024-05
7188270379,86487478,3,Customer Service,Negative,2024-04
9209192342,42227189,1,Customer Service,Negative,2024-03
3193016310,58115779,2,Customer Service,Negative,2023-12
9743228131,34839913,1,Customer Service,Negative,2024-07
4417542973,84937877,5,Product Quality,Positive,2024-08
3065857200,82359623,3,Customer Service,Neutral,2024-06
6994732191,35278126,3,Product Quality,Neutral,2023-07
7663189769,85006599,4,App Experience,Neutral,2023-08
5012619147,66130660,3,Delivery,Neutral,2023-05
7456088789,36737539,4,Delivery,Positive,2023-04
3270559373,13604883,4,Product Quality,Positive,2023-03
4703798183,21597477,3,App Experience,Neutral,2023-12
3968840556,93723634,4,App Experience,Positive,2024-09
2331647373,84848018,5,App Experience,Positive,2023-08
6683347454,34697768,3,Delivery,Negative,2023-05
5710259220,17287733,2,Customer Service,Negative,2023-04
9871546057,39418109,1,Product Quality,Negative,2024-05
5459704311,47295676,4,Customer Service,Neutral,2023-12
3426702134,50229203,4,Delivery,Neutral,2024-08
7671357353,16420489,4,Product Quality,Neutral,2024-02
9656230693,40305293,5,Delivery,Positive,2023-04
3315369956,9105829,4,App Experience,Positive,2023-04
1762287720,94404245,4,Customer Service,Positive,2024-08
4816206081,36142455,1,Delivery,Negative,2023-05
2808133351,11071601,4,Product Quality,Neutral,2023-12
3444569396,57967753,5,Customer Service,Positive,2024-09
9704671447,25977417,3,Product Quality,Negative,2023-12
6454001692,2136830,2,Delivery,Negative,2023-09
2624508626,63262519,3,Product Quality,Neutral,2024-02
932273820,17287733,3,App Experience,Neutral,2024-05
7908614088,12622901,3,Delivery,Neutral,2023-05
9730765358,82708090,2,Product Quality,Negative,2023-08
4748284156,38969732,3,Delivery,Negative,2023-09
1829286278,45052594,4,Delivery,Neutral,2023-09
3180415318,22076522,3,Delivery,Neutral,2024-07
1008158736,62971413,5,Customer Service,Positive,2024-06
5092816701,89531595,4,Customer Service,Neutral,2024-06
4339850858,16230299,5,Delivery,Positive,2023-10
1564040362,93924203,4,Customer Service,Positive,2023-08
4856827800,43784632,4,Product Quality,Neutral,2024-08
2465711187,48511124,4,Product Quality,Neutral,2023-03
7741314063,32054313,2,Customer Service,Negative,2024-09
6973696848,21779155,3,Customer Service,Neutral,2023-04
443178123,56248757,3,Customer Service,Negative,2024-08
2155491764,77869660,1,Product Quality,Negative,2024-08
282887897,97492493,2,App Experience,Negative,2023-09
1014190951,70798876,2,Product Quality,Negative,2023-04
4632027192,64162093,4,Customer Service,Neutral,2024-07
9196809062,58979427,3,Product Quality,Neutral,2024-05
3802671506,55028958,3,Product Quality,Neutral,2023-07
931138604,38133873,3,Customer Service,Neutral,2023-08
6507222211,46623192,5,Customer Service,Positive,2024-01
9091185978,4606533,3,App Experience,Neutral,2023-07
6314310505,42272393,3,Delivery,Neutral,2024-02
2711467206,21658322,2,Customer Service,Negative,2023-04
1359318731,72675976,3,App Experience,Neutral,2024-08
4521042050,99734256,5,App Experience,Positive,2024-04
1317016672,87256913,1,App Experience,Negative,2024-09
7624598493,69516494,2,Customer Service,Negative,2024-04
1753431230,9048817,5,Customer Service,Positive,2024-03
8650539199,41640262,3,Delivery,Neutral,2023-12
3276478503,10048910,4,App Experience,Neutral,2024-04
5080943123,2164524,3,Delivery,Neutral,2023-09
6158083683,78158536,5,Customer Service,Positive,2024-03
9228072842,93370787,4,Product Quality,Neutral,2023-07
4028432722,77397957,4,Customer Service,Neutral,2024-05
3679730192,83404008,5,Delivery,Positive,2023-07
71793937,13189939,5,Product Quality,Positive,2024-04
47467466,55693909,5,App Experience,Positive,2023-09
4538136436,18170800,3,Product Quality,Neutral,2023-05
8750169461,96989204,2,Delivery,Negative,2024-09
9371021811,76850859,2,Product Quality,Negative,2024-10
679274212,91243571,3,Delivery,Neutral,2024-10
6601671674,49136375,3,Delivery,Neutral,2023-07
2708441500,23286884,3,App Experience,Neutral,2024-01
9548480220,82594354,4,App Experience,Positive,2023-09
5440864021,44409533,1,Delivery,Negative,2023-09
5705224767,3897936,4,Product Quality,Neutral,2023-06
9945458771,8733344,1,Customer Service,Negative,2024-08
336832815,10769994,5,Customer Service,Positive,2023-12
9543126726,24308515,4,Delivery,Neutral,2024-05
5134666123,38613642,3,Customer Service,Neutral,2024-05
5663657880,69632084,3,Product Quality,Negative,2024-05
5352647396,49756591,5,App Experience,Positive,2023-10
7995172779,40703374,5,Delivery,Positive,2023-06
605779703,8881320,4,Customer Service,Positive,2024-03
685688121,60371334,3,App Experience,Neutral,2023-10
5966726971,57833505,4,Product Quality,Neutral,2023-09
6763510083,4055790,2,Product Quality,Negative,2023-06
6735813139,90448312,2,Customer Service,Negative,2023-04
8361205778,47274329,1,App Experience,Negative,2023-06
3640952655,50105174,5,Delivery,Positive,2023-06
6395279829,34588087,4,Delivery,Neutral,2023-10
339410846,61618079,4,App Experience,Positive,2023-05
8924056486,74172010,3,Customer Service,Neutral,2024-04
6616322616,61763552,4,Delivery,Positive,2023-12
4178578583,69340015,1,App Experience,Negative,2024-09
7558107764,50968312,4,Customer Service,Positive,2024-03
7894708851,78678612,3,Product Quality,Neutral,2024-04
1916638346,20163931,1,App Experience,Negative,2023-06
4973943462,68341636,3,Delivery,Neutral,2024-10
6567129123,66135710,3,Product Quality,Negative,2023-09
8702642032,23676689,4,Product Quality,Neutral,2023-08
7857954356,76864442,4,Delivery,Neutral,2024-01
5376218500,24644542,4,Customer Service,Neutral,2023-11
3452449295,71252391,2,Product Quality,Negative,2023-10
1694826296,12277039,5,Customer Service,Positive,2023-05
9449954611,97111119,4,Product Quality,Positive,2023-08
7722059222,63630649,3,Product Quality,Negative,2023-11
2871448124,81091233,3,Product Quality,Negative,2024-05
4158839033,38969732,3,App Experience,Negative,2024-09
9936118648,54885705,2,App Experience,Negative,2024-03
6804747901,89619421,3,App Experience,Neutral,2024-01
7579444448,53354003,1,Product Quality,Negative,2024-06
4379043082,88167544,4,Product Quality,Neutral,2023-05
4212894712,20310720,3,Product Quality,Neutral,2024-06
7962511808,60371334,5,App Experience,Positive,2024-02
6478815087,22293666,2,Product Quality,Negative,2024-07
6239166986,6724509,4,Customer Service,Positive,2024-05
9894863460,35826539,3,Delivery,Negative,2023-03
2982638677,48554440,3,App Experience,Negative,2024-01
3284797515,13164195,5,Product Quality,Positive,2024-09
8895501673,15066187,4,App Experience,Neutral,2023-07
914992221,90882023,4,Delivery,Neutral,2023-07
2067729457,79916464,4,Delivery,Neutral,2023-09
5389250154,94179692,4,App Experience,Neutral,2024-09
4352973016,35912599,4,App Experience,Neutral,2024-10
7667555396,13796199,4,Customer Service,Neutral,2024-02
168804744,25128143,4,Delivery,Positive,2023-10
854218304,84377964,5,Customer Service,Positive,2023-11
2616618240,12402437,4,Delivery,Positive,2024-03
8891144024,47590944,3,App Experience,Neutral,2023-04
4606856320,57102800,4,Delivery,Neutral,2024-08
1876194333,51945420,2,Delivery,Negative,2024-03
1471186096,51503088,4,App Experience,Neutral,2023-11
4763556417,91602727,2,Product Quality,Negative,2023-04
5961097387,75474920,4,Product Quality,Positive,2023-08
1509646137,31456752,4,App Experience,Neutral,2024-04
7533431274,23984022,3,Product Quality,Neutral,2023-08
3598818329,22293666,1,Customer Service,Negative,2023-07
2561337790,30823988,2,Delivery,Negative,2024-10
2359692348,5418547,4,App Experience,Positive,2024-08
3146098826,12799092,4,App Experience,Positive,2024-06
8638050442,52770036,4,Delivery,Neutral,2023-11
1833854180,60062501,3,Delivery,Negative,2023-03
5687148136,32527479,4,App Experience,Positive,2023-06
7133253616,14940427,5,App Experience,Positive,2024-08
7899569162,90745023,1,Product Quality,Negative,2023-08
6119637917,77961205,3,Customer Service,Neutral,2024-06
4924477011,7333934,4,App Experience,Neutral,2024-01
577458306,94165062,4,Product Quality,Neutral,2023-10
1605287230,7076456,3,Delivery,Neutral,2023-08
5743074720,44828791,4,Product Quality,Positive,2024-02
1645477578,47625855,1,Delivery,Negative,2023-07
6231311270,91144803,5,Product Quality,Positive,2023-12
4629648516,93507573,2,Product Quality,Negative,2023-08
2706229594,81337068,4,Product Quality,Positive,2024-10
6814009039,10605484,3,Delivery,Neutral,2023-11
5604135912,11478478,2,Customer Service,Negative,2024-08
766789724,60446619,3,Delivery,Neutral,2024-08
2727595593,80875034,1,Delivery,Negative,2023-11
9887978407,43256928,5,Delivery,Positive,2023-07
6825742544,29689766,4,Product Quality,Neutral,2024-02
7081192087,15529446,4,App Experience,Positive,2023-07
3185620074,57526322,3,Product Quality,Neutral,2023-08
7162086351,74231111,4,Delivery,Neutral,2023-11
5504768409,84850688,3,App Experience,Negative,2023-08
6721093047,22054087,3,App Experience,Neutral,2024-03
1134990529,63971358,5,App Experience,Positive,2024-07
4632975114,92409489,5,App Experience,Positive,2023-05
1471897083,78439088,4,Product Quality,Neutral,2023-12
6081974624,79764458,3,Delivery,Neutral,2024-03
806680874,14632090,3,Delivery,Neutral,2023-11
8213018419,16640907,3,App Experience,Neutral,2023-04
4610876894,59485034,1,Delivery,Negative,2023-08
9116180240,17696094,3,App Experience,Neutral,2023-05
8916648395,8138417,4,Delivery,Neutral,2023-07
3626990751,81940369,5,Delivery,Positive,2023-05
2544173358,43295656,4,Customer Service,Neutral,2024-11
3654075570,81906973,1,App Experience,Negative,2023-06
9846277624,78732957,5,Product Quality,Positive,2024-09
8600159148,64748953,1,Customer Service,Negative,2023-08
9184012674,54139038,3,Delivery,Neutral,2024-07
5842678913,6756256,5,Product Quality,Positive,2024-06
6284066457,68341636,4,Customer Service,Positive,2023-03
957188879,88067569,3,Delivery,Negative,2024-01
2027766693,91024604,5,Delivery,Positive,2023-07
5201172375,18199057,2,Product Quality,Negative,2024-01
5211206337,84824280,5,Delivery,Positive,2024-03
519985157,35455991,2,Customer Service,Negative,2023-06
2599819074,66310963,3,Delivery,Neutral,2023-05
6564176767,28221067,3,Product Quality,Neutral,2024-04
5969684091,13604883,1,Customer Service,Negative,2023-12
8152246475,46989310,1,Customer Service,Negative,2023-04
1954493018,41612464,4,App Experience,Neutral,2024-08
3695589383,91868185,3,Customer Service,Neutral,2024-01
6340807810,57537308,4,Product Quality,Neutral,2024-07
8029845822,90621147,5,Product Quality,Positive,2023-07
8208755570,46564935,1,Delivery,Negative,2023-12
9622488249,96629258,2,App Experience,Negative,2024-06
5410788959,40055711,3,Delivery,Negative,2024-06
7087374685,48268435,4,Customer Service,Positive,2024-09
1469556300,65514005,5,App Experience,Positive,2023-09
864290652,57392064,3,Customer Service,Neutral,2023-10
3052167498,92636025,5,Product Quality,Positive,2023-07
8370088792,9107360,2,Delivery,Negative,2023-05
8955500595,58415368,1,Product Quality,Negative,2023-05
6946637946,70372270,4,Customer Service,Neutral,2024-02
5461546808,21948041,5,App Experience,Positive,2023-12
9921425481,29653387,4,Delivery,Positive,2023-05
3583323379,10418604,1,Customer Service,Negative,2024-04
3427534518,73807097,4,Product Quality,Neutral,2024-10
9997994965,13796199,5,Customer Service,Positive,2023-12
5015358514,4057678,3,Customer Service,Neutral,2024-08
5769065545,1108176,5,App Experience,Positive,2024-01
4062815570,98152679,3,Delivery,Neutral,2024-02
39405769,24621386,4,Product Quality,Positive,2023-04
9553518696,83304462,3,Customer Service,Neutral,2023-07
8023712979,83701325,5,Delivery,Positive,2023-05
1111747100,83236183,3,App Experience,Neutral,2023-07
3598180305,75836905,3,App Experience,Neutral,2023-08
8171660349,79628054,5,Product Quality,Positive,2024-05
3644704128,39717448,5,App Experience,Positive,2024-06
1254907139,94854830,4,Delivery,Positive,2023-07
9810593187,46313756,3,Product Quality,Neutral,2023-05
3205629870,95001589,3,Customer Service,Neutral,2024-05
8608459871,14472401,3,Delivery,Negative,2023-09
2730458449,13383642,4,Delivery,Positive,2024-02
2807397566,28663279,4,App Experience,Positive,2024-05
7217535512,81541985,2,App Experience,Negative,2023-11
3321951407,40305293,5,Customer Service,Positive,2023-09
7189146676,10789681,3,Delivery,Neutral,2024-05
5601251774,96629258,1,Delivery,Negative,2024-10
8884350133,55425478,1,Delivery,Negative,2024-09
8168306307,98152679,3,Delivery,Neutral,2023-12
7689275881,54580166,3,Delivery,Neutral,2024-02
6593510732,87266831,2,Delivery,Negative,2023-09
3066405445,53354003,4,Customer Service,Positive,2023-06
5319633841,95364457,2,Delivery,Negative,2024-05
1113665104,83034412,5,Delivery,Positive,2024-06
8436983782,98896871,4,Delivery,Positive,2024-10
1958942711,30643619,5,Delivery,Positive,2024-05
6485627928,59769142,3,Delivery,Neutral,2024-09
8147959428,31000129,5,App Experience,Positive,2024-07
3697060283,57642258,3,Delivery,Neutral,2024-08
2039437258,20298398,4,Customer Service,Positive,2023-12
7655293952,23348269,4,Delivery,Neutral,2024-02
39791095,625395,4,Delivery,Neutral,2024-04
8071046067,33651554,2,Product Quality,Negative,2024-09
2656326203,92356639,4,App Experience,Positive,2023-11
2366866840,99772709,4,App Experience,Positive,2023-04
8227348656,25977417,3,Product Quality,Neutral,2023-12
3917024194,53640286,5,Product Quality,Positive,2024-09
3101265,89617089,1,Customer Service,Negative,2024-05
9907835880,67340606,1,Delivery,Negative,2024-10
3396210655,52075070,3,App Experience,Negative,2023-10
3000018472,24104630,2,Customer Service,Negative,2024-08
7166339556,6319646,4,Customer Service,Neutral,2024-06
2194351161,22800586,1,Customer Service,Negative,2023-05
3224986973,66761643,5,App Experience,Positive,2024-02
6882280967,14472401,3,Product Quality,Neutral,2023-09
8556188247,46623192,4,App Experience,Neutral,2023-10
5236345617,61851054,5,App Experience,Positive,2023-09
5153146875,31156674,4,App Experience,Neutral,2023-06
2011151353,67908555,1,Customer Service,Negative,2024-05
9880145668,39317905,1,Product Quality,Negative,2024-02
2724264210,98687927,3,App Experience,Negative,2024-10
871734663,93321933,4,App Experience,Neutral,2024-06
3883638432,6245778,5,Product Quality,Positive,2023-07
1282422181,188838,3,App Experience,Negative,2024-02
4500802008,41164215,4,Delivery,Positive,2024-06
8209715885,17597449,3,Delivery,Negative,2023-05
9391482926,56352626,3,App Experience,Negative,2023-09
7217765772,5238055,4,Product Quality,Neutral,2024-07
7848556658,97191387,2,Customer Service,Negative,2024-04
9000851345,81822494,4,Product Quality,Positive,2024-03
3019634875,58170168,5,Product Quality,Positive,2024-10
7013612817,22036818,4,Customer Service,Positive,2023-09
59461109,67708491,1,App Experience,Negative,2023-05
740245864,45659330,4,Delivery,Positive,2023-05
8432648823,69364309,3,Delivery,Neutral,2023-05
5863164527,38671747,4,App Experience,Positive,2023-11
8615999186,96001315,1,Delivery,Negative,2024-09
1743268828,53332493,4,Product Quality,Neutral,2024-05
5475369740,49433260,4,Product Quality,Positive,2024-05
6520584496,67215939,4,Customer Service,Neutral,2023-10
3854394048,89531595,1,App Experience,Negative,2023-10
4105779656,58644651,3,Product Quality,Neutral,2024-04
5960266785,97419742,4,Delivery,Neutral,2023-11
7380998329,96989204,4,App Experience,Neutral,2023-07
460625201,26716400,3,Product Quality,Neutral,2024-05
5442705208,38420886,5,App Experience,Positive,2024-08
643302284,24153726,5,Customer Service,Positive,2024-05
6141016209,20469626,3,Customer Service,Neutral,2024-04
4058658914,96001315,4,Product Quality,Neutral,2024-02
4731454539,62419778,5,Delivery,Positive,2024-01
148408710,60565603,3,Product Quality,Neutral,2024-01
3263142674,12455156,4,Delivery,Neutral,2024-01
9591201821,38478423,4,Customer Service,Neutral,2023-11
2227944524,93938425,4,Product Quality,Neutral,2023-06
2307375554,95768401,1,Delivery,Negative,2024-01
8521887524,5961261,2,Customer Service,Negative,2024-04
3298709387,22321208,4,Delivery,Positive,2023-07
8608686211,29689766,5,Product Quality,Positive,2023-07
5125482761,89531595,3,Delivery,Neutral,2023-05
7388146343,78806824,3,App Experience,Neutral,2023-09
7064723322,19259955,4,Customer Service,Positive,2023-10
1766291529,74682740,4,App Experience,Positive,2024-07
8183491568,85074810,1,App Experience,Negative,2023-09
6419111681,19216141,5,App Experience,Positive,2024-01
9193945481,28277304,5,Delivery,Positive,2024-08
3937750618,46504355,1,Customer Service,Negative,2023-08
2056682923,18940384,3,Delivery,Negative,2024-05
7229998672,41194825,5,Delivery,Positive,2023-09
7028582657,36578947,1,Product Quality,Negative,2024-11
1732091066,93018527,3,App Experience,Neutral,2024-05
9389363975,35302195,4,App Experience,Neutral,2024-01
9477050930,1449273,1,App Experience,Negative,2023-09
6808771388,88739922,3,Customer Service,Negative,2024-04
7616458551,86294036,4,Product Quality,Neutral,2023-05
2784959025,59207798,3,Product Quality,Negative,2023-04
2716611235,85626346,2,Delivery,Negative,2024-02
3797871396,5712468,1,Delivery,Negative,2023-12
5895445193,39093069,5,Customer Service,Positive,2023-09
5281640953,65396354,4,Delivery,Positive,2024-05
9006387145,61226563,3,Product Quality,Neutral,2023-07
2015702046,46828932,4,Customer Service,Neutral,2023-05
9260334793,15487049,1,Product Quality,Negative,2024-07
5912752928,29562254,1,App Experience,Negative,2023-12
7691723645,93675757,3,Customer Service,Negative,2024-08
9166904790,57674875,1,Customer Service,Negative,2024-01
1668797251,27698051,1,Delivery,Negative,2023-05
3350348511,2442235,2,Product Quality,Negative,2023-10
2475154947,13760839,3,Product Quality,Neutral,2024-01
1348544692,72489544,5,App Experience,Positive,2024-04
6770208707,8241122,3,App Experience,Negative,2024-05
9500356395,99729547,3,App Experience,Negative,2024-10
6280233997,1507408,3,Customer Service,Negative,2023-08
935645101,63368244,3,Product Quality,Negative,2023-09
3492077995,97466783,2,App Experience,Negative,2023-06
6971044672,68985290,3,Product Quality,Negative,2024-03
9417710958,75892474,4,App Experience,Neutral,2023-09
114851727,46875863,3,Delivery,Negative,2024-10
7521503340,65660660,1,Product Quality,Negative,2024-05
7709878408,90745023,5,Product Quality,Positive,2023-08
7941755463,19705695,3,Customer Service,Negative,2024-09
4540271027,23126356,4,Delivery,Neutral,2024-05
8022168472,70230254,4,Delivery,Neutral,2024-02
3808358945,78014505,3,Customer Service,Neutral,2023-08
5112444865,45868300,4,Product Quality,Positive,2024-06
9965551056,33658749,3,Delivery,Negative,2023-06
7695708103,51119088,5,Customer Service,Positive,2024-05
7022728237,21677923,4,Product Quality,Positive,2023-06
2062715135,13197985,1,App Experience,Negative,2024-08
3287815959,73061709,4,Delivery,Neutral,2024-08
9015471552,23081177,2,App Experience,Negative,2024-04
1595123446,30188374,4,Customer Service,Positive,2024-02
4888577440,35237846,4,Product Quality,Positive,2024-05
9039053330,82425179,4,Customer Service,Neutral,2023-08
3091360904,59252433,4,Delivery,Positive,2024-06
6821938492,90346920,4,Delivery,Positive,2023-09
4553785640,94486311,3,Product Quality,Neutral,2024-08
4005611015,5763963,3,Product Quality,Negative,2024-03
8480910658,73799927,4,Product Quality,Positive,2023-08
1922667245,66252737,5,Product Quality,Positive,2023-09
379758677,54139038,3,Product Quality,Negative,2023-12
4903380842,71229024,1,Delivery,Negative,2024-06
9244122658,1588560,5,App Experience,Positive,2024-03
5054410467,49147776,4,Product Quality,Neutral,2023-07
9877212995,30065862,1,Delivery,Negative,2024-05
8375236356,22974816,3,Delivery,Negative,2023-09
2652063230,24144240,4,Customer Service,Neutral,2023-11
7258243894,72797175,5,Delivery,Positive,2024-07
5980648426,23982977,2,Customer Service,Negative,2023-12
365104159,19581959,3,App Experience,Negative,2023-11
7038005775,49617531,4,Product Quality,Neutral,2023-07
1456792223,80875034,3,Customer Service,Neutral,2024-08
6673964264,34526442,3,Delivery,Neutral,2024-10
5780280518,74230420,2,Customer Service,Negative,2024-08
6220137166,16485871,3,Customer Service,Neutral,2023-12
2615887425,18465047,5,Customer Service,Positive,2023-10
5610987488,85626346,5,Product Quality,Positive,2023-08
6038240765,48002829,4,Delivery,Neutral,2023-05
5004974422,83660688,5,Customer Service,Positive,2023-07
2349863203,20310720,4,Delivery,Positive,2023-12
9487956261,62600289,5,Product Quality,Positive,2023-07
7169945062,32830199,3,Delivery,Neutral,2023-06
5393866026,13164195,3,Delivery,Neutral,2023-04
7266772806,79942821,1,App Experience,Negative,2024-09
2411227007,46875863,2,Delivery,Negative,2024-06
960728650,34526570,2,App Experience,Negative,2023-04
2326500581,24308515,2,App Experience,Negative,2024-07
9489310879,42989999,5,Customer Service,Positive,2024-10
2341242955,8228843,2,Customer Service,Negative,2024-01
1023485121,63310076,3,Delivery,Neutral,2024-02
9742218709,83412446,3,Product Quality,Neutral,2024-09
9039933820,69219122,5,Delivery,Positive,2023-12
1391881327,50557979,1,Customer Service,Negative,2024-07
3360648053,2584499,3,Delivery,Negative,2023-05
9758418980,69219122,3,Customer Service,Neutral,2023-07
9859459525,67952740,4,Delivery,Neutral,2023-07
6924226309,62526567,4,Product Quality,Neutral,2024-09
7672052920,20238921,1,App Experience,Negative,2023-12
4597359399,57967753,5,App Experience,Positive,2024-09
665402174,51557673,3,Delivery,Neutral,2024-04
3986082657,49152878,1,App Experience,Negative,2024-02
4275746826,44410149,4,Delivery,Positive,2024-03
525864604,33651554,4,Delivery,Neutral,2024-03
4473658819,376144,3,Customer Service,Negative,2023-12
8824559505,88553721,5,Product Quality,Positive,2024-08
1824646473,51670882,1,Delivery,Negative,2023-04
776389097,10797688,3,App Experience,Neutral,2024-02
4908634706,88223261,4,App Experience,Neutral,2023-10
3516204561,64562786,3,Customer Service,Neutral,2023-09
9510792757,625395,1,Product Quality,Negative,2023-11
3504903228,31776996,4,Product Quality,Positive,2023-06
3438202422,43860025,4,Customer Service,Positive,2023-10
3007616042,77869660,2,Customer Service,Negative,2024-07
4656199468,13581527,1,Delivery,Negative,2023-10
6994560237,96109948,5,Customer Service,Positive,2024-07
8442552565,12851610,3,Delivery,Neutral,2023-11
414299117,41008070,4,App Experience,Neutral,2023-07
8146956033,44888581,3,Customer Service,Negative,2024-08
7919748594,75213636,4,App Experience,Positive,2024-09
7834171020,52915166,1,Product Quality,Negative,2024-01
3735968672,211163,4,Customer Service,Positive,2023-12
3864051985,31776996,3,Product Quality,Neutral,2024-04
8299074079,59930550,5,Customer Service,Positive,2024-06
891333736,96853930,5,App Experience,Positive,2023-09
2874220576,99734256,2,Delivery,Negative,2023-10
6375536946,94430842,3,App Experience,Neutral,2024-01
1966054573,31389750,5,App Experience,Positive,2023-05
1565942558,40858753,2,App Experience,Negative,2024-08
4624281313,11493380,1,Product Quality,Negative,2024-10
6884010758,22210238,4,Product Quality,Positive,2024-04
4351744653,9423628,3,Customer Service,Negative,2023-04
8698000932,43519553,1,Customer Service,Negative,2024-05
3844380421,6344345,3,Customer Service,Neutral,2023-10
7105842598,99707100,1,Customer Service,Negative,2023-08
8993722297,69088723,1,Customer Service,Negative,2023-07
2929439019,63858550,2,Customer Service,Negative,2023-10
1661854320,79169760,1,Product Quality,Negative,2024-09
3082165628,49617892,1,App Experience,Negative,2023-05
1745045814,88532418,5,Product Quality,Positive,2023-11
813387880,92455970,4,Customer Service,Neutral,2023-07
8189879400,66427343,5,Customer Service,Positive,2023-11
8465045467,13604883,5,Customer Service,Positive,2024-05
9232350528,4055790,4,App Experience,Positive,2023-10
1728666371,23126356,4,App Experience,Neutral,2024-05
6131815766,65514005,4,Product Quality,Neutral,2023-03
6438773635,67302239,5,Delivery,Positive,2024-07
6912676966,29324437,4,Product Quality,Neutral,2023-06
2840314717,26432512,5,Customer Service,Positive,2023-06
9508359721,3002538,4,App Experience,Neutral,2024-08
2244679313,4458329,3,Customer Service,Neutral,2024-08
9407544177,66310963,4,Delivery,Neutral,2024-11
2528398796,87889031,3,Product Quality,Negative,2023-04
9464988762,13567338,3,Product Quality,Neutral,2023-10
6373867899,66655397,5,Delivery,Positive,2023-11
4028185110,4789829,4,Delivery,Neutral,2023-04
9717018638,73679086,3,Delivery,Neutral,2024-07
4898477588,66766629,3,Product Quality,Negative,2024-02
4723165081,29562254,3,Product Quality,Neutral,2024-02
2845954128,31324823,4,Product Quality,Neutral,2024-07
23158044,31681710,4,Delivery,Neutral,2023-05
1486548042,13465850,1,Customer Service,Negative,2023-10
708351411,69762479,3,Customer Service,Negative,2023-10
5512110908,40192266,4,Customer Service,Neutral,2023-11
2295441899,58644651,4,Delivery,Positive,2024-02
4867173151,35885052,3,Customer Service,Neutral,2023-10
4635037652,69925688,4,Customer Service,Neutral,2024-01
2209259378,86995126,4,Customer Service,Neutral,2023-12
4079286483,22227829,4,App Experience,Positive,2023-05
9506078962,27336589,4,Customer Service,Neutral,2024-07
6894691072,83577942,1,Customer Service,Negative,2024-03
4481256065,66499992,3,App Experience,Negative,2024-04
5050919809,46885873,3,Product Quality,Neutral,2024-05
1328085383,67538982,5,App Experience,Positive,2023-05
5382246981,87266309,4,Customer Service,Positive,2023-08
5647827263,96171594,3,App Experience,Neutral,2024-05
9244268951,64316806,4,Delivery,Positive,2023-10
6217777735,12059049,4,Delivery,Neutral,2024-07
3682639473,99301505,4,Delivery,Positive,2023-11
3859331666,23676689,4,Customer Service,Positive,2023-07
7971689217,64932019,4,Product Quality,Positive,2023-10
6822492679,98540377,1,Product Quality,Negative,2023-07
7211194993,16561710,3,Customer Service,Negative,2023-09
461485679,4594944,3,Customer Service,Negative,2023-08
3209732414,87335844,3,Customer Service,Neutral,2024-04
6537694730,75490147,5,Customer Service,Positive,2024-08
7653097776,63184222,5,Delivery,Positive,2023-07
4928556641,97475543,4,Delivery,Positive,2023-09
5905518100,86995126,2,App Experience,Negative,2023-09
8337948336,25706121,3,App Experience,Neutral,2023-07
8814435884,69908484,4,Delivery,Positive,2024-08
6645415772,64906311,4,Delivery,Positive,2024-07
5274039950,87059497,4,App Experience,Neutral,2023-12
7404052550,45166203,4,Delivery,Positive,2023-09
8179058864,76970363,4,App Experience,Positive,2023-05
5195997912,29562072,3,Customer Service,Neutral,2024-07
3320194259,68219091,2,Delivery,Negative,2023-12
8185684967,46686696,4,Delivery,Positive,2023-05
2324568019,59677346,5,Customer Service,Positive,2023-07
3522645150,22483684,4,Product Quality,Positive,2023-05
4510488834,90586443,5,Product Quality,Positive,2024-09
9433427403,46848302,3,App Experience,Negative,2023-05
8065436106,5763963,4,Product Quality,Neutral,2024-01
846586265,10418604,4,App Experience,Neutral,2023-07
4337013612,30823988,4,App Experience,Positive,2023-05
8916023990,3588443,2,Customer Service,Negative,2024-05
6018805430,35358395,1,Delivery,Negative,2023-09
2676353168,25595836,2,Delivery,Negative,2024-09
1069724600,10945990,5,Customer Service,Positive,2023-07
5503476312,36774480,4,App Experience,Neutral,2024-06
4439677910,91791128,2,App Experience,Negative,2024-02
8045361592,16543242,4,Delivery,Positive,2024-10
1873731593,20209237,3,App Experience,Neutral,2023-11
1126011099,53557741,4,App Experience,Positive,2024-02
4100626744,15484407,3,Delivery,Negative,2024-10
8616880376,16256136,4,Delivery,Positive,2024-03
1427911940,20634789,3,Delivery,Neutral,2024-02
4416398885,10945990,5,Customer Service,Positive,2024-10
2584579895,94713625,5,Delivery,Positive,2024-01
7770651576,87266309,5,App Experience,Positive,2023-09
3705985582,34897081,2,Customer Service,Negative,2023-08
5160295213,22133362,4,Customer Service,Neutral,2024-01
4374285559,53399500,3,Product Quality,Neutral,2024-09
9096638812,70243933,1,App Experience,Negative,2023-12
2888179397,51341672,3,Delivery,Neutral,2023-08
3387165389,376144,1,App Experience,Negative,2024-07
1925647539,13424885,4,Product Quality,Positive,2023-08
6160848562,59769142,4,Delivery,Positive,2023-09
2343495895,2584499,3,Delivery,Neutral,2024-08
8812220964,66742602,3,Product Quality,Negative,2023-08
8640364495,51670882,1,App Experience,Negative,2023-05
4610687284,27698051,3,Delivery,Negative,2023-09
189431942,58115779,3,Customer Service,Negative,2024-01
1746826454,36462363,1,App Experience,Negative,2024-01
948345459,66629497,5,Product Quality,Positive,2024-03
9959881029,35782051,4,Delivery,Neutral,2024-09
621213006,43377076,4,App Experience,Positive,2024-07
1772464528,66655397,3,Delivery,Neutral,2023-09
7732863862,89476734,3,Product Quality,Negative,2023-08
3064828239,6186471,4,Delivery,Positive,2024-02
6363526452,53292177,3,Product Quality,Neutral,2023-10
6988011282,74212242,4,Product Quality,Positive,2024-10
8523250818,77673290,4,App Experience,Positive,2024-02
5595210484,93507573,4,Delivery,Positive,2023-05
1461081366,13604883,3,App Experience,Neutral,2024-08
4922364507,79628054,4,Delivery,Positive,2024-07
6597871211,59815512,4,Product Quality,Neutral,2024-05
2719816862,85074810,2,Product Quality,Negative,2024-09
9830788650,87160527,5,Customer Service,Positive,2023-07
140980199,27504517,3,Customer Service,Neutral,2024-03
7595842583,90150193,1,Product Quality,Negative,2024-02
2390228992,46699982,4,Customer Service,Positive,2023-07
8178738469,95873651,3,Delivery,Neutral,2023-06
9964671001,79591237,4,Delivery,Positive,2024-03
1258689954,89886179,4,Delivery,Neutral,2024-03
4647158015,13461704,4,Customer Service,Neutral,2023-11
2382974038,83610315,4,Customer Service,Neutral,2024-05
3663827875,28499191,4,Product Quality,Neutral,2023-11
6501113916,22210238,5,Product Quality,Positive,2024-01
3300719369,32830199,2,Product Quality,Negative,2024-05
3239722852,26935187,3,Customer Service,Neutral,2023-07
6694899030,36142455,5,App Experience,Positive,2024-09
992895707,18259715,4,Customer Service,Positive,2023-05
8432150432,9650263,3,Customer Service,Neutral,2024-05
6220520171,42366724,3,Delivery,Negative,2023-12
735608722,3292927,4,Customer Service,Neutral,2024-06
7303161073,98444183,4,Delivery,Positive,2024-03
9783380107,70976153,5,Delivery,Positive,2024-06
3835886077,8384106,4,Customer Service,Neutral,2023-11
8140652447,11705793,1,Delivery,Negative,2024-04
6412390967,66023110,3,App Experience,Neutral,2024-02
6688575911,48943848,3,Delivery,Neutral,2023-12
3890111511,68965787,3,Product Quality,Neutral,2024-09
5145256852,57770044,3,Customer Service,Neutral,2024-09
7375057413,12799092,2,Delivery,Negative,2023-05
3047491006,61182897,1,Product Quality,Negative,2024-09
7715738110,81605722,3,App Experience,Neutral,2023-05
6191554160,77869660,1,Delivery,Negative,2023-07
896919031,42366724,4,Product Quality,Neutral,2024-10
1535818185,99772709,4,Product Quality,Positive,2024-05
4428830794,701493,4,Delivery,Neutral,2024-06
3610035622,20956158,1,App Experience,Negative,2024-04
8674445072,50080663,1,Product Quality,Negative,2024-08
9623704312,38613295,3,Product Quality,Neutral,2024-02
7786002894,30373140,2,Product Quality,Negative,2023-12
3264409553,70976153,3,App Experience,Negative,2023-03
7736534043,22915611,3,Customer Service,Negative,2023-05
5936596117,67729191,5,Customer Service,Positive,2024-10
1980087245,38875754,3,Delivery,Neutral,2023-06
8861557989,52913011,3,App Experience,Neutral,2024-08
6702391437,13130974,5,Delivery,Positive,2024-01
6385452188,38875754,3,App Experience,Neutral,2024-06
8813216380,85177880,1,App Experience,Negative,2024-10
5563712992,4597433,5,Delivery,Positive,2024-01
966468552,70459847,1,App Experience,Negative,2023-06
4368529506,76327561,5,Delivery,Positive,2024-06
3777009463,25829710,3,Delivery,Neutral,2024-09
3560912801,20163931,3,Product Quality,Neutral,2024-09
1741224538,90621147,4,Product Quality,Neutral,2023-03
4579251445,1507408,4,Delivery,Neutral,2023-08
3438127101,59141605,4,Product Quality,Neutral,2023-11
9741958794,13164195,3,Product Quality,Negative,2024-08
882082341,75828735,3,App Experience,Negative,2024-10
3629321763,79369660,4,App Experience,Neutral,2024-08
888938572,12695670,3,Product Quality,Negative,2023-04
5263181887,90150193,5,App Experience,Positive,2024-09
7071557807,19375332,1,Product Quality,Negative,2024-04
6888804296,2442235,3,Delivery,Neutral,2024-10
814182718,65134271,3,Customer Service,Neutral,2023-11
3513524740,1301661,1,Customer Service,Negative,2024-07
1234169434,22112867,1,Customer Service,Negative,2023-10
2577990012,71902700,3,Delivery,Negative,2023-09
8446065263,79773912,5,Delivery,Positive,2023-11
4220970302,90621147,2,App Experience,Negative,2024-11
5712516128,11503405,1,Product Quality,Negative,2023-07
807167715,26521850,2,Product Quality,Negative,2024-08
213972345,71252391,4,Product Quality,Neutral,2024-06
1013762407,51174875,3,App Experience,Neutral,2024-10
5234194751,14207332,4,App Experience,Positive,2024-02
1389077693,37947202,3,Customer Service,Negative,2023-06
1895143216,43295656,3,Customer Service,Neutral,2023-03
3667250123,7728406,2,Product Quality,Negative,2024-03
6430529802,6459100,2,Customer Service,Negative,2023-07
4856277700,67729191,3,Delivery,Neutral,2023-08
1492403962,11389698,4,Delivery,Positive,2023-07
4348167632,93675757,4,App Experience,Neutral,2023-11
3682471195,90856813,2,Delivery,Negative,2023-12
6888837939,67708491,4,Customer Service,Neutral,2024-03
2278004109,99301505,4,App Experience,Neutral,2024-09
7471013149,46185579,1,App Experience,Negative,2024-10
755745232,3844290,4,App Experience,Neutral,2024-10
2963187161,91448742,4,Customer Service,Positive,2024-06
3980591844,96903782,4,Product Quality,Positive,2023-06
9960808976,78748184,4,App Experience,Positive,2024-04
8740552000,34095555,5,Delivery,Positive,2023-05
9230099449,60319216,4,Customer Service,Neutral,2023-05
4277432248,91408854,1,Product Quality,Negative,2023-05
3624765984,36400756,2,App Experience,Negative,2023-12
8533110341,10524732,3,Delivery,Neutral,2023-06
5036664068,2667357,3,Product Quality,Neutral,2023-11
9989636336,191616,3,Product Quality,Negative,2024-05
2843642858,46208150,4,Delivery,Positive,2024-03
7510849424,82585664,4,Customer Service,Neutral,2024-03
8744806310,8395343,2,Delivery,Negative,2023-07
7605774154,6150721,5,Customer Service,Positive,2024-02
6904233594,65514005,3,Customer Service,Neutral,2024-08
6371336060,8241122,1,Product Quality,Negative,2024-07
8137624530,22210238,3,App Experience,Neutral,2023-10
9131474241,98246574,1,Product Quality,Negative,2024-10
7413772322,98709982,4,Customer Service,Neutral,2023-06
9400852015,44149982,4,Product Quality,Neutral,2024-07
4867437863,13164195,5,Delivery,Positive,2024-01
4219458877,87222820,5,Product Quality,Positive,2023-12
35135941,28205701,4,App Experience,Neutral,2024-07
4754258275,10019218,3,Delivery,Negative,2023-09
9195687538,74548003,3,Delivery,Negative,2024-01
344554037,78847070,4,Customer Service,Positive,2023-11
7503255456,82948843,4,Delivery,Positive,2023-08
5903638531,78209683,3,Customer Service,Negative,2023-05
1670694517,92356639,3,Product Quality,Neutral,2024-08
2369121788,60062501,4,Delivery,Neutral,2024-05
6012082951,88866835,5,Customer Service,Positive,2023-05
3675914158,89361574,4,Customer Service,Positive,2024-03
1396605672,20956158,4,Customer Service,Positive,2024-01
4260996213,77035814,5,Product Quality,Positive,2023-04
4749534376,53100521,4,App Experience,Neutral,2024-05
6095091385,34839913,4,Customer Service,Neutral,2024-07
1131338162,21201299,4,App Experience,Positive,2024-02
6100236720,83660688,1,Delivery,Negative,2023-08
3363683548,43367112,3,Delivery,Neutral,2024-02
8721540965,38902882,3,Customer Service,Negative,2024-07
1712456261,90448312,3,Product Quality,Neutral,2023-10
760930025,49756591,1,App Experience,Negative,2023-06
5652465358,57523973,4,App Experience,Positive,2024-06
3580915899,87954926,2,Product Quality,Negative,2023-10
1174382816,773410,3,Customer Service,Neutral,2024-08
3200474667,15631726,3,App Experience,Negative,2024-09
7474651061,63238941,4,Delivery,Positive,2023-06
1892282465,80517784,4,Product Quality,Positive,2023-08
3859828998,701493,5,App Experience,Positive,2023-04
2554590672,19482392,3,Delivery,Negative,2023-12
9667675052,40871915,5,App Experience,Positive,2023-09
8382437838,46185579,2,Customer Service,Negative,2024-05
6247090607,90038364,3,Product Quality,Neutral,2023-10
5004073261,27304827,4,Customer Service,Positive,2024-06
6595898122,67896836,3,Customer Service,Neutral,2024-07
9844371682,31527100,1,Product Quality,Negative,2023-06
7198169379,26844216,4,App Experience,Positive,2023-07
2815855636,38808614,3,App Experience,Negative,2023-07
6033660622,65618148,2,Product Quality,Negative,2023-04
7944056454,10729474,4,Product Quality,Neutral,2023-05
4354264440,25722990,5,Customer Service,Positive,2023-12
5623096090,68703613,1,Customer Service,Negative,2023-08
701856661,11143197,4,Product Quality,Positive,2024-06
1911276445,73799927,1,App Experience,Negative,2024-10
9323909987,47990044,1,App Experience,Negative,2024-05
1988898073,78157360,4,App Experience,Neutral,2024-02
6457671753,51048402,2,Customer Service,Negative,2024-01
3556497272,9347990,5,Product Quality,Positive,2024-10
2182762247,54347213,5,Customer Service,Positive,2023-09
6026842782,75928073,5,Customer Service,Positive,2024-08
1227108607,69242672,3,Delivery,Negative,2024-09
9362226645,28428852,4,Product Quality,Positive,2024-05
6313785973,28603182,4,Product Quality,Neutral,2023-03
1297253359,77811864,4,App Experience,Positive,2024-04
6138091203,41261495,3,App Experience,Negative,2023-09
4770739350,61753272,5,Delivery,Positive,2024-07
6253838449,19393135,5,Customer Service,Positive,2024-06
1015708455,24153726,3,Delivery,Neutral,2023-09
2201201842,6398761,5,Product Quality,Positive,2023-10
200000051,8632679,4,Customer Service,Positive,2023-10
409570377,12574626,1,Product Quality,Negative,2024-03
5944464513,34095555,3,Delivery,Negative,2023-03
7064377287,26716400,4,Product Quality,Positive,2024-09
7763036477,26285589,3,Product Quality,Neutral,2024-08
7494002152,91382237,2,Customer Service,Negative,2024-05
692127479,67538982,1,Delivery,Negative,2024-07
7544245121,87160527,5,Customer Service,Positive,2024-09
4429641190,11562458,3,Customer Service,Neutral,2023-06
8093366865,29451600,1,Customer Service,Negative,2024-10
6269075067,81382213,5,App Experience,Positive,2023-11
4056304110,211163,3,Product Quality,Negative,2023-11
4447978623,31076002,5,Delivery,Positive,2024-08
5875285677,62510499,3,Delivery,Negative,2023-05
4177774653,23844919,1,App Experience,Negative,2024-05
502632296,9450435,1,Customer Service,Negative,2024-05
5037688536,49756591,4,App Experience,Positive,2024-02
6844277478,47577193,4,Product Quality,Neutral,2024-08
3368317718,70867736,5,Customer Service,Positive,2024-06
913881994,13251137,4,App Experience,Neutral,2024-08
6445700839,4988545,3,Customer Service,Negative,2024-03
101613683,43377076,4,App Experience,Neutral,2023-06
7094586913,82900175,3,Product Quality,Negative,2023-10
2478557609,58170168,5,Delivery,Positive,2024-06
9516720368,97466783,5,App Experience,Positive,2024-04
3808010352,23126356,5,Customer Service,Positive,2024-02
7921886899,11143197,3,Customer Service,Negative,2023-07
6818712547,66655397,4,Customer Service,Positive,2023-12
4538204462,35812567,1,App Experience,Negative,2024-02
2008331630,36833857,4,App Experience,Neutral,2023-07
3901338038,63238941,5,App Experience,Positive,2024-08
1483786406,63451391,4,Delivery,Positive,2023-03
5022936426,73377004,5,Delivery,Positive,2023-09
5470875365,55042740,3,App Experience,Neutral,2024-03
7144611408,33280073,2,Customer Service,Negative,2023-08
9411421675,61226563,4,Delivery,Neutral,2024-01
7315949343,14458150,4,Delivery,Neutral,2023-09
9430475133,24621386,4,Customer Service,Positive,2023-03
3062145702,24821281,1,App Experience,Negative,2024-06
6500458984,35912599,3,Customer Service,Neutral,2023-11
7429306851,62541176,4,Customer Service,Neutral,2024-04
2687236003,83588803,3,Customer Service,Negative,2024-01
1885906938,13455530,4,Delivery,Neutral,2023-10
9949334146,73363613,4,Product Quality,Positive,2024-08
2555454584,19182548,5,Customer Service,Positive,2023-08
2503209946,26844216,1,Customer Service,Negative,2024-04
2329563439,78157360,1,Customer Service,Negative,2023-11
1041536174,93018527,2,Delivery,Negative,2023-06
6631188689,8361353,4,Product Quality,Neutral,2024-03
9300178512,26936578,3,Customer Service,Neutral,2023-07
1086881691,77035814,4,Delivery,Neutral,2024-04
8008880980,57505804,5,Customer Service,Positive,2024-04
2417680703,30823988,5,Delivery,Positive,2024-02
1117730990,96640716,4,Product Quality,Neutral,2024-08
1678557345,49136375,2,Customer Service,Negative,2024-05
4505129824,17341194,4,App Experience,Positive,2023-11
8737295686,69749541,2,App Experience,Negative,2023-12
7997347191,31813,3,App Experience,Negative,2024-07
1930645698,35554129,4,Product Quality,Neutral,2024-08
5393373590,5712468,4,Customer Service,Neutral,2024-09
5851854765,82032191,4,Customer Service,Neutral,2023-11
3765179520,43784632,4,App Experience,Positive,2024-06
683969424,98225598,4,Product Quality,Positive,2023-08
8459624382,64489709,4,App Experience,Neutral,2023-08
7110044004,62807542,3,App Experience,Neutral,2023-04
4302375314,96253172,1,Customer Service,Negative,2024-03
1245307588,13760839,3,Customer Service,Negative,2023-04
3876260101,70420271,2,App Experience,Negative,2023-09
3162263618,23676689,5,Product Quality,Positive,2023-05
655792395,11254582,4,Customer Service,Positive,2024-04
7624743284,40392019,4,Customer Service,Positive,2023-08
4783962671,57765367,3,App Experience,Neutral,2023-10
7166787473,97928541,3,Product Quality,Negative,2024-08
9395228070,40275138,4,Product Quality,Positive,2024-09
902157975,80371626,3,Customer Service,Neutral,2023-04
6947741744,49617531,4,Product Quality,Positive,2023-07
4788498083,16420489,2,Customer Service,Negative,2023-09
8070127087,27709218,2,Product Quality,Negative,2024-08
5191429552,14944819,4,App Experience,Neutral,2023-12
5220651138,91768226,2,Customer Service,Negative,2024-03
2758734705,54797119,3,App Experience,Negative,2023-08
2907887532,85838438,2,Customer Service,Negative,2023-11
7388846009,59094034,3,Customer Service,Neutral,2024-02
2606843929,29415527,4,Delivery,Positive,2024-06
5637567433,91562028,4,Customer Service,Neutral,2024-09
8838095431,41194825,1,App Experience,Negative,2023-05
1564649286,77869660,3,Customer Service,Negative,2023-12
4098166849,33741801,3,App Experience,Neutral,2023-10
8091143423,25128143,1,App Experience,Negative,2023-11
3024045336,54877984,4,Customer Service,Neutral,2024-04
6152984028,60732869,3,Customer Service,Neutral,2023-08
3450790653,87266831,1,Product Quality,Negative,2023-08
8028917900,57340963,4,Delivery,Positive,2023-07
7781884407,90666073,4,App Experience,Positive,2024-08
3483689828,7687234,4,Product Quality,Neutral,2023-07
8341286014,31076002,1,Customer Service,Negative,2024-08
7936106887,95309983,4,App Experience,Positive,2024-05
2247354978,6668498,5,Delivery,Positive,2024-09
5347701114,22036818,4,Product Quality,Neutral,2023-10
7846068436,93507573,3,App Experience,Negative,2023-11
9893439302,67277562,1,Delivery,Negative,2023-09
4160816433,2219590,3,Customer Service,Neutral,2023-12
6000890622,62828341,2,Customer Service,Negative,2024-09
7317676958,92356639,2,App Experience,Negative,2023-07
8620144614,20122449,3,Product Quality,Negative,2024-07
3940758882,40085705,4,Delivery,Positive,2024-01
5216555041,30188374,1,Delivery,Negative,2024-03
5144793312,59518795,3,App Experience,Neutral,2024-08
7241413847,10048910,5,Product Quality,Positive,2023-04
3567610983,1816969,5,Customer Service,Positive,2023-08
16878685,37556526,4,App Experience,Positive,2024-04
951657166,63624332,1,Delivery,Negative,2024-04
4189022307,21597477,3,Delivery,Negative,2024-05
7378521428,10857389,2,App Experience,Negative,2024-04
6266311709,67708491,4,Delivery,Neutral,2024-06
7985347262,22483684,4,Customer Service,Positive,2024-07
992764262,69240186,5,Customer Service,Positive,2023-11
3080291353,93937586,4,Customer Service,Positive,2024-08
5532188237,211163,4,Product Quality,Positive,2024-06
6814658453,55278329,3,Customer Service,Negative,2023-09
4861499558,2684440,5,Customer Service,Positive,2024-03
2521042570,28394354,2,Customer Service,Negative,2024-05
5217781278,85658166,3,App Experience,Neutral,2023-06
8006034379,43784632,4,Customer Service,Neutral,2024-05
7380913411,49869358,3,App Experience,Neutral,2024-06
7706841114,68016312,4,Delivery,Neutral,2024-02
1561779937,76359458,1,Delivery,Negative,2024-03
7196559586,85658166,4,App Experience,Neutral,2024-08
2359961993,28995786,3,Customer Service,Neutral,2024-06
243819964,98225598,2,Product Quality,Negative,2023-12
4806735178,8651281,4,App Experience,Neutral,2024-06
9198762300,46185579,3,Customer Service,Negative,2023-12
1105231941,29600229,3,App Experience,Neutral,2024-01
5533955218,38969732,3,App Experience,Neutral,2024-06
5130246751,87641623,4,Customer Service,Neutral,2023-05
4528445001,20163931,4,App Experience,Neutral,2024-04
9503959018,31084686,4,Customer Service,Positive,2024-09
4107052604,34668988,4,Product Quality,Neutral,2023-11
5578822558,8817168,3,Delivery,Neutral,2023-08
5506634472,6579892,4,App Experience,Positive,2024-09
4112426763,97825663,2,Product Quality,Negative,2024-09
7157334145,90021871,4,Customer Service,Positive,2023-10
8423458672,60698094,4,App Experience,Neutral,2023-03
3011683470,65121696,4,Customer Service,Positive,2023-03
1884947290,75244116,4,App Experience,Positive,2023-09
558163882,39317905,3,Product Quality,Negative,2024-07
824869105,66943324,5,Delivery,Positive,2024-08
4193492511,10683250,5,Delivery,Positive,2023-10
120996684,92455970,3,Product Quality,Negative,2023-10
2531932780,91500615,4,Product Quality,Neutral,2023-07
8095547865,27620326,3,Customer Service,Neutral,2023-03
6894204435,10700664,4,Customer Service,Neutral,2023-06
9514917126,43599910,5,Delivery,Positive,2024-07
9329665908,57102800,4,Product Quality,Positive,2023-07
1435406360,1174162,4,Customer Service,Neutral,2023-12
3460843508,32797235,1,Customer Service,Negative,2023-10
4762084133,72564495,4,Customer Service,Neutral,2024-09
3884862300,51544662,4,Product Quality,Neutral,2024-02
1990946411,82286725,4,Product Quality,Positive,2024-05
5054937065,9274874,1,Customer Service,Negative,2024-08
9431652023,59890331,1,Product Quality,Negative,2024-09
2268736598,19259955,4,Customer Service,Positive,2023-07
2793638565,26844216,5,Product Quality,Positive,2024-02
4168839407,12088552,4,Product Quality,Positive,2023-04
7406514357,20298398,4,Delivery,Neutral,2024-02
6087916798,89968482,3,Product Quality,Negative,2023-11
4319962076,36146306,4,Product Quality,Positive,2024-01
3904134741,58631874,4,Delivery,Neutral,2024-05
3770123374,29415527,4,Product Quality,Neutral,2023-11
4494390731,34768050,5,Product Quality,Positive,2023-04
6109777696,89699655,3,App Experience,Neutral,2024-10
1401372388,71411879,3,Product Quality,Negative,2023-04
4283973398,18791381,5,Customer Service,Positive,2023-09
3261847147,67383024,4,App Experience,Positive,2023-09
3153811191,87335844,4,Customer Service,Positive,2024-03
2639216409,37702698,4,Customer Service,Positive,2024-03
5948575331,92038780,4,Product Quality,Positive,2024-05
7792925364,59830126,4,Product Quality,Positive,2024-10
7286478750,91196901,3,Customer Service,Neutral,2023-10
9776505630,15661674,2,Delivery,Negative,2023-04
4527342708,81183415,4,App Experience,Positive,2023-10
1124359689,97825663,3,Product Quality,Negative,2024-09
3717458742,18113428,2,App Experience,Negative,2023-08
283675535,20238921,4,Product Quality,Positive,2023-03
6039353394,86479284,5,App Experience,Positive,2023-08
6735917931,47206881,3,Customer Service,Neutral,2023-09
5155256671,19523856,4,App Experience,Positive,2024-08
3984108726,31576845,2,App Experience,Negative,2024-02
2491374111,2361575,4,Delivery,Neutral,2024-08
2043371805,45066676,3,Product Quality,Negative,2024-10
9657782153,87251489,3,Customer Service,Negative,2024-02
9237289778,70168151,2,App Experience,Negative,2024-05
8917116859,91562028,4,App Experience,Neutral,2024-07
720578658,37551429,4,App Experience,Positive,2024-06
9122210530,15066187,4,Product Quality,Positive,2024-01
3540524256,28205701,4,App Experience,Neutral,2023-10
1909520255,71276926,5,Product Quality,Positive,2023-05
8022279737,83058329,3,App Experience,Negative,2024-09
7381549355,75082508,5,Customer Service,Positive,2023-09
3998829973,44149982,2,Customer Service,Negative,2023-10
2895464675,94281220,4,Product Quality,Neutral,2023-04
3971098657,90919603,4,Customer Service,Positive,2024-05
5278249111,78267238,3,Product Quality,Negative,2024-03
9810576443,42723554,4,Product Quality,Neutral,2023-11
4128844410,76438648,4,Product Quality,Positive,2023-07
6103869123,16376189,5,Product Quality,Positive,2023-06
6595041423,57291761,3,App Experience,Neutral,2024-07
3991011923,19182548,2,App Experience,Negative,2024-02
5275440923,67046342,3,Customer Service,Neutral,2023-03
6468633344,29324437,4,Product Quality,Positive,2024-02
9992859795,4356173,4,Product Quality,Neutral,2023-11
7518488485,54222320,1,App Experience,Negative,2023-04
9746950023,31776996,4,Delivery,Positive,2023-11
2721433550,58873572,4,Delivery,Positive,2023-06
6131680348,83701325,2,Delivery,Negative,2024-07
2281544500,40692378,5,Customer Service,Positive,2023-06
4283802879,61020,4,Delivery,Positive,2023-05
8621732366,25722990,3,Product Quality,Negative,2023-09
3797679856,11562458,4,Product Quality,Positive,2023-12
8532100929,31831843,4,Delivery,Positive,2023-11
2973976544,96795047,4,Product Quality,Positive,2024-09
814260962,14974554,1,Product Quality,Negative,2023-09
9411848231,59545278,2,Delivery,Negative,2024-05
6637284724,36517334,2,Delivery,Negative,2023-09
6497594124,39150258,2,App Experience,Negative,2024-10
7213146086,4862761,3,Delivery,Negative,2023-03
5110274761,24821281,3,Delivery,Neutral,2024-05
1112110363,98625898,5,Delivery,Positive,2024-01
1209202931,29451600,5,Product Quality,Positive,2023-06
6384745391,37095171,3,Product Quality,Neutral,2024-08
3367452972,61020,3,App Experience,Neutral,2024-08
2317597587,68661619,3,Delivery,Neutral,2024-06
2254884198,54893418,2,Delivery,Negative,2023-07
679196318,18642306,4,Delivery,Positive,2024-08
2185319815,19180962,3,Delivery,Negative,2024-03
5965281449,17597449,4,Delivery,Positive,2023-06
8616726869,37691544,3,Customer Service,Negative,2024-01
4786027510,5001749,4,Delivery,Neutral,2024-09
4910445344,44030130,4,Product Quality,Neutral,2024-05
7629577899,23348269,4,Customer Service,Neutral,2023-12
4769055037,66742602,4,Product Quality,Positive,2023-08
8476029654,77085443,2,Delivery,Negative,2023-11
7809866112,3999964,1,Product Quality,Negative,2024-07
5453896364,59840071,1,Delivery,Negative,2023-06
9080432189,50080663,2,Product Quality,Negative,2024-08
3079758919,16410155,3,Product Quality,Negative,2024-08
4076039325,27604184,5,Customer Service,Positive,2024-08
9239241275,57291761,2,Delivery,Negative,2024-02
4864829217,26521850,3,Product Quality,Negative,2023-09
5108704843,10951674,2,Delivery,Negative,2024-04
8049805410,23098216,2,Delivery,Negative,2024-09
4711642504,76850859,1,Delivery,Negative,2024-08
8952094523,85626346,4,Customer Service,Positive,2023-11
4285784267,82169898,5,App Experience,Positive,2024-04
7494670835,38728779,3,Delivery,Neutral,2024-01
7667090453,66135710,3,App Experience,Neutral,2023-06
2193572534,19682060,4,Product Quality,Positive,2023-03
5357089776,44223796,2,Customer Service,Negative,2024-09
1191016829,51661209,4,App Experience,Positive,2023-06
549484032,79206969,5,Delivery,Positive,2023-04
8164076900,91408854,2,Delivery,Negative,2023-06
7136165651,59485034,3,App Experience,Negative,2024-09
5368349643,46504355,5,Delivery,Positive,2023-05
6965901435,33741801,1,Delivery,Negative,2024-10
6687307827,88532418,5,Delivery,Positive,2023-04
475294138,31084686,1,App Experience,Negative,2023-12
9047534059,41647393,3,Product Quality,Neutral,2023-12
2807487047,90448312,4,Product Quality,Positive,2024-11
5840148195,66269844,4,Product Quality,Neutral,2024-01
3758135932,77007315,4,Delivery,Positive,2023-08
1978476136,97315135,4,App Experience,Neutral,2024-06
423648434,82989313,3,Delivery,Neutral,2024-10
7201868330,89669139,2,Product Quality,Negative,2024-02
9710106935,14458150,4,Delivery,Neutral,2023-04
4432235479,9278983,2,Delivery,Negative,2024-09
6951956244,60656482,5,Delivery,Positive,2023-10
378485826,75739462,5,Delivery,Positive,2024-03
8982211913,23984022,5,App Experience,Positive,2024-09
6487868576,49136375,4,App Experience,Positive,2023-10
2973502797,74694186,4,App Experience,Positive,2024-06
4105022903,21282544,4,Customer Service,Positive,2023-08
3668828731,72889295,2,App Experience,Negative,2024-08
8644734267,23348269,2,Delivery,Negative,2023-10
3757871565,9401406,3,Product Quality,Negative,2023-08
5770510806,47955004,3,Customer Service,Neutral,2024-01
4514836077,60834500,4,Customer Service,Positive,2023-06
5927852227,37556526,3,Product Quality,Neutral,2024-04
350719542,18642306,3,Customer Service,Neutral,2024-10
868288823,65772743,4,App Experience,Positive,2024-03
7199670826,22694456,4,Product Quality,Neutral,2024-01
3091948113,77306672,4,App Experience,Positive,2024-02
5793742966,83412446,5,Product Quality,Positive,2024-01
7347109009,75632045,4,App Experience,Neutral,2023-09
7078912146,36142455,5,Delivery,Positive,2023-09
2480856222,30373140,5,Product Quality,Positive,2023-11
281421547,88520326,3,Product Quality,Negative,2023-05
5226963306,96628029,1,Product Quality,Negative,2024-06
7316642056,92404798,5,Customer Service,Positive,2024-02
8997415290,85490177,4,Customer Service,Neutral,2024-08
6737025662,44928499,4,Delivery,Neutral,2023-03
8395290763,88312515,5,App Experience,Positive,2024-05
7261119579,65903057,4,App Experience,Neutral,2024-07
9938037878,9796585,4,Customer Service,Neutral,2024-10
7154987905,63802820,5,Product Quality,Positive,2024-10
3605534244,57526322,3,Customer Service,Negative,2024-01
5626601040,19091057,4,Product Quality,Positive,2024-02
2577064886,63948546,3,Product Quality,Neutral,2024-06
2561362173,33481252,4,App Experience,Neutral,2023-05
2793120553,6622751,1,App Experience,Negative,2023-06
4476563699,59222551,4,Delivery,Neutral,2023-09
1580021952,30317733,5,App Experience,Positive,2024-10
7263454149,13760839,3,Customer Service,Negative,2023-10
4371924002,75944533,2,App Experience,Negative,2024-10
2955277471,79960955,1,Product Quality,Negative,2023-12
9445490338,6812439,3,Customer Service,Neutral,2023-05
2668915104,19180962,4,Customer Service,Positive,2023-12
1045621584,85340038,3,App Experience,Neutral,2023-12
4550545705,17805991,4,Delivery,Positive,2024-06
3373390154,68703613,1,Product Quality,Negative,2024-07
5142985961,2457734,3,Delivery,Negative,2024-02
649220272,67696145,3,Product Quality,Negative,2023-09
5023958886,12832151,5,Customer Service,Positive,2024-09
9993542681,42589311,4,App Experience,Neutral,2023-05
4380367305,8955057,4,App Experience,Neutral,2024-04
3626113485,97286925,5,Product Quality,Positive,2024-03
4399099668,44050697,3,Delivery,Neutral,2023-06
3760880745,8791577,4,Product Quality,Neutral,2024-10
1803155516,98088303,1,Product Quality,Negative,2023-06
4413782983,47515046,3,App Experience,Neutral,2023-06
6766424456,21866852,4,App Experience,Neutral,2024-04
8701531535,52613657,1,Delivery,Negative,2024-09
3961971562,89811984,4,Product Quality,Neutral,2024-04
1337510774,80800079,4,App Experience,Neutral,2024-07
8859147707,78394303,4,Customer Service,Neutral,2024-03
5850669672,24137201,3,App Experience,Neutral,2023-06
1183906926,60385293,3,Product Quality,Negative,2023-12
6277509652,71956734,4,Customer Service,Neutral,2024-10
72748189,82286725,4,Product Quality,Neutral,2023-06
3164922639,74230420,4,Customer Service,Neutral,2024-05
1768504415,20209237,4,App Experience,Positive,2023-09
8173155169,56441247,5,App Experience,Positive,2024-01
6164820061,91789216,3,App Experience,Neutral,2023-05
768283559,24621386,5,App Experience,Positive,2024-02
5091744424,53624677,4,Customer Service,Neutral,2023-11
932482893,81088747,4,Customer Service,Neutral,2024-07
4588148640,24137201,1,Product Quality,Negative,2023-03
8120457107,97664747,5,Delivery,Positive,2024-01
6107471725,81940369,4,App Experience,Positive,2023-08
7001417958,22358567,4,App Experience,Neutral,2024-03
7983443604,39717448,4,App Experience,Neutral,2024-01
3057907418,81757554,1,Product Quality,Negative,2024-04
3312147996,67711384,4,Product Quality,Neutral,2024-06
6822269883,69276352,4,Customer Service,Positive,2024-01
5004539711,73933840,3,Delivery,Neutral,2023-07
2426015858,22081691,4,Delivery,Neutral,2024-06
4415332793,7333934,1,Product Quality,Negative,2024-04
1256813796,12832151,5,App Experience,Positive,2024-05
633633688,71694275,3,Customer Service,Neutral,2023-09
8311814996,50953418,4,Product Quality,Neutral,2023-09
1441735184,41181125,3,Customer Service,Neutral,2024-10
1525742840,39042103,1,App Experience,Negative,2024-06
1947080315,54837637,1,Product Quality,Negative,2023-10
5682081545,57340963,5,Delivery,Positive,2024-07
8100817128,41494517,4,App Experience,Positive,2023-04
6051792089,68906393,3,Customer Service,Negative,2024-07
1158173915,27746432,3,Delivery,Negative,2023-08
266072469,49529811,4,App Experience,Positive,2023-08
2529883737,94529626,1,Customer Service,Negative,2023-08
9090089969,10951674,3,Customer Service,Negative,2023-08
7102272749,10508763,1,Product Quality,Negative,2024-04
4948925080,21201299,4,App Experience,Positive,2023-04
9463013186,11928321,5,App Experience,Positive,2023-06
5581013292,97557157,3,Product Quality,Negative,2024-09
7009619835,11063505,4,Customer Service,Neutral,2024-10
9177283950,33472376,3,Product Quality,Neutral,2023-08
9359187866,60732869,3,App Experience,Neutral,2023-12
1524480475,14161586,1,Customer Service,Negative,2024-06
3829990099,60379302,3,Customer Service,Negative,2024-02
1058609445,51341672,4,Product Quality,Positive,2024-07
1022764286,62243869,3,Delivery,Neutral,2024-04
1913299658,84377964,5,Product Quality,Positive,2023-12
5305443623,80476444,4,Product Quality,Positive,2024-01
4074369199,18259715,4,App Experience,Positive,2024-06
9966404015,85072416,2,Customer Service,Negative,2023-08
3192917514,16617201,4,Delivery,Positive,2024-05
1256718210,6812439,4,Product Quality,Neutral,2023-05
6067839426,30317733,5,Delivery,Positive,2023-08
2254923956,80696046,4,Product Quality,Neutral,2024-08
7367673526,97144544,5,Customer Service,Positive,2024-05
9467422683,10562528,2,Product Quality,Negative,2023-09
819853692,32656885,3,App Experience,Neutral,2024-07
3070834475,80269328,5,App Experience,Positive,2024-10
3620552357,82918668,5,Customer Service,Positive,2024-06
5938542755,3408982,1,App Experience,Negative,2023-07
9315535975,70220141,3,App Experience,Neutral,2023-11
3547873471,11478478,3,Product Quality,Negative,2024-10
6546999829,27381533,4,Delivery,Neutral,2023-10
9039495201,25770577,3,Customer Service,Neutral,2024-03
99708985,91130614,2,App Experience,Negative,2023-11
6312811061,51661209,1,Delivery,Negative,2024-08
3915885220,54580166,4,App Experience,Positive,2024-06
6654736751,45804389,1,Delivery,Negative,2023-04
841915361,93318833,4,Customer Service,Neutral,2024-10
2543233800,46686696,3,Customer Service,Neutral,2023-09
5271947935,1601161,3,Customer Service,Neutral,2024-08
6339554317,17132416,4,Delivery,Positive,2023-06
1840475676,27971619,5,Customer Service,Positive,2024-05
6812031667,66023110,3,Customer Service,Negative,2023-12
3031698482,75213636,2,App Experience,Negative,2024-10
7902025520,78725001,2,Product Quality,Negative,2024-01
1969446314,29584848,1,Delivery,Negative,2023-09
9949497098,8881320,5,Delivery,Positive,2024-10
4572338018,59141605,4,Customer Service,Neutral,2023-05
2964153358,78725001,4,Delivery,Positive,2023-06
7642038633,27709218,3,Delivery,Negative,2024-03
8208980848,17341194,5,App Experience,Positive,2024-02
3343789681,20689141,5,Delivery,Positive,2023-05
9478305481,92409489,3,Customer Service,Neutral,2024-02
3475260976,57291761,1,Customer Service,Negative,2023-03
3665443705,14330483,2,Product Quality,Negative,2024-08
673592541,75213636,3,Delivery,Negative,2024-04
8074949320,14472401,3,Delivery,Neutral,2023-08
8056021378,95558510,3,App Experience,Negative,2023-11
2331582000,6637282,3,Product Quality,Neutral,2024-03
5844776722,10038382,2,Product Quality,Negative,2024-01
8426465860,88045094,1,App Experience,Negative,2024-02
9057555029,60446619,3,App Experience,Negative,2024-02
2210486526,65406127,1,Customer Service,Negative,2023-12
6421432903,66766629,4,Delivery,Positive,2024-01
3562901354,5039883,4,App Experience,Neutral,2024-05
8194268842,17929886,3,App Experience,Neutral,2024-08
7524467684,22321208,5,Customer Service,Positive,2023-04
1254195766,60399360,5,Customer Service,Positive,2023-12
6476646153,60967677,3,App Experience,Neutral,2024-10
8278568103,28876580,4,App Experience,Positive,2024-08
8589621333,38420886,2,Customer Service,Negative,2023-10
8531683720,85747175,3,Product Quality,Negative,2024-10
327291657,67729191,5,Delivery,Positive,2024-07
6159164139,35690581,1,Delivery,Negative,2024-04
8029863164,50652909,1,Product Quality,Negative,2023-10
9387824629,96989204,3,Delivery,Negative,2023-12
3289836195,18082040,5,Customer Service,Positive,2024-05
5001931575,23380116,5,App Experience,Positive,2024-10
7258292820,20689141,3,Product Quality,Neutral,2023-08
4924862857,65294340,1,Delivery,Negative,2023-08
8666314034,21697638,3,Product Quality,Negative,2023-04
6775326324,16379942,3,App Experience,Neutral,2023-06
6092636899,53025962,5,Product Quality,Positive,2024-10
4115558056,98088303,4,App Experience,Neutral,2024-04
2352136184,75289676,3,App Experience,Neutral,2023-11
1706445141,93370787,3,App Experience,Negative,2024-03
9000165912,65895091,3,Product Quality,Neutral,2023-08
7457305850,76857266,5,Delivery,Positive,2023-12
9685973820,34281470,4,Product Quality,Neutral,2024-04
168067196,11071601,3,App Experience,Neutral,2024-07
6105240201,53299455,5,Product Quality,Positive,2024-05
1888247163,79630614,1,App Experience,Negative,2024-02
7145162326,35459748,5,App Experience,Positive,2023-06
7611231659,78841932,3,Customer Service,Negative,2023-09
4508784747,3483295,3,Product Quality,Neutral,2024-03
2567590825,13604883,4,App Experience,Neutral,2023-10
9255982861,83867512,4,Customer Service,Neutral,2024-10
4102063254,86067293,2,App Experience,Negative,2024-01
7373931740,49117070,4,Product Quality,Neutral,2024-08
5682816404,10830043,4,App Experience,Positive,2023-07
544018743,67310893,4,App Experience,Positive,2024-03
3292929952,29272253,2,Delivery,Negative,2024-09
9144790321,15808945,3,Delivery,Negative,2023-04
9075991438,3999964,4,App Experience,Neutral,2023-06
3634813810,32527479,3,Product Quality,Neutral,2024-08
8250406975,9573071,3,App Experience,Neutral,2023-12
5877618756,80571942,3,App Experience,Neutral,2023-07
2419292139,79916464,2,App Experience,Negative,2024-05
9547123332,66485571,5,Product Quality,Positive,2023-06
6968636396,38902193,3,Customer Service,Negative,2024-04
5247557644,44410149,4,Delivery,Neutral,2023-05
7731193394,88553721,4,Customer Service,Positive,2024-10
6048321120,24357425,4,App Experience,Positive,2024-07
8494582006,60967677,3,Product Quality,Neutral,2023-05
5600781757,67386193,3,App Experience,Negative,2023-06
495091707,56457995,5,App Experience,Positive,2024-09
3239613823,966247,2,Customer Service,Negative,2024-04
3643352219,97928781,1,App Experience,Negative,2023-09
2051599638,44409533,1,Product Quality,Negative,2023-04
3514859549,16561710,4,Customer Service,Neutral,2023-12
3907599008,31328762,4,Customer Service,Neutral,2023-12
1534993603,97507853,4,Customer Service,Neutral,2024-01
8980701254,1601161,4,Customer Service,Positive,2024-05
6695408903,38613642,4,Customer Service,Neutral,2023-05
3268455899,4439806,1,Delivery,Negative,2023-09
7809161755,12778027,4,Product Quality,Positive,2023-04
8873697539,91384030,4,Delivery,Positive,2024-02
8603941640,82948843,2,Customer Service,Negative,2024-01
8308184279,57658033,5,Delivery,Positive,2023-06
7572826287,71252391,3,App Experience,Neutral,2023-04
7478396641,77007315,4,Product Quality,Neutral,2023-12
3569283921,53636086,5,Product Quality,Positive,2023-10
9947619677,6398761,3,Product Quality,Negative,2024-08
5396237918,8228843,4,Delivery,Neutral,2024-01
455878765,55733729,2,Customer Service,Negative,2024-07
2079195080,85518832,4,App Experience,Positive,2024-03
6104211214,62816600,2,Customer Service,Negative,2024-07
9442939134,92245432,4,App Experience,Neutral,2024-08
3317293496,76917159,1,Delivery,Negative,2024-02
8243326501,31681710,2,App Experience,Negative,2024-01
4109483569,92416428,1,Delivery,Negative,2024-03
5390352336,13462905,4,Delivery,Positive,2024-07
2581584982,25770577,5,App Experience,Positive,2023-10
1668737869,69908484,5,Product Quality,Positive,2023-03
5046906329,65543312,1,Customer Service,Negative,2023-08
2536833157,19067680,3,Delivery,Neutral,2023-05
9176170352,98444183,5,Product Quality,Positive,2023-11
833930925,9278983,1,Product Quality,Negative,2024-01
8515226099,15661901,2,Customer Service,Negative,2023-08
2023020278,44477365,1,Product Quality,Negative,2023-06
2840526544,63360864,4,App Experience,Neutral,2023-03
7267422945,49260858,4,Product Quality,Neutral,2023-05
9400777426,86487478,2,App Experience,Negative,2023-11
3298603544,74515162,2,App Experience,Negative,2023-06
4479973293,68965787,3,App Experience,Neutral,2024-09
356236208,62068277,4,App Experience,Neutral,2023-08
6699845542,22851478,3,Delivery,Neutral,2023-12
3106057977,30455484,4,App Experience,Positive,2024-06
1905367587,93321933,4,App Experience,Neutral,2023-11
169590729,10019218,4,Product Quality,Positive,2024-05
9820743709,81822494,4,Product Quality,Neutral,2023-12
6605882211,33544355,2,Customer Service,Negative,2023-12
9517765444,12832151,3,Product Quality,Neutral,2023-09
7766311749,74313592,4,Customer Service,Positive,2023-11
742238239,10605484,1,App Experience,Negative,2023-12
3146141485,47625855,5,App Experience,Positive,2023-12
6633702824,20148223,3,Customer Service,Negative,2024-06
5033749011,41164215,4,Product Quality,Neutral,2023-10
4009496217,62416456,4,Customer Service,Neutral,2023-07
4284473821,87251489,3,Product Quality,Neutral,2024-03
8860588793,50781611,1,App Experience,Negative,2023-08
5305428485,9796585,1,Customer Service,Negative,2023-05
676278878,99784559,1,Delivery,Negative,2023-04
9459854097,40703374,1,Product Quality,Negative,2023-10
3895596621,91243571,1,App Experience,Negative,2023-10
7750915110,49050014,3,Product Quality,Neutral,2023-09
5173951989,43990799,4,Product Quality,Neutral,2023-11
6388954643,80286283,4,Customer Service,Positive,2024-02
5819387689,49152878,1,App Experience,Negative,2023-09
4184037584,68419593,3,Customer Service,Negative,2023-10
9525140554,91500615,4,App Experience,Neutral,2024-10
1617927874,84993732,3,Customer Service,Neutral,2024-09
1543944105,82804543,3,Delivery,Negative,2024-10
341580530,45804389,3,App Experience,Neutral,2024-07
5133661902,79695653,4,Customer Service,Positive,2023-11
4557328309,82854537,3,Delivery,Neutral,2024-06
4479421205,3893903,4,Customer Service,Positive,2024-07
5740294639,67908555,4,Product Quality,Neutral,2023-07
8114060961,28394354,1,Delivery,Negative,2023-10
5744553133,60495351,4,Customer Service,Neutral,2024-04
5029893308,73799927,4,Product Quality,Neutral,2024-01
9663384689,89523804,5,Delivery,Positive,2023-03
7919240958,91614690,3,Product Quality,Negative,2023-05
5211751826,77768189,1,Customer Service,Negative,2023-08
8713129069,13189939,4,Product Quality,Neutral,2024-10
1407304162,76970363,5,Product Quality,Positive,2023-03
3793875046,17675915,5,Product Quality,Positive,2024-01
4903700958,66866026,4,Delivery,Neutral,2024-05
1989547877,60700850,1,Customer Service,Negative,2023-12
9584857115,25829710,3,Product Quality,Neutral,2023-12
7236760938,67918495,4,Delivery,Positive,2024-06
4346903287,87463923,5,Product Quality,Positive,2024-10
6353755071,41972994,3,Delivery,Negative,2024-02
89194627,37947202,2,Product Quality,Negative,2024-03
544919267,54923640,5,Product Quality,Positive,2024-09
6665075012,19067680,3,Delivery,Neutral,2024-01
4461389660,27513158,1,Delivery,Negative,2023-07
8789328634,53332493,4,Product Quality,Positive,2024-06
147066568,44149982,3,Customer Service,Neutral,2024-07
6712947216,1697604,3,Delivery,Neutral,2023-04
4731158560,29361038,3,App Experience,Neutral,2024-03
6228958238,50650215,4,Product Quality,Neutral,2023-08
8006440384,20625627,4,Customer Service,Positive,2023-06
7330672658,57474553,2,Product Quality,Negative,2024-10
1766200974,60591625,3,Product Quality,Neutral,2024-10
2878422829,84641682,5,Delivery,Positive,2024-07
5862535621,76850859,4,Customer Service,Positive,2024-01
3781134163,61320989,3,App Experience,Neutral,2024-02
7835720444,45700473,2,Delivery,Negative,2024-01
1952343673,68965787,3,Customer Service,Negative,2024-02
9406096007,67092149,4,Customer Service,Neutral,2023-11
1136528533,20956158,5,Customer Service,Positive,2023-08
9137126466,75752515,2,Product Quality,Negative,2023-08
1495517558,96373206,5,Customer Service,Positive,2024-08
1643011737,32585389,5,Product Quality,Positive,2024-07
4067366774,19482392,4,App Experience,Positive,2024-02
1683118802,92306841,4,App Experience,Neutral,2023-12
5770514189,57340963,4,Delivery,Positive,2023-12
9612669334,49985597,4,App Experience,Positive,2023-06
3262295808,15487049,2,Product Quality,Negative,2024-04
1593291198,93122847,1,Product Quality,Negative,2024-09
5327721432,13585482,4,Customer Service,Neutral,2024-09
4879497185,51014003,4,App Experience,Positive,2023-10
6883107728,97492493,3,Product Quality,Neutral,2024-02
1643246998,90649019,4,App Experience,Neutral,2023-10
913309291,89968482,2,Delivery,Negative,2024-06
8298829689,64535602,4,Customer Service,Positive,2023-11
7155488252,12090436,2,Customer Service,Negative,2024-09
8316192789,25706121,4,Product Quality,Neutral,2023-07
3589756658,17749347,2,App Experience,Negative,2023-12
8371900149,99893898,4,App Experience,Positive,2024-08
6659686612,90919603,3,Customer Service,Neutral,2024-04
2937676500,11202130,3,Delivery,Negative,2024-05
9908301442,57967753,3,Delivery,Neutral,2023-06
3325049330,80761521,4,Delivery,Neutral,2023-03
2330986566,29941225,5,Customer Service,Positive,2023-03
1495975802,17390673,3,Delivery,Negative,2024-01
4207249029,70529459,1,Customer Service,Negative,2023-10
1150143976,1588560,3,App Experience,Neutral,2023-08
8443390148,21577948,3,Delivery,Negative,2023-06
8358703267,20496835,2,App Experience,Negative,2023-08
1608084881,85907588,4,App Experience,Neutral,2024-03
2744486953,73891999,5,Customer Service,Positive,2024-09
3036885153,4789829,2,App Experience,Negative,2024-02
7335148205,85435560,4,Delivery,Neutral,2023-06
2356580295,4597433,4,Customer Service,Neutral,2023-08
8999547266,21697638,4,Customer Service,Neutral,2023-12
3094439783,95873651,4,Customer Service,Neutral,2023-11
2753579193,2558646,4,App Experience,Neutral,2023-03
7683077217,22047134,1,App Experience,Negative,2024-04
2366099898,63339001,3,Customer Service,Negative,2023-05
1252810532,42102289,5,App Experience,Positive,2024-07
6493039553,90150193,3,Customer Service,Neutral,2024-08
9274842886,69761993,3,Delivery,Neutral,2023-11
8255275254,46615831,3,Product Quality,Neutral,2023-12
2136873695,2391900,4,Delivery,Positive,2023-07
3253225736,61753272,1,Product Quality,Negative,2024-07
7712604853,10608845,4,Customer Service,Neutral,2023-09
5698803942,31813,1,Delivery,Negative,2024-10
4393804577,69242672,1,Delivery,Negative,2023-08
9307961643,82322028,3,Delivery,Negative,2024-04
14103943,9105829,3,Product Quality,Neutral,2023-11
4183595096,64141971,1,App Experience,Negative,2024-01
9915365099,14367270,2,Product Quality,Negative,2023-05
7979108696,63368244,2,Delivery,Negative,2024-05
8756485728,97466783,3,Product Quality,Neutral,2024-02
4859441294,3468355,2,App Experience,Negative,2024-05
8100291984,54885705,3,App Experience,Negative,2023-08
7825714018,56548063,3,Delivery,Negative,2024-08
1785144322,8025622,2,App Experience,Negative,2024-07
242240959,64562786,5,Customer Service,Positive,2024-01
3527621284,86636273,4,App Experience,Neutral,2024-07
2254856113,29973346,2,Delivery,Negative,2023-04
4295420935,97185284,3,Product Quality,Neutral,2024-09
8739415992,55042740,4,Product Quality,Neutral,2023-06
2123879653,43599910,4,Customer Service,Positive,2024-10
1054974834,12272282,3,Product Quality,Neutral,2023-05
6660596550,48554440,2,Delivery,Negative,2024-06
1633238374,26303194,3,Customer Service,Negative,2023-08
8133246330,34526570,3,Delivery,Neutral,2023-10
4696656818,28458746,2,Product Quality,Negative,2023-04
7590214417,69240186,3,App Experience,Neutral,2024-05
1736212920,9401406,2,Product Quality,Negative,2024-09
4507702369,27955158,5,App Experience,Positive,2023-04
6458765046,83348353,1,Product Quality,Negative,2023-06
47953423,96806748,4,Product Quality,Neutral,2024-02
1263714922,77086539,5,Delivery,Positive,2023-10
2061768860,12469338,5,Delivery,Positive,2023-09
4264335652,71321741,4,Customer Service,Positive,2023-09
3087181728,58513300,3,Product Quality,Neutral,2023-07
599772156,35358395,2,Delivery,Negative,2023-03
6074313668,77614510,4,Customer Service,Positive,2024-09
5497551107,41647393,2,Product Quality,Negative,2024-08
9102202025,98896871,4,Product Quality,Positive,2024-04
8794436743,40727086,3,Product Quality,Neutral,2023-07
3299603042,77614510,4,Customer Service,Neutral,2024-06
243077069,46623192,3,Delivery,Negative,2024-04
6749594412,16436359,4,Product Quality,Neutral,2023-11
5378344982,33658749,4,App Experience,Positive,2024-02
9103834515,61851054,1,Product Quality,Negative,2024-01
6237437720,15568831,3,Product Quality,Negative,2023-08
2719670578,95382317,5,Delivery,Positive,2024-09
2748681349,84862161,4,App Experience,Neutral,2024-05
9851618724,96149069,5,Customer Service,Positive,2023-10
7013533376,81500385,4,Customer Service,Positive,2023-12
9727047029,94730288,5,Customer Service,Positive,2024-01
1191540022,69863493,4,Delivery,Neutral,2024-09
5733572517,5039883,5,App Experience,Positive,2024-08
9647928644,99406165,2,Customer Service,Negative,2023-05
9696598689,7288562,1,Product Quality,Negative,2023-08
1091207520,65559853,4,Customer Service,Positive,2024-10
7995971909,1342184,3,Product Quality,Neutral,2023-05
6077755741,40055711,4,Customer Service,Positive,2023-07
1240745644,22915611,5,Delivery,Positive,2023-05
1397810713,9314637,5,Delivery,Positive,2023-12
5149614189,90150193,2,Customer Service,Negative,2023-07
7453349798,65488134,4,Product Quality,Neutral,2023-08
7570986632,45166203,4,Delivery,Positive,2023-05
5292931220,38327793,4,Product Quality,Neutral,2023-11
2654499230,79478655,4,Delivery,Neutral,2023-06
2327587597,24621386,5,Delivery,Positive,2024-06
5852189277,29653387,4,App Experience,Neutral,2024-10
8943211530,14632090,2,Product Quality,Negative,2023-09
3305649506,90649019,2,Product Quality,Negative,2023-11
538997323,13492411,4,App Experience,Neutral,2023-04
2966187610,67310893,3,App Experience,Negative,2023-04
866693541,14472401,4,Delivery,Neutral,2024-06
440721658,9450435,1,App Experience,Negative,2023-05
2084323012,11202130,3,Customer Service,Neutral,2024-06
4876314410,37227953,1,Customer Service,Negative,2024-11
2401282648,21425168,3,Product Quality,Neutral,2023-08
2117291471,33481252,1,Delivery,Negative,2023-06
5455295163,46989310,2,Product Quality,Negative,2024-08
3219761206,44589829,2,Product Quality,Negative,2024-07
7423918026,84448310,4,Delivery,Neutral,2024-04
1793817443,68661619,4,Delivery,Neutral,2023-11
2644609220,97825663,2,Product Quality,Negative,2024-05
1353492780,57765367,3,Customer Service,Neutral,2024-03
1230061693,11616535,4,Delivery,Neutral,2023-06
6299572675,81046421,3,App Experience,Negative,2023-08
5956863364,24821281,3,Customer Service,Negative,2024-02
6788884093,2566268,4,App Experience,Positive,2024-10
6120799223,84377964,2,Delivery,Negative,2024-01
3892854030,74179536,1,App Experience,Negative,2024-02
1883324334,76327561,5,Delivery,Positive,2024-07
4541530278,59517074,4,Delivery,Positive,2024-04
8807380767,37947202,3,App Experience,Negative,2023-04
5865396281,84119685,2,App Experience,Negative,2024-02
340451825,87691707,4,Customer Service,Positive,2024-09
3327784606,61982521,4,Customer Service,Positive,2024-01
5990129875,87160527,5,Customer Service,Positive,2024-07
8808930721,59329145,3,App Experience,Neutral,2023-10
8116880443,26752630,3,App Experience,Neutral,2023-07
9933926720,96640716,3,App Experience,Negative,2023-08
776562418,54923640,1,Product Quality,Negative,2024-09
6105793582,67538982,4,Delivery,Positive,2023-04
9247779866,19523014,5,Delivery,Positive,2024-10
5456672526,52757321,4,Customer Service,Neutral,2024-09
6676994910,50557979,4,Delivery,Neutral,2023-11
9353512235,97277696,3,Customer Service,Negative,2023-11
6539196955,58974323,2,App Experience,Negative,2024-05
7886908865,1529180,5,Delivery,Positive,2023-04
7548844176,12088552,5,App Experience,Positive,2023-05
3375735380,93735495,5,Customer Service,Positive,2024-06
32604190,51503088,2,Delivery,Negative,2023-12
5731985133,80696046,4,App Experience,Positive,2024-06
7586577278,63360864,5,Delivery,Positive,2023-11
7765930124,82179338,4,App Experience,Neutral,2024-10
299059193,26805477,2,Product Quality,Negative,2024-05
135053432,10796846,4,Customer Service,Positive,2023-04
9618593702,29451600,3,Delivery,Neutral,2024-03
2802699236,83262890,3,Customer Service,Negative,2024-05
2044567188,4988545,3,App Experience,Neutral,2023-05
913489768,57833505,3,Product Quality,Negative,2023-06
6856986497,3421258,4,Customer Service,Neutral,2024-02
7292898570,26285589,5,Customer Service,Positive,2024-09
6223087303,65570302,5,Customer Service,Positive,2024-08
403352765,4057678,5,Delivery,Positive,2024-09
7004560997,81994445,5,Delivery,Positive,2024-09
8159868515,2558646,3,App Experience,Negative,2024-04
8854320668,67918495,3,Customer Service,Neutral,2023-11
2285302205,13251137,4,Product Quality,Neutral,2024-08
5160584867,34897081,1,Product Quality,Negative,2024-06
4314105605,34787383,5,Delivery,Positive,2024-07
9895756835,10694081,4,Product Quality,Positive,2024-10
1975300826,35885052,4,Customer Service,Positive,2024-09
2214666083,66427343,4,App Experience,Neutral,2024-08
4735339432,29653387,3,App Experience,Negative,2024-03
9863540120,33675108,1,Delivery,Negative,2023-07
8789376461,28394354,3,Customer Service,Neutral,2023-09
4784591220,88923048,3,Delivery,Neutral,2024-10
6759658833,84377964,5,Product Quality,Positive,2023-09
1241631129,3897936,4,Customer Service,Positive,2024-04
8803314647,93938425,3,Product Quality,Neutral,2024-08
1016410657,32830199,3,Delivery,Neutral,2023-11
8284240513,949062,1,Delivery,Negative,2023-04
343239069,41439103,1,Delivery,Negative,2024-02
3941137932,84929351,3,Customer Service,Negative,2024-02
8955573840,21461764,3,Customer Service,Negative,2023-07
6832435511,62971413,5,Delivery,Positive,2023-04
3014319697,28428852,3,App Experience,Neutral,2023-08
7367717333,11047835,4,Customer Service,Positive,2023-07
9389677233,99714944,5,Delivery,Positive,2024-08
2929883167,41146001,4,Product Quality,Positive,2023-12
9045592834,84119685,1,App Experience,Negative,2024-10
7128308885,76604145,4,App Experience,Positive,2023-12
2060028411,27694927,3,Product Quality,Negative,2023-11
3856301920,63339001,5,Delivery,Positive,2024-07
7248479077,31940833,4,Product Quality,Positive,2023-09
2738466605,49147776,3,Delivery,Negative,2024-08
9801353230,96853930,3,Delivery,Negative,2023-05
2103613260,67528368,1,App Experience,Negative,2024-07
7624166218,29525287,4,Delivery,Neutral,2024-01
4692680597,97185284,5,Product Quality,Positive,2023-06
2028074931,33998721,4,App Experience,Positive,2024-06
6247819401,57526322,4,Delivery,Positive,2023-03
6299879620,48160359,2,Product Quality,Negative,2023-11
3398014747,87823209,5,Customer Service,Positive,2023-06
4526087670,54923640,4,App Experience,Positive,2023-11
4473653758,4597433,3,Product Quality,Neutral,2024-08
1286821727,32003512,3,Product Quality,Neutral,2024-08
5566617391,81822935,4,Delivery,Positive,2024-08
6630935939,67708491,4,App Experience,Positive,2024-10
8676443273,47215976,2,App Experience,Negative,2024-05
439562091,36400756,3,Delivery,Neutral,2024-04
7361440096,82529927,3,Delivery,Neutral,2024-02
2480611325,30823988,3,Product Quality,Neutral,2024-02
5091640382,64141971,5,Product Quality,Positive,2024-01
1443292147,8395610,4,App Experience,Positive,2024-04
3342653518,6319646,4,App Experience,Positive,2023-07
3836073957,54952806,3,Product Quality,Neutral,2023-07
4192669219,44589829,3,Delivery,Neutral,2024-04
6922121165,97928781,3,App Experience,Neutral,2024-01
4850653474,66932104,3,Customer Service,Neutral,2024-03
1229660813,54748429,3,Product Quality,Neutral,2023-11
5194396051,12338529,5,App Experience,Positive,2024-10
8971899775,92118758,3,Product Quality,Neutral,2024-03
5619049608,56572297,1,Delivery,Negative,2024-05
9943996342,3282647,4,Product Quality,Positive,2023-09
4548721519,93018527,2,Customer Service,Negative,2024-08
6211537502,2164524,5,App Experience,Positive,2023-09
347093563,31026200,1,Customer Service,Negative,2024-09
1855924568,33472376,5,App Experience,Positive,2024-08
5914484553,4378755,3,Customer Service,Negative,2023-11
8068903161,11705793,4,Customer Service,Neutral,2024-02
2147159735,50527764,4,Product Quality,Positive,2023-05
9006983686,68063317,3,Delivery,Neutral,2023-10
7606134274,69034027,3,App Experience,Neutral,2024-05
4034750827,10019218,5,Delivery,Positive,2023-06
851062565,49457685,4,App Experience,Positive,2024-03
4283323746,93321933,3,Product Quality,Negative,2023-11
7842390585,6637282,1,Customer Service,Negative,2023-10
2449548943,68486301,3,Product Quality,Negative,2023-09
7067924535,95371787,3,Delivery,Neutral,2023-11
1602291242,19581959,3,Customer Service,Negative,2023-03
7067630786,75082508,3,Delivery,Neutral,2023-09
9726762425,75674671,5,Delivery,Positive,2023-08
1129887168,21201299,4,Delivery,Neutral,2024-02
3371892236,81763298,4,Delivery,Positive,2024-05
6532953824,93924203,4,Product Quality,Neutral,2024-11
252964377,89531595,4,Customer Service,Positive,2024-05
6270495384,12272282,4,Customer Service,Neutral,2023-09
2450770184,45323391,3,App Experience,Neutral,2023-08
7543192113,82898985,3,Product Quality,Negative,2023-12
9890817032,12967305,5,App Experience,Positive,2023-04
183165359,73098723,4,Delivery,Positive,2023-05
2136907826,7591711,3,App Experience,Neutral,2023-12
2801605687,16561710,3,Customer Service,Negative,2024-03
8869292457,12851610,5,Product Quality,Positive,2024-09
5414471648,46741896,3,Delivery,Negative,2023-05
7827370415,97770901,5,Customer Service,Positive,2023-06
7216662926,76327561,5,App Experience,Positive,2024-07
349410429,42514124,3,Customer Service,Negative,2024-01
8512030806,77768189,4,Delivery,Positive,2024-10
8003807551,76917159,3,Product Quality,Negative,2024-08
274320517,18567760,4,App Experience,Positive,2024-08
2150447285,93370787,4,Delivery,Neutral,2024-06
5089385450,33608451,3,Delivery,Neutral,2023-06
8622799862,5386246,3,Delivery,Neutral,2024-02
2773034272,36400756,4,Delivery,Positive,2024-06
4028266143,19216141,1,Delivery,Negative,2023-03
9691888826,54680459,1,App Experience,Negative,2023-10
8891340263,87718744,3,Customer Service,Negative,2024-09
1149293318,43459807,3,Delivery,Negative,2023-11
1288695184,46885873,4,Delivery,Positive,2023-10
5229336544,72857290,1,Product Quality,Negative,2023-09
196885435,88045094,1,App Experience,Negative,2023-06
6961457996,89704218,5,Customer Service,Positive,2024-10
5059907679,65963876,5,Product Quality,Positive,2024-04
9046226901,38728779,5,App Experience,Positive,2024-02
515408216,3408982,4,Product Quality,Positive,2023-12
9048597167,75510747,3,App Experience,Negative,2024-06
4308216668,6335221,5,App Experience,Positive,2024-07
8671875127,13383642,4,App Experience,Positive,2023-06
9622968817,96042320,4,Delivery,Neutral,2023-06
7832599414,18889370,3,App Experience,Neutral,2023-08
5533307028,21577948,3,Customer Service,Neutral,2023-05
752185231,24633671,5,Product Quality,Positive,2024-03
5859787209,8628482,3,Delivery,Neutral,2024-09
1736713150,46741896,2,App Experience,Negative,2024-01
3620570172,25829710,4,Customer Service,Neutral,2024-04
5758119413,22694456,5,App Experience,Positive,2024-10
2204489775,79257353,5,Customer Service,Positive,2024-05
5881059783,2219590,4,App Experience,Positive,2023-08
9475167773,48418662,2,App Experience,Negative,2023-07
4635228647,6459100,4,Delivery,Positive,2023-08
8394536341,6459100,2,Product Quality,Negative,2024-08
4726427550,93699264,4,Customer Service,Neutral,2024-02
5387935727,22694456,3,Customer Service,Neutral,2023-10
1886705751,73393269,4,Customer Service,Positive,2023-04
4224014067,85218071,2,Product Quality,Negative,2023-05
8726515908,82900175,1,Product Quality,Negative,2024-10
7388091459,10562528,4,Product Quality,Positive,2024-10
9320256091,32595806,4,Customer Service,Positive,2024-01
3872093894,67729191,2,Customer Service,Negative,2023-11
992848455,44269569,4,Product Quality,Neutral,2024-09
4458723519,38902882,5,Customer Service,Positive,2024-09
7755662096,10700664,5,Product Quality,Positive,2024-01
5779793224,95971469,5,Product Quality,Positive,2024-05
8253576531,57063557,5,Customer Service,Positive,2023-08
4993169316,90649019,5,Product Quality,Positive,2024-07
828017545,12622901,4,App Experience,Positive,2024-03
2012368621,71252391,3,Customer Service,Neutral,2024-07
6603205997,37702698,1,Customer Service,Negative,2024-05
833581472,31026200,3,App Experience,Negative,2023-08
8755782101,50557979,2,Customer Service,Negative,2023-12
1049830215,44828791,3,Customer Service,Negative,2024-08
2399383238,79789048,5,Product Quality,Positive,2023-11
143399998,46686696,5,Customer Service,Positive,2024-10
2444273306,32003512,2,Delivery,Negative,2024-06
1309618968,91228580,5,Customer Service,Positive,2023-04
3972788794,67708491,5,App Experience,Positive,2024-03
2356073413,29902416,3,Product Quality,Neutral,2024-03
3775683944,57217288,3,Product Quality,Neutral,2024-07
8994776653,3002538,2,Customer Service,Negative,2023-12
8124075720,46741896,4,Delivery,Positive,2024-10
5534171862,97664747,5,App Experience,Positive,2023-11
4825558658,41008070,3,App Experience,Neutral,2024-08
1541676341,73660582,4,Delivery,Positive,2023-08
5360755658,68341636,4,App Experience,Positive,2023-06
844328418,29584848,2,Customer Service,Negative,2023-04
1843468816,55425478,3,Customer Service,Neutral,2023-07
3771484570,60319216,1,Customer Service,Negative,2023-08
2458783424,1497747,4,Product Quality,Neutral,2023-06
2272849018,6982488,3,Delivery,Neutral,2024-11
8549503132,63238941,3,Delivery,Neutral,2023-03
4032847942,10857389,4,Product Quality,Positive,2024-09
8224665612,27727819,5,Customer Service,Positive,2023-07
8007222259,31940833,5,Delivery,Positive,2024-02
3522030676,46313756,4,Delivery,Positive,2023-06
3224743071,17805991,4,App Experience,Neutral,2023-10
7474790671,43256928,2,App Experience,Negative,2023-10
7884745950,13585482,3,App Experience,Negative,2024-04
8269502930,11616535,4,Product Quality,Neutral,2024-06
985347383,50080663,3,App Experience,Neutral,2024-05
5932091553,80571942,3,App Experience,Negative,2024-10
69932727,83236183,4,Product Quality,Neutral,2024-08
2715027145,26903313,3,App Experience,Neutral,2024-05
5234261944,18113428,1,Customer Service,Negative,2023-06
2818967815,74212242,4,Delivery,Neutral,2024-04
1598213217,37947202,4,App Experience,Positive,2023-08
9087747856,31681710,3,Product Quality,Neutral,2024-05
9606925547,45659330,3,App Experience,Negative,2024-03
9866554851,63793401,1,App Experience,Negative,2023-07
3719294769,64316806,1,Product Quality,Negative,2024-08
3576529840,13383642,5,Customer Service,Positive,2024-07
5478986113,72089140,4,Product Quality,Neutral,2023-04
6724582316,14991661,4,Delivery,Positive,2023-10
4391559649,60904312,4,Customer Service,Positive,2023-06
9530258400,84850688,3,App Experience,Negative,2023-10
609162117,85233498,4,Customer Service,Neutral,2023-09
755143077,6856445,4,App Experience,Neutral,2023-07
5239439928,67908555,4,App Experience,Neutral,2023-08
1328248068,51556553,1,Product Quality,Negative,2024-05
1440606577,76917159,2,Delivery,Negative,2024-04
8884389971,95858939,1,App Experience,Negative,2024-08
7307977336,95858939,3,Delivery,Neutral,2023-09
5953535252,79630614,3,App Experience,Negative,2024-06
6133025410,6061349,3,App Experience,Negative,2023-09
798088726,89699655,5,Customer Service,Positive,2023-09
3372412988,89036169,5,Customer Service,Positive,2024-01
4910060567,24323106,5,Delivery,Positive,2023-04
8708211566,38420886,3,Customer Service,Neutral,2023-04
2126853184,92509376,4,Delivery,Positive,2024-10
4390795259,66932104,4,App Experience,Positive,2023-09
9030686359,5961261,4,Delivery,Positive,2023-05
8565611606,85854265,4,Customer Service,Neutral,2024-02
6782020758,23380116,4,Product Quality,Positive,2023-11
561884159,84066402,4,Customer Service,Positive,2023-09
2767430579,16424635,3,Customer Service,Neutral,2023-10
5934372451,56441247,3,App Experience,Negative,2023-04
6833977302,97475543,3,App Experience,Negative,2023-06
8396649871,2517955,5,Delivery,Positive,2024-02
1937188757,57392064,4,Delivery,Neutral,2023-09
3142198801,49152878,1,App Experience,Negative,2024-07
6087109745,84824280,4,Customer Service,Neutral,2023-03
8895262247,191616,4,App Experience,Positive,2023-03
5138524153,7522036,3,App Experience,Neutral,2023-08
9789995549,34567918,4,App Experience,Positive,2024-01
7485459856,89784343,4,Delivery,Neutral,2023-09
4033626537,66943324,1,Customer Service,Negative,2023-05
9370915142,95372766,3,Product Quality,Neutral,2023-10
7211325894,70976153,3,Customer Service,Neutral,2023-04
3482827003,77869660,3,Delivery,Negative,2023-05
6656246719,19180962,1,Product Quality,Negative,2024-09
6092663288,51341672,4,Delivery,Positive,2024-09
9346041594,77559557,4,Customer Service,Positive,2023-06
9105127475,87213891,3,Product Quality,Neutral,2023-11
6120818381,34768050,3,Delivery,Neutral,2024-05
5174370629,31156674,3,App Experience,Negative,2024-07
3244930036,67386193,1,Customer Service,Negative,2023-05
2976493998,820740,5,Delivery,Positive,2024-10
7971593791,92209869,2,Product Quality,Negative,2023-06
4052544342,58214883,4,Product Quality,Positive,2024-04
6264003424,26863280,2,App Experience,Negative,2024-08
3436107152,64141971,2,Customer Service,Negative,2024-04
8546631319,10541231,4,Customer Service,Neutral,2023-10
640960551,34237583,4,App Experience,Neutral,2023-06
1141173434,5961261,2,Product Quality,Negative,2023-11
528309380,52409516,4,App Experience,Positive,2024-04
2387509904,63310076,3,Product Quality,Neutral,2024-07
6791931269,38133873,1,App Experience,Negative,2024-07
4063689432,6025470,4,Delivery,Neutral,2023-10
1206887762,59909004,5,Delivery,Positive,2024-06
6409437174,3399251,4,Product Quality,Neutral,2023-12
1355164713,28995786,5,Product Quality,Positive,2023-09
2604772138,15144290,4,Product Quality,Neutral,2024-05
5868093790,61618079,4,App Experience,Positive,2023-04
10161194,63238941,3,Product Quality,Neutral,2023-12
8930380639,98540377,5,Product Quality,Positive,2023-10
2247940574,11202130,3,Delivery,Neutral,2024-04
6190907327,64151769,4,Customer Service,Positive,2023-11
127277515,35455991,4,Delivery,Positive,2023-09
8209093135,2558646,3,Product Quality,Negative,2023-10
4419380079,1989720,3,Delivery,Neutral,2023-12
2954606845,14294171,3,App Experience,Neutral,2024-10
5128739359,57081917,4,Product Quality,Neutral,2024-07
8183315245,80499378,3,App Experience,Neutral,2024-02
8820606892,8395343,5,App Experience,Positive,2023-04
7779228340,8395343,4,Customer Service,Neutral,2023-06
8459230018,50899600,3,App Experience,Neutral,2024-06
7060468800,83867512,1,Delivery,Negative,2024-07
218821567,95428692,3,Customer Service,Neutral,2024-03
7795766861,79135318,5,Product Quality,Positive,2023-05
4285804383,23755474,2,App Experience,Negative,2023-05
5961051248,20834589,4,Customer Service,Positive,2024-10
5630323534,98218863,5,Delivery,Positive,2024-03
4642824835,76327561,3,Product Quality,Negative,2024-07
3060527554,75213636,3,Product Quality,Neutral,2024-03
4048252396,75213636,5,Customer Service,Positive,2024-04
1271431612,18082040,1,App Experience,Negative,2024-04
8981940261,31537100,2,Customer Service,Negative,2024-05
3896239510,90856813,4,App Experience,Neutral,2023-05
711316410,25587553,5,Customer Service,Positive,2024-02
9863502398,31619915,4,Product Quality,Positive,2023-12
293770293,45066676,4,Customer Service,Positive,2023-09
890800429,95594611,3,App Experience,Neutral,2024-03
1270503169,8791577,3,Delivery,Negative,2024-07
168180571,89910157,4,App Experience,Neutral,2023-03
111296281,28413467,3,Delivery,Neutral,2024-05
7329085364,53392567,3,App Experience,Neutral,2023-06
1129130498,62243869,4,Delivery,Positive,2023-12
996939836,23794330,4,App Experience,Positive,2024-05
8263379807,14479168,4,App Experience,Positive,2023-04
5735975899,83304571,5,App Experience,Positive,2023-09
9651034668,70615775,4,App Experience,Positive,2024-09
3103539793,75244116,3,Customer Service,Neutral,2023-07
1611921781,48776805,4,Customer Service,Positive,2023-06
7532381028,73392739,1,App Experience,Negative,2023-03
7803665404,63571453,2,Delivery,Negative,2023-05
466184886,40277444,3,Customer Service,Neutral,2023-08
4692518050,46989310,3,Delivery,Neutral,2024-03
9408428,31456752,4,Delivery,Neutral,2023-08
8766330526,85907588,1,Delivery,Negative,2023-04
9221423039,42208242,2,Customer Service,Negative,2024-10
4268661538,22694456,3,Customer Service,Negative,2023-10
1378809665,52409516,3,App Experience,Neutral,2023-03
4917941248,83701325,1,Product Quality,Negative,2024-05
5132792285,19080489,4,App Experience,Neutral,2024-04
3776678112,34655710,4,Delivery,Neutral,2023-12
6940411801,59009727,5,Delivery,Positive,2023-07
7422521525,92509376,4,Product Quality,Neutral,2024-03
4419022028,23961725,2,Product Quality,Negative,2023-12
8016651984,90745023,3,Product Quality,Negative,2023-04
2361722422,89412038,2,App Experience,Negative,2023-04
1001453982,34668988,5,Product Quality,Positive,2023-07
9093918346,74038361,1,Product Quality,Negative,2024-03
3969014433,61982521,5,Customer Service,Positive,2023-08
9684561720,61121421,2,Product Quality,Negative,2023-09
7031115362,27878182,4,App Experience,Positive,2024-10
8204766849,76020843,5,Product Quality,Positive,2024-07
2785412612,60210778,4,Customer Service,Positive,2024-03
2624138741,31718565,4,Product Quality,Neutral,2024-04
748376248,66766629,3,Product Quality,Neutral,2023-08
6096787440,25128143,3,Delivery,Neutral,2023-03
8787660233,90586029,4,Delivery,Neutral,2024-05
3845481278,63870636,4,Delivery,Neutral,2023-07
4636134267,57642258,4,Product Quality,Neutral,2024-02
4538825340,45700739,4,Delivery,Neutral,2024-04
4553101047,39301587,1,Delivery,Negative,2024-05
2193853405,42208242,3,Product Quality,Negative,2023-05
1642059453,7378768,1,App Experience,Negative,2023-08
5890339330,2188994,5,App Experience,Positive,2024-05
313663478,6959437,4,Product Quality,Positive,2024-02
8591576320,79916464,3,Customer Service,Negative,2023-07
4728104591,31389750,3,App Experience,Neutral,2023-11
8276401643,88252625,5,App Experience,Positive,2024-10
8709694061,6724509,4,Delivery,Neutral,2024-10
4080156881,97770901,2,Delivery,Negative,2024-04
7485829116,49050014,3,App Experience,Negative,2024-03
7378865582,30643619,3,Product Quality,Neutral,2023-05
335575667,32929817,1,App Experience,Negative,2023-09
1621109077,87450286,4,Delivery,Neutral,2024-03
7468088555,21697638,1,Delivery,Negative,2023-05
3676517886,57505804,3,Customer Service,Negative,2024-06
1746921111,56604077,4,App Experience,Neutral,2024-08
7774691391,42514124,4,App Experience,Neutral,2023-07
8220678247,63858550,3,Product Quality,Negative,2024-06
6048604080,98218863,4,Delivery,Positive,2023-09
8545716586,98540377,1,Customer Service,Negative,2024-01
530870056,39140039,5,Delivery,Positive,2024-08
4055690435,15568831,4,Product Quality,Neutral,2023-04
7096530350,97411107,4,Product Quality,Positive,2024-06
7083649345,75464725,3,Delivery,Neutral,2023-05
836457367,2365348,5,Product Quality,Positive,2024-06
7698126312,1705969,4,Customer Service,Neutral,2023-10
2267297760,5754255,3,Delivery,Negative,2024-01
1717841423,87954926,4,App Experience,Neutral,2024-01
4330597536,40563029,5,Customer Service,Positive,2023-04
3687593721,61121421,4,Delivery,Neutral,2023-05
6660740926,119099,3,Delivery,Negative,2024-05
9439713009,4439806,4,App Experience,Positive,2024-04
5281121057,67908555,3,Delivery,Negative,2023-08
7044351561,91024604,3,App Experience,Neutral,2023-09
9121393476,57896058,4,Product Quality,Neutral,2023-08
7202170939,50518311,5,App Experience,Positive,2024-01
1429047127,18465047,3,Product Quality,Neutral,2023-12
8551965787,8383197,1,Product Quality,Negative,2024-10
6756882357,83155219,5,App Experience,Positive,2024-06
618929241,53624677,3,Customer Service,Neutral,2023-10
9711157887,46615831,4,Customer Service,Positive,2024-01
354149805,41164215,3,App Experience,Negative,2024-04
231328814,25287111,4,App Experience,Neutral,2024-04
523916986,66761643,4,Delivery,Neutral,2024-09
1930887811,12302179,1,App Experience,Negative,2023-08
9958741781,95971469,4,Product Quality,Neutral,2024-08
6727230123,26303194,2,App Experience,Negative,2024-10
9487368442,50899600,4,Delivery,Neutral,2023-08
671459763,50630016,4,Product Quality,Neutral,2024-06
9129957352,95971469,5,App Experience,Positive,2023-09
9206073690,19425804,4,App Experience,Neutral,2024-06
5587148302,32635818,4,Product Quality,Positive,2024-09
6936256414,72263318,2,Delivery,Negative,2024-06
3341228576,91196901,1,Customer Service,Negative,2023-05
4817323453,75028268,5,Product Quality,Positive,2023-09
1163454835,50392139,3,Product Quality,Neutral,2023-12
5236061455,48158494,4,Customer Service,Neutral,2023-04
5982829268,90038364,2,App Experience,Negative,2023-04
1901688056,16780752,3,App Experience,Negative,2023-09
5936051107,83304462,4,Delivery,Positive,2024-10
3018272105,18465047,3,Product Quality,Neutral,2023-03
3656191983,59252433,5,App Experience,Positive,2023-08
5186692805,97678578,4,Customer Service,Positive,2023-11
7281243151,13581527,4,Customer Service,Neutral,2023-08
7906004940,65963876,3,App Experience,Neutral,2023-04
6354703603,63310076,3,Customer Service,Negative,2024-05
6444064733,80571942,4,App Experience,Positive,2023-10
2405783093,36428139,4,Delivery,Positive,2023-03
63363146,16410155,5,Product Quality,Positive,2023-07
7040313500,90298394,3,Delivery,Neutral,2024-10
5844807259,45477575,5,App Experience,Positive,2023-10
1931703221,62917794,5,Customer Service,Positive,2023-05
3525336030,89998489,4,Delivery,Neutral,2023-04
4359807852,81136091,3,Delivery,Neutral,2024-04
6946959356,13963450,3,Product Quality,Neutral,2023-12
782338627,73639935,3,Product Quality,Neutral,2024-09
4942714391,25294147,4,App Experience,Neutral,2024-01
919307194,11928321,4,Delivery,Positive,2024-01
6509263423,29324437,1,Delivery,Negative,2024-01
7200105089,24845814,4,Customer Service,Neutral,2023-11
7120372196,40727086,4,Product Quality,Positive,2024-08
8710393245,32564478,5,App Experience,Positive,2024-07
8862036450,7228206,3,Customer Service,Neutral,2024-01
2087769338,8536503,3,Delivery,Neutral,2024-06
3349267712,85354059,4,Customer Service,Neutral,2023-09
1689937124,21701991,5,Product Quality,Positive,2024-01
4498769995,84275450,5,Delivery,Positive,2024-01
3729771871,79592021,4,App Experience,Positive,2023-11
9065518834,61877649,3,App Experience,Neutral,2024-06
7524465290,22851478,4,App Experience,Neutral,2024-01
2319921666,97150234,1,Product Quality,Negative,2024-05
9541612277,5001749,3,App Experience,Negative,2024-03
6303548068,31846190,3,Product Quality,Negative,2024-06
5867651793,64197854,4,Customer Service,Positive,2023-11
6405947025,19375332,3,App Experience,Neutral,2024-09
2150790907,12655794,3,App Experience,Neutral,2023-08
212856641,51994597,1,Product Quality,Negative,2024-11
1686508921,47215976,5,Delivery,Positive,2024-07
5879579208,41261495,5,Product Quality,Positive,2024-09
1882682579,44050697,4,Delivery,Positive,2023-05
8370410622,10663246,1,Product Quality,Negative,2024-06
368599691,44030130,4,Product Quality,Neutral,2024-10
9282982332,97873848,2,App Experience,Negative,2024-09
4874880100,67271824,4,Delivery,Neutral,2024-09
102639985,40392019,4,Product Quality,Positive,2023-08
5288207551,53299455,3,Customer Service,Negative,2023-09
693932743,57658033,5,Customer Service,Positive,2023-06
2325405669,20834589,5,Delivery,Positive,2024-03
8152364696,90665975,2,App Experience,Negative,2023-12
7682359398,36833857,3,Customer Service,Neutral,2024-09
1742951029,95371787,1,Customer Service,Negative,2023-05
4799787645,71905368,5,App Experience,Positive,2023-10
8498666384,37556526,4,Customer Service,Positive,2024-03
5013572642,73363613,5,Customer Service,Positive,2023-05
8403006958,59398136,3,Product Quality,Neutral,2023-11
4688831157,13071673,4,Product Quality,Neutral,2024-07
394578210,88067569,5,Delivery,Positive,2023-09
8681711802,36833857,4,Product Quality,Neutral,2023-10
9311399064,20238921,3,Product Quality,Neutral,2023-11
2620581496,63092485,1,Product Quality,Negative,2023-04
5116898322,73377004,4,Product Quality,Neutral,2024-07
5995819849,34787383,4,Delivery,Positive,2023-08
7690500286,35349582,5,Customer Service,Positive,2024-07
6107283203,87444738,5,Delivery,Positive,2024-09
3170417508,85561151,5,Product Quality,Positive,2024-01
805682701,33481252,2,Customer Service,Negative,2023-07
8960508625,20163931,4,Delivery,Positive,2023-10
5580397726,62243869,4,Delivery,Positive,2023-06
1506599381,77345018,5,App Experience,Positive,2024-09
8424478165,27416314,5,App Experience,Positive,2023-04
6083333956,45028365,1,App Experience,Negative,2023-03
9611327860,6335221,1,Product Quality,Negative,2024-04
9539444766,97873848,3,App Experience,Neutral,2023-11
756168939,54923640,1,Delivery,Negative,2024-07
7762624518,22738465,5,Customer Service,Positive,2024-08
3681781563,4940671,4,App Experience,Positive,2023-11
1571085226,78961097,3,Delivery,Negative,2024-04
4244306883,2584499,4,Customer Service,Positive,2024-03
7333141591,69415494,5,App Experience,Positive,2024-03
1199945706,70867736,4,Product Quality,Positive,2024-01
5895644119,1603358,3,App Experience,Neutral,2023-06
7112919210,55693909,4,Customer Service,Neutral,2024-02
8315937318,64497538,2,App Experience,Negative,2024-05
5331800057,65488134,5,Customer Service,Positive,2023-03
5989265505,62742797,5,Customer Service,Positive,2024-03
7906361274,96795047,3,Customer Service,Neutral,2023-09
6312476146,35988028,4,Product Quality,Neutral,2024-01
9436272631,44410149,3,Product Quality,Neutral,2024-05
8289791792,61516967,2,Product Quality,Negative,2024-01
7659532788,22112867,3,Delivery,Neutral,2024-02
1498157233,19180962,4,Delivery,Positive,2024-02
8560951754,954629,4,App Experience,Neutral,2023-05
8764192824,64823226,4,Delivery,Neutral,2023-07
1900542981,11254582,1,Customer Service,Negative,2023-03
9445683691,41878908,4,App Experience,Neutral,2023-11
7719808335,48358028,5,Customer Service,Positive,2023-04
4865644960,50484778,1,Delivery,Negative,2023-09
6518276143,70965437,5,Product Quality,Positive,2024-01
2211459584,73869823,5,App Experience,Positive,2023-12
6811633572,7728406,1,Product Quality,Negative,2024-06
1821573240,32019725,4,App Experience,Neutral,2024-04
8848227434,12988801,1,Customer Service,Negative,2023-06
7812276711,67465084,2,Product Quality,Negative,2023-03
939966106,42012717,4,App Experience,Neutral,2023-05
4099108156,24144240,5,Delivery,Positive,2024-04
5684182622,29095552,5,Product Quality,Positive,2024-03
4916740946,69240186,2,Product Quality,Negative,2023-10
9732307600,81757554,3,Delivery,Neutral,2024-01
9280329883,60904312,2,Product Quality,Negative,2023-09
4284285927,92843141,3,Product Quality,Neutral,2024-08
8701796,14479168,3,Customer Service,Neutral,2024-08
6834734512,40727086,1,Product Quality,Negative,2023-08
7127377458,99406165,4,Delivery,Positive,2023-03
4754481356,84161531,1,App Experience,Negative,2023-08
4726007482,93924203,2,Customer Service,Negative,2023-08
2320560482,27709218,4,Delivery,Positive,2024-02
1456550348,39674723,3,Delivery,Neutral,2024-05
5370744569,61522288,3,Product Quality,Neutral,2023-08
5819887962,49433260,5,Customer Service,Positive,2024-03
1929465827,19556566,3,Delivery,Neutral,2023-12
9430139302,59329145,4,App Experience,Neutral,2024-02
3632715912,66135710,1,Product Quality,Negative,2024-08
3356214803,66655397,2,Customer Service,Negative,2024-06
2277864850,73377004,4,App Experience,Positive,2024-10
1754472592,33331259,3,Customer Service,Neutral,2024-06
1833208408,49881540,5,Delivery,Positive,2023-08
6567954047,21809858,4,Product Quality,Positive,2023-07
9409585531,2414265,1,App Experience,Negative,2023-04
731371161,57566548,4,Delivery,Positive,2024-09
7863496069,63802820,5,Product Quality,Positive,2024-02
9043955242,92123198,5,App Experience,Positive,2024-04
8257564936,15897933,3,App Experience,Negative,2024-03
7487631571,77397957,4,Customer Service,Neutral,2024-04
4243307535,8886587,2,Customer Service,Negative,2024-07
5490221933,41155125,3,App Experience,Neutral,2023-06
577600718,72857290,4,Customer Service,Positive,2024-04
1815462789,47618810,2,App Experience,Negative,2023-09
896786012,99156138,3,Product Quality,Neutral,2023-08
2610552179,98225598,4,Customer Service,Positive,2024-06
6244718082,2400009,4,Delivery,Neutral,2024-05
1837634871,98241853,2,Customer Service,Negative,2023-05
8684571382,94033330,2,Delivery,Negative,2023-10
1659181364,27513158,2,Delivery,Negative,2023-08
5626641031,65426878,4,App Experience,Neutral,2024-05
1589326447,77961205,5,Product Quality,Positive,2024-01
5018325783,52862822,1,Product Quality,Negative,2024-02
5111073873,75984768,2,Product Quality,Negative,2024-02
5953426781,79135318,4,Delivery,Neutral,2023-12
8966870214,59518795,5,Customer Service,Positive,2024-02
6962915277,54748429,1,Delivery,Negative,2024-09
4309308088,18642306,5,App Experience,Positive,2023-12
5391068200,68159723,1,Customer Service,Negative,2023-11
4394681222,80517784,4,App Experience,Neutral,2024-03
4791895461,63793401,5,Product Quality,Positive,2024-08
7272011740,54139038,4,App Experience,Positive,2024-09
87784691,92583164,3,App Experience,Neutral,2024-09
4939105270,2164524,5,Delivery,Positive,2023-11
4622303035,55060796,4,Delivery,Neutral,2023-08
3460208027,78725001,1,Delivery,Negative,2024-04
2548125971,7228206,4,Customer Service,Neutral,2023-11
2390111460,70608515,2,Product Quality,Negative,2023-09
8309485249,87200291,4,Product Quality,Neutral,2023-12
8322543480,34668988,3,Delivery,Neutral,2024-09
2819200158,64497538,1,Delivery,Negative,2023-07
7087151227,49795571,1,App Experience,Negative,2023-11
6704234561,51833636,4,Delivery,Positive,2024-01
6998410196,78748184,5,App Experience,Positive,2023-07
707035635,61618079,5,Delivery,Positive,2024-09
543400704,60300263,2,Customer Service,Negative,2023-10
3604694195,34713143,5,Delivery,Positive,2023-09
3560549947,42465414,3,App Experience,Neutral,2024-07
9982178143,89968482,3,Product Quality,Neutral,2023-12
1423646541,48730063,3,Product Quality,Negative,2023-12
7441941402,16785724,2,Delivery,Negative,2023-12
8395661807,4386273,4,Customer Service,Positive,2024-08
5480656353,11446157,3,Customer Service,Neutral,2024-03
4561602092,53624677,4,Delivery,Positive,2024-09
1695982633,81382213,4,App Experience,Neutral,2024-01
6309447153,74212242,3,Delivery,Neutral,2023-05
4796733514,87251489,3,Delivery,Neutral,2023-04
2858966982,77214094,3,App Experience,Negative,2024-04
6948607495,18259715,4,App Experience,Neutral,2024-08
4959271803,11082181,5,App Experience,Positive,2024-02
5669689881,7728406,4,Customer Service,Positive,2023-07
5352265711,75928073,3,Customer Service,Negative,2024-02
5498551836,62243869,2,App Experience,Negative,2023-11
6556845822,68692574,2,Customer Service,Negative,2023-05
5167008199,76359458,3,Customer Service,Neutral,2024-05
966294309,89619421,3,App Experience,Negative,2024-05
3163611427,85074810,1,Delivery,Negative,2024-01
203136866,91320466,1,Delivery,Negative,2024-06
1815555165,58085779,5,Delivery,Positive,2023-09
1874499212,64162093,4,Delivery,Positive,2024-05
4012779165,84641682,1,Delivery,Negative,2024-09
3669023899,81183415,1,App Experience,Negative,2024-05
9296381620,50630016,3,Customer Service,Neutral,2024-04
2725513934,54799731,4,Customer Service,Neutral,2023-10
5564338561,61226563,2,Delivery,Negative,2024-03
4701778121,23348269,3,Product Quality,Negative,2024-06
9529272337,29973346,2,Delivery,Negative,2023-12
869910650,34755436,4,Product Quality,Neutral,2024-05
2127080399,84468124,2,Product Quality,Negative,2024-09
3547439109,33481252,2,App Experience,Negative,2023-04
997535715,21409946,5,App Experience,Positive,2023-03
2442453181,16543242,1,App Experience,Negative,2023-03
1182120536,4386273,5,App Experience,Positive,2024-05
2819297954,5540556,5,App Experience,Positive,2024-04
9870956079,39423691,4,Delivery,Neutral,2023-10
6032675432,63368244,5,Product Quality,Positive,2024-09
329790912,76925460,2,App Experience,Negative,2024-08
6459815532,43295656,3,App Experience,Negative,2023-05
9214523757,59619739,5,Customer Service,Positive,2023-10
9450279027,38694209,5,App Experience,Positive,2023-09
6265551101,38568692,3,Delivery,Neutral,2023-11
4138526838,33871107,3,App Experience,Negative,2023-10
8005579633,89617089,2,App Experience,Negative,2023-08
3442984170,55472026,2,Product Quality,Negative,2024-09
8711550413,68941950,4,App Experience,Neutral,2023-05
2509593585,58111297,3,Product Quality,Neutral,2023-05
6126557370,61982521,3,Product Quality,Negative,2024-04
9876119035,29095552,3,Product Quality,Negative,2023-04
3739042166,92416428,4,App Experience,Neutral,2024-07
7938944124,85074810,3,App Experience,Negative,2024-03
506804807,9107360,5,Product Quality,Positive,2024-07
3577900599,28286754,4,Customer Service,Positive,2024-02
8337599633,41073776,3,Customer Service,Neutral,2023-11
8611745429,88045094,5,Customer Service,Positive,2024-05
2990223879,72359843,5,Product Quality,Positive,2023-08
52324496,81605722,2,Customer Service,Negative,2024-02
6594929133,45868300,2,Customer Service,Negative,2023-04
2480235830,31324823,3,Delivery,Negative,2023-09
9667072962,50781611,4,Customer Service,Neutral,2023-04
277700053,1174162,4,App Experience,Positive,2023-08
5691623788,60757351,3,Delivery,Neutral,2024-03
6845696161,37759707,3,Product Quality,Neutral,2023-07
4098488449,60049160,3,Delivery,Neutral,2023-03
5653623743,96461062,2,Customer Service,Negative,2023-03
6416399784,34156884,3,Customer Service,Negative,2023-08
4365565386,54145987,2,Customer Service,Negative,2023-06
6423269418,30643619,3,Customer Service,Negative,2024-08
1020534590,48150243,4,Customer Service,Neutral,2023-12
4015289878,72489544,4,Product Quality,Neutral,2024-03
9959668334,80935110,4,Delivery,Positive,2024-01
8054387790,84953008,4,Product Quality,Neutral,2023-05
4795344310,91562028,5,App Experience,Positive,2024-04
2205862234,52001314,3,Customer Service,Negative,2023-10
4686249863,21701991,1,Customer Service,Negative,2024-08
1270524770,11478478,4,Delivery,Positive,2023-10
5743550453,93699264,4,Customer Service,Positive,2024-05
5309699078,81584486,3,App Experience,Negative,2023-08
7565768030,15830066,1,Product Quality,Negative,2024-02
3210260715,68939350,3,App Experience,Neutral,2023-04
6657245289,820740,5,Product Quality,Positive,2024-05
7854526965,48228547,3,Delivery,Neutral,2023-08
2770948451,22077605,3,App Experience,Negative,2023-04
624070426,41640262,3,App Experience,Negative,2023-10
891583492,13651980,4,Customer Service,Positive,2024-04
5811206654,70391758,4,Delivery,Positive,2023-05
809894905,82374625,4,Product Quality,Neutral,2023-12
8209000496,63948546,3,Product Quality,Negative,2023-03
4901288364,44723662,5,Customer Service,Positive,2023-07
5890338566,81337068,1,Delivery,Negative,2023-04
2745295248,40643232,3,Delivery,Negative,2024-05
5708700204,40387944,4,Customer Service,Neutral,2023-05
8643851643,57360162,3,Delivery,Neutral,2023-04
4525287277,74174956,3,Customer Service,Negative,2023-06
6154459753,82179338,4,Delivery,Neutral,2024-06
2587790388,45586151,4,App Experience,Neutral,2024-06
2665891587,86636273,3,Customer Service,Neutral,2024-03
6996561687,3844290,3,App Experience,Negative,2024-06
961607638,55170753,1,Product Quality,Negative,2023-08
4385491839,7228206,1,Customer Service,Negative,2024-06
1279200190,84468124,3,Product Quality,Neutral,2024-07
9668698616,76441843,4,Product Quality,Neutral,2023-11
4813038298,27304827,2,Customer Service,Negative,2024-05
2030125421,44477365,4,Customer Service,Positive,2024-05
6997235339,87669943,2,Customer Service,Negative,2024-01
7438342576,82585664,3,Delivery,Neutral,2023-05
9958423263,47503133,4,App Experience,Neutral,2024-03
3416693628,52428250,2,Customer Service,Negative,2024-10
3440579647,89950235,4,Customer Service,Positive,2024-08
5307231496,14330483,4,Customer Service,Neutral,2024-04
4779055734,36587003,3,Customer Service,Neutral,2023-06
3834705841,54375571,1,App Experience,Negative,2023-09
9080324081,48554440,3,Delivery,Neutral,2023-05
2500757555,65488134,3,Delivery,Neutral,2024-10
1292986566,47503133,4,App Experience,Neutral,2023-07
6602362287,5961261,1,Delivery,Negative,2024-02
184844043,33331259,4,App Experience,Positive,2023-12
936587253,93699264,2,Customer Service,Negative,2023-07
2834429147,66742602,2,App Experience,Negative,2023-10
114306835,13251137,4,Delivery,Positive,2024-02
1675849477,36998375,3,Product Quality,Negative,2024-06
5191052705,6579892,4,Product Quality,Neutral,2023-06
7068834722,45314389,4,Customer Service,Neutral,2023-11
5051330893,74230420,4,App Experience,Positive,2024-07
6065496420,12277039,1,Delivery,Negative,2023-05
7574848635,79206969,4,Delivery,Neutral,2023-06
8793868975,16256136,3,Customer Service,Negative,2024-02
5381466176,64106072,5,Customer Service,Positive,2023-06
7709366480,91024604,1,Delivery,Negative,2024-08
4936667930,18567760,3,Product Quality,Neutral,2023-06
6860925755,14272050,5,Customer Service,Positive,2023-09
5486433396,9278983,4,App Experience,Neutral,2024-01
7089292009,8791577,3,Customer Service,Neutral,2023-04
5350760367,25587553,5,Customer Service,Positive,2023-08
5581769906,41164215,4,Product Quality,Neutral,2024-04
6256637306,3096845,4,App Experience,Neutral,2023-11
2999946056,92306841,4,Delivery,Positive,2024-06
5218488175,57833505,5,Customer Service,Positive,2024-01
8297436592,46802633,4,App Experience,Positive,2024-10
1806118907,75752515,1,Product Quality,Negative,2023-12
6999224625,49806393,4,Customer Service,Neutral,2023-04
1809997641,48281892,1,App Experience,Negative,2023-11
7528090614,73639935,3,Product Quality,Negative,2024-06
4884904912,36737539,2,Product Quality,Negative,2023-08
9811235698,58929595,4,App Experience,Neutral,2024-03
5616653529,52001314,4,Customer Service,Positive,2023-12
7188183056,84953008,3,Delivery,Neutral,2023-08
7898301143,73660582,4,App Experience,Neutral,2023-08
5222677885,31582950,2,App Experience,Negative,2024-07
8544952346,61618079,4,Delivery,Neutral,2023-11
9403371764,3096845,4,Product Quality,Positive,2023-06
3956205476,57892837,4,Customer Service,Neutral,2023-06
5678362658,58513300,3,App Experience,Negative,2024-07
8131610255,90448312,2,Customer Service,Negative,2024-03
4722653990,95428692,4,Delivery,Neutral,2023-07
6613853662,75474920,2,App Experience,Negative,2024-01
8274987671,19523014,3,Delivery,Negative,2024-10
5519983123,78678612,1,Product Quality,Negative,2024-04
2746329488,35156679,5,Customer Service,Positive,2023-08
6443285614,2400009,4,Delivery,Neutral,2023-08
6932426427,31384626,5,Customer Service,Positive,2023-08
1796512004,19741509,1,Product Quality,Negative,2023-06
1464518253,12695670,3,App Experience,Neutral,2023-07
3585105627,41168392,4,Delivery,Positive,2024-10
5387247994,19182548,1,Product Quality,Negative,2024-04
7568171531,46504355,1,App Experience,Negative,2023-12
4111193446,85020453,4,Customer Service,Neutral,2024-01
8683154153,89986926,4,Product Quality,Neutral,2024-09
5712367183,85763665,4,Delivery,Neutral,2024-06
3952854723,88739922,2,Product Quality,Negative,2023-09
4631387671,86704661,3,Delivery,Neutral,2024-10
2145309969,35988028,3,Delivery,Neutral,2023-09
4314762741,61516967,4,Customer Service,Positive,2023-06
7401889152,15733078,3,Delivery,Neutral,2024-09
1932040824,32987624,4,Delivery,Neutral,2024-03
9836424713,53815931,1,Customer Service,Negative,2023-11
9882312203,65134271,2,Customer Service,Negative,2024-05
3082649585,92409489,3,Delivery,Neutral,2023-09
6033878151,61226563,4,Product Quality,Positive,2023-11
6395547592,43799224,4,Delivery,Neutral,2024-10
372962997,43799224,4,Product Quality,Positive,2024-04
2988215377,46802633,3,App Experience,Neutral,2024-08
7081583361,39093069,3,Customer Service,Negative,2024-08
1860491452,99893898,5,App Experience,Positive,2024-04
7499656197,12469338,3,App Experience,Neutral,2024-03
4507112412,47577193,3,App Experience,Neutral,2023-09
9214595868,98211325,4,Delivery,Neutral,2024-07
253430904,16543242,5,Delivery,Positive,2023-07
5574588218,48281892,1,Customer Service,Negative,2024-06
2817281674,73869823,3,Delivery,Neutral,2023-09
4932779616,90021871,1,Delivery,Negative,2024-07
7932879650,81088747,1,Customer Service,Negative,2023-05
997698125,97492493,3,Product Quality,Negative,2023-11
2403547563,59677346,4,Customer Service,Neutral,2024-05
8875483494,34787383,5,Product Quality,Positive,2024-03
883548284,3408982,5,App Experience,Positive,2024-05
2364229435,69339331,5,Product Quality,Positive,2024-07
6845869445,54730270,3,Customer Service,Neutral,2024-05
397818832,75467328,4,Customer Service,Neutral,2023-12
304166272,34835738,4,Customer Service,Neutral,2023-10
1575626085,78157360,3,Customer Service,Neutral,2023-05
3945644714,92356639,1,App Experience,Negative,2023-05
8370213291,10855630,4,Delivery,Neutral,2023-05
2185375786,46313756,4,Delivery,Positive,2024-04
1828975788,41155125,5,Product Quality,Positive,2024-01
4319450104,7288562,2,Customer Service,Negative,2024-09
5059765199,91562028,5,Delivery,Positive,2023-10
5360089735,21425168,3,Customer Service,Neutral,2023-05
8008211695,77397957,3,Product Quality,Negative,2023-09
4400031082,46682777,3,Delivery,Neutral,2023-07
9582738204,88312515,4,App Experience,Neutral,2023-08
1368450162,14974554,4,Delivery,Neutral,2023-09
56705032,63060947,4,App Experience,Neutral,2023-11
2407168640,78254569,5,App Experience,Positive,2024-07
530588807,25722990,4,Customer Service,Neutral,2024-02
9975541696,59890331,4,App Experience,Neutral,2023-06
8602707005,77673290,4,Product Quality,Neutral,2024-04
2382595056,76377003,4,App Experience,Positive,2023-12
8056162498,11446157,3,App Experience,Neutral,2023-05
4593039089,50015282,3,Delivery,Neutral,2024-09
7311288658,48358028,2,Customer Service,Negative,2024-08
9157217130,8073518,5,App Experience,Positive,2023-06
9328094731,77086539,3,App Experience,Negative,2024-08
3259266120,35049420,4,Delivery,Neutral,2024-07
4656541041,84572019,4,App Experience,Neutral,2024-10
730839483,20148223,3,Delivery,Neutral,2023-07
6185824257,1816969,2,App Experience,Negative,2024-08
225195662,76202036,1,Customer Service,Negative,2024-08
6771104541,61618079,1,Delivery,Negative,2023-05
6146830622,14367270,4,Customer Service,Positive,2024-10
1380326453,68159723,5,Delivery,Positive,2023-08
728523620,46699982,4,Customer Service,Neutral,2023-08
27296314,64562786,5,Product Quality,Positive,2024-10
2608278705,51945420,3,Customer Service,Negative,2023-10
6786366774,5716817,2,App Experience,Negative,2024-03
5572475750,40563029,3,Delivery,Negative,2023-04
8276417383,39976965,1,App Experience,Negative,2024-06
784435014,2684440,3,Delivery,Neutral,2023-10
9442274046,93617659,3,Customer Service,Neutral,2023-09
2470025903,81420960,2,App Experience,Negative,2024-06
6774241153,29272253,3,Customer Service,Neutral,2024-09
3874644184,49152878,4,Delivery,Neutral,2024-06
8078065454,97033691,4,Customer Service,Positive,2024-05
340113260,83039559,5,Product Quality,Positive,2024-02
2978839318,59436131,3,Customer Service,Negative,2024-01
3896922017,9274874,2,Delivery,Negative,2024-08
7621954956,32797235,3,Delivery,Negative,2023-07
581178324,12277039,3,Product Quality,Neutral,2024-02
8469170680,5901440,3,App Experience,Neutral,2023-03
6779626333,55404382,3,Customer Service,Neutral,2024-05
6335704206,38327793,4,Product Quality,Positive,2024-05
8314342490,21677923,2,Delivery,Negative,2023-04
1948795658,49833888,5,Product Quality,Positive,2023-10
9187864807,44776601,1,Customer Service,Negative,2024-06
8399666962,21573815,4,Delivery,Positive,2023-04
6196321055,30788486,3,Delivery,Neutral,2024-05
8128518434,94486311,4,App Experience,Neutral,2023-08
9854897999,72415263,2,Product Quality,Negative,2023-10
2603584546,41811800,2,App Experience,Negative,2024-05
1295119665,99695529,3,Product Quality,Neutral,2024-03
599975885,45708879,4,Customer Service,Neutral,2023-06
5834861324,84826389,2,App Experience,Negative,2023-07
2032005162,18791381,3,App Experience,Neutral,2024-10
8391900458,43518622,4,Customer Service,Positive,2023-05
1887687323,85518832,1,App Experience,Negative,2024-02
2120411967,6867315,5,Customer Service,Positive,2023-12
3158340906,48002829,4,Customer Service,Neutral,2024-07
2387343456,17749347,2,Product Quality,Negative,2024-10
338609144,12574626,4,Customer Service,Neutral,2024-10
9056190831,3100301,3,Delivery,Negative,2023-07
2803081135,42262168,4,Customer Service,Neutral,2023-06
5970759669,26285589,5,Product Quality,Positive,2024-03
3226693729,62629494,3,Delivery,Neutral,2023-08
8132845656,4597433,3,App Experience,Neutral,2024-07
7850550725,16424635,4,Delivery,Neutral,2023-12
2934547619,77161976,4,Delivery,Positive,2024-06
608179182,87220860,2,Delivery,Negative,2024-08
5191326847,48158494,4,App Experience,Neutral,2023-05
7614561036,91853589,5,Customer Service,Positive,2023-09
2947791133,19741509,1,Product Quality,Negative,2023-11
6538760883,119099,3,App Experience,Negative,2024-04
8872250952,43243913,2,Product Quality,Negative,2023-10
8173258734,20835909,4,App Experience,Positive,2023-11
5465833352,11047835,4,Product Quality,Positive,2023-03
2106569369,27513158,4,Customer Service,Neutral,2024-01
9039440500,64298209,3,Product Quality,Negative,2024-07
8281482042,72889295,3,Delivery,Neutral,2023-06
479528548,21786873,3,Product Quality,Neutral,2023-07
8087519921,90246977,1,Customer Service,Negative,2023-10
4869691623,9401406,5,App Experience,Positive,2023-05
7155177625,2566268,4,Customer Service,Neutral,2024-08
7254499390,93563435,3,Delivery,Neutral,2023-11
7394439260,22358567,4,Delivery,Positive,2024-10
6581715589,8375298,2,Product Quality,Negative,2023-05
9457009010,80858127,3,Delivery,Neutral,2024-02
2859660695,33685414,4,Customer Service,Positive,2023-08
6392348668,1697604,2,Product Quality,Negative,2024-01
6933011590,21658322,2,Customer Service,Negative,2023-08
5809441378,51872499,5,Product Quality,Positive,2024-07
411113020,84953008,3,Delivery,Negative,2024-06
5512796364,12507907,4,Customer Service,Neutral,2023-06
2610813239,62917794,1,Delivery,Negative,2023-11
3236748462,58111297,2,Delivery,Negative,2024-06
6652395897,60904312,3,App Experience,Negative,2024-07
5517901926,40593638,3,Product Quality,Negative,2023-06
2174753933,38780509,5,Customer Service,Positive,2024-10
1525700767,61320989,3,Customer Service,Neutral,2023-05
7232692149,899941,4,Customer Service,Positive,2023-12
8556607504,68703613,4,Delivery,Neutral,2024-02
5841260317,65426878,1,App Experience,Negative,2023-04
9471427840,18935489,2,Customer Service,Negative,2023-07
2070610257,4386273,1,App Experience,Negative,2023-07
1884811437,24988999,4,Product Quality,Positive,2023-03
5331747573,3588443,4,Delivery,Neutral,2024-09
9977285985,22321208,4,App Experience,Neutral,2023-08
1715175070,33706378,3,App Experience,Negative,2023-09
4117790162,52770036,5,Customer Service,Positive,2023-05
9051644316,30447453,2,App Experience,Negative,2024-07
4903335316,47822591,3,Delivery,Negative,2023-04
3341481363,43066953,3,App Experience,Neutral,2023-11
4074537770,2400009,4,Delivery,Positive,2024-04
5374589112,52409516,4,Delivery,Positive,2023-10
6401406847,58152923,4,Customer Service,Positive,2023-11
698439139,75038062,4,Customer Service,Neutral,2024-09
881367843,25221501,1,Delivery,Negative,2024-10
6438115781,43431724,5,App Experience,Positive,2023-10
1706198744,19425804,3,Delivery,Negative,2024-06
3115167739,83304571,4,Delivery,Positive,2024-07
8608111158,75244116,5,App Experience,Positive,2023-04
8167540645,69925688,5,Product Quality,Positive,2023-07
898210033,28111842,4,App Experience,Positive,2024-06
5415454466,79369660,4,Product Quality,Neutral,2024-07
9240312177,80862136,5,Customer Service,Positive,2023-04
4880265969,20163931,3,App Experience,Neutral,2023-05
5056583192,27336589,4,App Experience,Positive,2023-11
1921412688,12338529,2,Product Quality,Negative,2023-10
5829741995,40434527,4,App Experience,Neutral,2023-12
9830742370,49806393,4,Customer Service,Positive,2024-02
509041342,91243571,5,Delivery,Positive,2024-01
8420144998,72164737,3,App Experience,Negative,2023-11
7353766541,48418662,3,Delivery,Negative,2023-06
8617979440,13604883,5,App Experience,Positive,2023-09
680476823,75739462,4,Customer Service,Neutral,2024-09
5424536852,18035010,2,Customer Service,Negative,2024-08
1142004448,73735548,4,Product Quality,Positive,2024-06
1814491335,27336589,5,App Experience,Positive,2024-02
445929405,36885115,2,App Experience,Negative,2023-07
3849003596,60300263,1,Customer Service,Negative,2023-10
6367757670,33617546,3,Customer Service,Neutral,2024-09
4925321106,77214094,4,Customer Service,Neutral,2024-02
4463294381,44409533,1,Delivery,Negative,2023-12
9077946933,81808190,1,Customer Service,Negative,2024-04
6688079478,57392064,1,Product Quality,Negative,2024-04
8712304346,40085705,2,Delivery,Negative,2023-06
3748957111,98088303,3,App Experience,Neutral,2023-04
2388792163,81160474,4,App Experience,Positive,2024-02
2583035857,77220027,3,Product Quality,Neutral,2023-11
2649487718,81346291,4,Delivery,Neutral,2024-03
5936628691,47387512,5,App Experience,Positive,2023-10
7662682121,1562083,3,Delivery,Negative,2024-09
736115661,55971849,4,Customer Service,Neutral,2023-05
2448741950,60757351,2,Customer Service,Negative,2023-11
9321629905,79206969,4,App Experience,Neutral,2024-02
9020583379,9573071,3,Delivery,Neutral,2023-06
2642275862,97419742,1,Delivery,Negative,2023-12
6932431317,79206969,3,Customer Service,Negative,2024-07
9126871366,67696145,4,Customer Service,Positive,2023-05
3244572785,60732869,3,Product Quality,Negative,2024-01
6485432691,18082040,5,Delivery,Positive,2023-05
6047222755,78394303,3,Delivery,Negative,2023-09
6167501412,20940403,4,Product Quality,Neutral,2024-01
2052163872,20634789,4,Product Quality,Positive,2023-06
7740339645,70170606,3,Customer Service,Negative,2023-12
2761855959,81541985,4,App Experience,Positive,2023-10
8010347195,18935489,2,Product Quality,Negative,2023-12
2384153985,30285217,4,Product Quality,Positive,2023-10
3584794157,96253172,3,Product Quality,Negative,2024-04
8186709947,27604184,2,Product Quality,Negative,2023-11
6027355216,17929886,5,Product Quality,Positive,2023-06
9823160533,51119088,3,Delivery,Negative,2024-06
8694663463,12851610,1,Delivery,Negative,2024-01
1296772969,68703613,2,Delivery,Negative,2024-06
5856838171,55971849,3,Product Quality,Negative,2023-12
915473142,53636086,5,App Experience,Positive,2024-05
6992097680,9450435,5,Product Quality,Positive,2023-11
6870670122,70529459,4,Delivery,Positive,2023-11
6626994121,44223796,5,Customer Service,Positive,2024-07
6125813500,44562310,5,Delivery,Positive,2023-07
6899859775,33706378,4,Product Quality,Neutral,2024-04
1825560091,41494867,3,Product Quality,Neutral,2024-01
1320638425,36833857,4,Customer Service,Positive,2023-04
5320995509,81932548,4,Customer Service,Positive,2023-06
4249535395,50953418,5,Product Quality,Positive,2023-03
804881381,44269569,4,Customer Service,Neutral,2024-05
4858560187,55028958,5,Product Quality,Positive,2023-10
6425666148,24144240,1,App Experience,Negative,2023-08
9021754099,23844919,4,Product Quality,Neutral,2024-08
7728205680,46023497,3,Product Quality,Neutral,2024-06
9346166799,62416456,4,Customer Service,Neutral,2024-10
3377313085,89036169,4,Delivery,Neutral,2023-09
8167716321,73392739,4,App Experience,Neutral,2024-05
2024637181,29451600,3,App Experience,Neutral,2023-06
9310630290,64162093,3,Customer Service,Negative,2023-10
2276505075,12769552,5,App Experience,Positive,2024-07
6615188116,49529811,2,Delivery,Negative,2023-08
6858336318,92027021,5,App Experience,Positive,2024-06
7601638642,32426778,1,Delivery,Negative,2024-09
1191565627,51661209,3,App Experience,Neutral,2023-11
4785021992,91144803,1,Product Quality,Negative,2023-12
3452964753,49449238,4,Delivery,Positive,2024-06
3490919801,85198177,5,Customer Service,Positive,2023-10
105578518,38615653,5,App Experience,Positive,2024-03
2978719561,11478478,2,App Experience,Negative,2023-11
9979010790,13465850,4,Delivery,Positive,2024-02
4435636116,93018527,3,Delivery,Neutral,2023-04
5909879259,82594354,5,App Experience,Positive,2024-08
2686390867,45071436,3,App Experience,Neutral,2024-02
6698537000,52770036,5,Customer Service,Positive,2024-01
4395604675,53076417,4,Product Quality,Neutral,2023-11
3475041787,34425723,4,Delivery,Neutral,2024-07
5817989751,72366758,5,App Experience,Positive,2023-11
1433129858,43256928,5,App Experience,Positive,2024-05
3571922553,69364309,3,Product Quality,Neutral,2024-01
7940229189,50632192,5,Product Quality,Positive,2024-03
3801240688,18256339,4,Delivery,Neutral,2024-08
1295268290,70168151,4,App Experience,Neutral,2024-02
4552636670,74313592,5,Customer Service,Positive,2024-08
6805071689,87266309,4,Delivery,Positive,2024-03
8026827967,49371494,2,App Experience,Negative,2023-06
6417774057,22800586,2,Customer Service,Negative,2024-03
7877665931,35434373,3,Customer Service,Neutral,2023-12
7754237266,75836905,3,App Experience,Negative,2023-05
7985418058,35302195,4,App Experience,Neutral,2024-09
5287733777,84066402,5,Product Quality,Positive,2024-10
7112725384,21658322,2,Delivery,Negative,2024-02
6261926473,50760752,1,Delivery,Negative,2024-06
1495465938,5607734,4,Customer Service,Neutral,2023-10
7891205593,10562528,3,Customer Service,Negative,2024-07
924888012,79298972,5,Delivery,Positive,2024-03
943278538,22227829,3,Product Quality,Neutral,2024-04
9981950902,39153585,3,Product Quality,Neutral,2024-07
7769253886,8351747,3,Product Quality,Neutral,2023-09
9350977708,41874489,3,Product Quality,Neutral,2023-08
4525211942,30317733,3,Product Quality,Negative,2024-06
7232049635,79916464,4,App Experience,Positive,2023-03
679546532,72942753,5,Delivery,Positive,2024-05
4665187954,97739583,4,Product Quality,Neutral,2024-04
3914760118,61877649,2,Customer Service,Negative,2023-03
155568486,36517334,5,Product Quality,Positive,2023-12
3773972929,26752630,3,App Experience,Neutral,2023-10
2168808412,91382237,2,Delivery,Negative,2023-05
7697315553,49769532,4,App Experience,Positive,2023-12
804414742,42781544,3,Product Quality,Negative,2024-07
918328199,60656482,2,Product Quality,Negative,2023-12
3084493525,32527479,2,Customer Service,Negative,2023-04
8047256000,17805991,3,Delivery,Neutral,2024-08
5176597414,80875034,3,App Experience,Neutral,2024-01
110303417,57566548,4,Customer Service,Positive,2024-05
1809212176,50105174,5,Customer Service,Positive,2023-04
1765001264,1697604,3,App Experience,Neutral,2023-07
4220306391,44139071,4,Customer Service,Neutral,2024-01
1275637731,20148223,1,Customer Service,Negative,2023-12
7729557529,59252433,3,App Experience,Neutral,2024-09
9279017414,60495351,3,Customer Service,Neutral,2023-05
8726185624,57505804,3,Customer Service,Negative,2024-09
3192177869,59252433,3,Customer Service,Negative,2024-08
5033541164,32987624,4,Customer Service,Positive,2024-05
4495977117,61753272,3,App Experience,Neutral,2023-05
8866977450,97509888,1,Customer Service,Negative,2024-09
7542030170,49371494,3,Product Quality,Neutral,2023-12
8782031586,23982977,4,Delivery,Positive,2024-06
7177553918,10048910,4,Delivery,Neutral,2023-03
9157563215,89142848,5,Delivery,Positive,2023-05
989452284,79773912,5,Product Quality,Positive,2024-07
9972678893,45033270,1,Product Quality,Negative,2024-08
8561203503,6390687,4,Customer Service,Positive,2024-04
1388300707,84824280,3,Customer Service,Neutral,2024-04
4054816025,29584848,4,Customer Service,Neutral,2024-07
9943206333,12851610,3,Product Quality,Negative,2023-03
3948498236,35402531,2,Delivery,Negative,2024-08
8096169523,66768157,4,Customer Service,Positive,2024-09
8803091944,11228463,4,App Experience,Neutral,2024-05
7409519974,60834500,4,Delivery,Neutral,2024-01
456278500,62526567,4,Customer Service,Neutral,2024-05
9912965340,95309983,1,Delivery,Negative,2023-08
2802653261,9987182,2,Customer Service,Negative,2024-10
8629948751,97678578,5,Product Quality,Positive,2023-08
9169008097,98625898,2,Customer Service,Negative,2024-05
3186513319,3730316,4,Product Quality,Positive,2023-04
8837578937,28663279,5,Product Quality,Positive,2023-08
1468095888,37691544,3,Customer Service,Negative,2023-06
3055120492,408590,2,App Experience,Negative,2023-12
6083457185,80571942,4,Product Quality,Neutral,2024-08
7154956248,22112867,4,Product Quality,Positive,2023-07
246971181,376144,3,Product Quality,Neutral,2023-07
2452915406,96806748,4,Customer Service,Positive,2024-07
9458183390,88203688,3,Delivery,Negative,2023-03
576571858,26285589,3,App Experience,Negative,2024-09
9544803182,31410886,1,Product Quality,Negative,2024-03
2121652047,65815155,4,App Experience,Neutral,2024-02
8891725854,13871547,3,Delivery,Negative,2023-05
4870772869,78903046,5,App Experience,Positive,2024-03
262562615,12059049,3,Delivery,Negative,2023-04
5142912812,57642258,5,Product Quality,Positive,2023-11
1225289500,70529459,1,App Experience,Negative,2024-03
7337555525,44223796,1,Customer Service,Negative,2024-03
5719806088,42012717,4,Product Quality,Neutral,2024-01
6890191424,57360162,5,Customer Service,Positive,2024-06
5695198653,29562254,5,Delivery,Positive,2024-09
482670263,9641623,4,App Experience,Neutral,2024-06
7857904467,97286925,5,App Experience,Positive,2023-04
614435661,73586244,4,Customer Service,Neutral,2023-08
2284551326,68063317,3,App Experience,Negative,2023-10
8614991290,57566548,3,Customer Service,Neutral,2024-10
9865566300,61753272,2,App Experience,Negative,2023-11
6672582413,82359623,4,App Experience,Positive,2024-06
3004834987,91590001,5,App Experience,Positive,2023-10
4486349175,45481936,4,Customer Service,Neutral,2024-04
3098655541,69908484,5,Delivery,Positive,2023-05
1912293606,49433260,5,Customer Service,Positive,2024-07
7465280557,26863280,2,App Experience,Negative,2024-03
343050015,72263318,3,Delivery,Negative,2023-04
6414606364,70867736,4,Product Quality,Positive,2024-01
4092550629,50572914,2,App Experience,Negative,2023-04
9810964144,51476157,5,Product Quality,Positive,2024-02
6513851276,99160348,4,Product Quality,Neutral,2023-08
6080784069,39418109,4,Customer Service,Neutral,2023-07
1967283733,15796277,5,Product Quality,Positive,2023-08
2683672396,89617089,5,Customer Service,Positive,2023-08
1464736195,15830066,4,Customer Service,Neutral,2024-08
3258963661,20343501,4,Customer Service,Positive,2024-05
9956872454,41874489,5,Product Quality,Positive,2023-11
867630114,30373140,4,Delivery,Neutral,2023-06
3333752740,84862161,3,Delivery,Negative,2023-07
4835197446,72889295,4,App Experience,Positive,2024-01
1888517793,42514124,4,Customer Service,Neutral,2023-10
5148599328,28350645,2,Customer Service,Negative,2024-05
3405089431,96629034,3,Customer Service,Negative,2024-02
9286199495,5751638,4,App Experience,Positive,2023-09
6418255337,63948546,4,Delivery,Positive,2024-02
7442478777,28289030,2,App Experience,Negative,2023-10
5170777528,31537100,1,Delivery,Negative,2023-05
1255941187,38420886,4,Product Quality,Neutral,2024-02
4704980993,119099,4,App Experience,Positive,2024-05
7310604669,93617659,4,Product Quality,Neutral,2023-07
7970608721,60385293,4,Customer Service,Positive,2024-01
3164727163,20956158,1,Delivery,Negative,2023-05
2388064449,34237583,2,Customer Service,Negative,2024-05
757816226,22571994,2,Customer Service,Negative,2023-03
259772553,2566268,3,Product Quality,Neutral,2023-09
8388644219,4444673,4,Delivery,Positive,2024-04
1545044936,77921718,1,Customer Service,Negative,2023-08
6995571310,81200164,4,Product Quality,Neutral,2024-03
8801161214,9107360,4,Product Quality,Neutral,2024-04
1751319400,98307019,3,Delivery,Neutral,2024-06
10448052,90021871,4,App Experience,Positive,2023-08
3047076079,65895091,5,Customer Service,Positive,2023-05
5085860780,64316806,5,Product Quality,Positive,2023-12
6213909425,42208242,2,Customer Service,Negative,2023-12
3712789789,20634789,4,Product Quality,Neutral,2024-02
278794976,94137242,4,Delivery,Neutral,2023-03
3420357591,86444757,4,App Experience,Neutral,2024-07
4551386734,62807542,3,Delivery,Neutral,2023-03
7609681987,22076522,3,Customer Service,Neutral,2023-10
1721655048,79742293,3,App Experience,Neutral,2024-04
7040151151,5540556,3,Delivery,Neutral,2023-03
6719661881,48716374,5,Delivery,Positive,2023-05
5195004299,50632192,2,App Experience,Negative,2024-01
5441946621,40256341,5,Customer Service,Positive,2024-02
3508992095,32293017,3,App Experience,Negative,2023-12
8454449180,79672044,4,Delivery,Neutral,2024-02
9251851237,94453274,5,Product Quality,Positive,2023-11
6739811103,9981089,3,Customer Service,Neutral,2024-01
7590827828,40703374,4,App Experience,Positive,2023-11
310213322,12077371,3,Customer Service,Neutral,2023-09
934908369,53299455,1,Delivery,Negative,2024-08
3817617199,29525287,1,App Experience,Negative,2024-08
2622709030,50781611,1,Customer Service,Negative,2024-07
3843689992,3730316,3,Delivery,Neutral,2024-10
8732395640,26285589,1,Product Quality,Negative,2024-03
3889721330,44269569,4,Customer Service,Positive,2024-05
7064093619,90665975,5,App Experience,Positive,2023-05
6798661163,3730316,4,Customer Service,Positive,2024-07
2878307830,97150234,1,App Experience,Negative,2024-05
4133369643,95971469,3,Delivery,Negative,2023-07
3394787348,40841791,1,Customer Service,Negative,2024-06
4830380663,19259955,1,Product Quality,Negative,2023-12
3441042301,43052303,4,Customer Service,Positive,2023-08
3984353474,17681645,3,Delivery,Negative,2024-05
4495916529,57662767,5,Customer Service,Positive,2023-04
5075205264,51034600,1,Product Quality,Negative,2024-04
6129180304,86499778,1,Delivery,Negative,2024-01
3311686914,63310076,3,Delivery,Negative,2024-05
3907403745,99490786,2,Customer Service,Negative,2023-06
9924696305,43367112,5,Delivery,Positive,2023-04
7348508805,45052594,5,Delivery,Positive,2024-05
1665004352,5226128,3,Product Quality,Neutral,2023-08
1049800958,44139071,3,Product Quality,Neutral,2023-07
2937550786,72946405,4,App Experience,Neutral,2023-08
486724008,12415659,4,Product Quality,Neutral,2024-07
9361578823,81373608,4,Customer Service,Positive,2023-08
6249585672,20940403,3,Product Quality,Negative,2023-07
2111712383,67465084,4,Product Quality,Positive,2024-01
2962076108,99824171,4,Delivery,Neutral,2024-06
7509638056,35912599,4,App Experience,Neutral,2024-02
6074743537,32797235,5,Product Quality,Positive,2024-09
3560026527,97174235,1,Customer Service,Negative,2024-06
7005103077,76850859,3,Product Quality,Negative,2024-05
8175826750,22076522,1,Delivery,Negative,2024-09
8572946020,41168392,3,Customer Service,Negative,2024-04
2936701883,28286754,5,App Experience,Positive,2024-03
9948324640,22054087,4,Delivery,Neutral,2023-10
2865872281,49970560,4,App Experience,Positive,2024-09
5785351358,64795608,5,Product Quality,Positive,2024-11
5204776107,65514005,3,Delivery,Neutral,2023-08
8689865723,62526567,3,Product Quality,Neutral,2024-03
7822329516,79742293,4,Delivery,Neutral,2023-11
5995393950,64535602,2,Delivery,Negative,2023-08
5458784818,79672044,2,Customer Service,Negative,2024-07
5611686165,83660688,5,Product Quality,Positive,2023-07
6390653932,83597876,2,Customer Service,Negative,2023-05
1215008706,68219091,4,App Experience,Neutral,2024-03
7357727116,6617417,4,Product Quality,Positive,2024-06
7562975685,89910157,2,Customer Service,Negative,2023-07
3118070064,50518311,5,Product Quality,Positive,2023-06
8255753870,72667140,3,Product Quality,Neutral,2023-09
5924715529,79919160,3,App Experience,Neutral,2024-03
9593816617,44589829,4,Customer Service,Positive,2023-05
6143213997,71643758,4,Product Quality,Neutral,2024-03
4516009647,99361865,3,Customer Service,Negative,2024-07
291900074,625395,4,Product Quality,Neutral,2024-10
3178700341,48033969,4,Customer Service,Positive,2024-06
4231742059,4439806,3,Customer Service,Negative,2023-11
7437613292,31582950,4,Product Quality,Positive,2023-12
5609346062,82169898,5,Product Quality,Positive,2023-08
909033820,93924203,1,Customer Service,Negative,2023-10
470624828,59545278,4,Delivery,Neutral,2023-08
9608676386,99714944,5,Customer Service,Positive,2023-08
6846160702,77661491,4,App Experience,Neutral,2023-07
4248168019,29973346,4,Product Quality,Neutral,2024-03
9057909300,9738801,2,App Experience,Negative,2024-01
2171816966,92404798,4,Customer Service,Positive,2024-01
1387025817,52417972,4,Delivery,Neutral,2024-06
6801124715,26912171,3,Product Quality,Neutral,2024-04
6117979297,79206969,4,Delivery,Positive,2023-12
4902314626,98307019,5,Customer Service,Positive,2024-05
361595059,70966268,5,Customer Service,Positive,2023-10
5309683159,24153726,4,Delivery,Neutral,2023-04
2300265337,90246977,3,Delivery,Negative,2024-01
199903168,99627097,4,Customer Service,Neutral,2023-04
4923840119,60049160,5,App Experience,Positive,2024-09
2209550085,56457995,3,App Experience,Negative,2024-09
120178110,65294340,3,Product Quality,Negative,2024-01
6647259959,83660688,2,Customer Service,Negative,2023-06
3859980017,77015367,1,App Experience,Negative,2023-05
9196827234,51669263,3,Customer Service,Negative,2023-10
3499440849,3638834,3,Delivery,Neutral,2023-10
7114775833,68965787,3,Product Quality,Neutral,2024-07
7812364366,25081012,2,Product Quality,Negative,2023-08
7525899857,52428250,4,App Experience,Neutral,2023-09
3917847107,90665975,3,App Experience,Neutral,2024-08
1229828587,42989999,3,App Experience,Neutral,2023-10
4249345096,81346291,3,Product Quality,Neutral,2023-05
4002407580,59398136,3,Product Quality,Negative,2023-11
5982122427,6398761,5,Delivery,Positive,2023-04
3280431261,48268435,3,Delivery,Neutral,2024-03
5066338759,48284116,4,Product Quality,Neutral,2023-11
9087426355,66932104,2,Delivery,Negative,2023-11
5512907,51476157,3,Customer Service,Negative,2023-04
4174741467,34074184,3,Customer Service,Neutral,2023-12
6270463968,35434373,2,Delivery,Negative,2023-10
1239385001,82359623,3,App Experience,Neutral,2023-09
5250202756,40871915,5,App Experience,Positive,2023-09
4099185509,22047134,3,Delivery,Neutral,2024-01
7875903450,17805991,5,App Experience,Positive,2024-03
7561642939,75739462,4,Product Quality,Positive,2024-07
5438908316,59815512,5,App Experience,Positive,2024-04
357437373,23126657,4,App Experience,Neutral,2023-05
8972877222,57291761,3,Delivery,Neutral,2024-10
1163798451,25641500,2,App Experience,Negative,2023-10
3588229485,29973346,2,App Experience,Negative,2024-08
1205823348,79478655,5,Delivery,Positive,2024-07
2867008541,99594960,4,Delivery,Positive,2023-12
5794917332,12574626,3,Product Quality,Negative,2024-02
4726520098,48284116,4,Customer Service,Neutral,2023-04
6251716165,93723634,3,Product Quality,Negative,2023-09
5991829458,80850753,5,Customer Service,Positive,2023-08
1142626566,27304827,3,Product Quality,Negative,2024-05
2595161999,45586151,4,Delivery,Positive,2023-08
8865698939,3897936,5,Product Quality,Positive,2023-09
1776582175,12305040,3,Customer Service,Neutral,2024-03
7323157341,16543242,3,App Experience,Negative,2024-07
8997413283,45314389,4,Delivery,Positive,2024-10
2548452255,44776601,4,Delivery,Neutral,2023-09
7906839225,56548063,3,Customer Service,Neutral,2023-10
4113927200,53782978,4,Delivery,Positive,2023-05
4233626614,24043135,1,Customer Service,Negative,2024-07
2886463378,6853981,3,Customer Service,Negative,2023-12
1823348306,92604392,1,Product Quality,Negative,2023-06
8706556166,84953008,3,Delivery,Neutral,2024-09
5139433840,77614510,4,Product Quality,Neutral,2023-05
769731596,97825663,5,Product Quality,Positive,2024-10
1346090496,88202341,3,Delivery,Negative,2023-08
9339629293,79478655,3,Customer Service,Neutral,2023-05
3043993017,13455530,2,App Experience,Negative,2023-11
274863669,39140039,4,Customer Service,Neutral,2024-04
3736611791,6959437,4,Delivery,Neutral,2024-10
9628875555,11470681,3,App Experience,Neutral,2024-03
6367306297,17201639,4,App Experience,Neutral,2023-09
4393113152,79695653,1,App Experience,Negative,2024-06
1239928207,79591237,2,Customer Service,Negative,2023-09
5473002872,44030130,3,Delivery,Neutral,2024-07
6536847919,81822935,1,Delivery,Negative,2023-06
5480709564,18140588,5,Customer Service,Positive,2023-12
1393100618,33295496,2,App Experience,Negative,2024-09
6999330116,81605722,1,Customer Service,Negative,2023-04
7816842690,1449273,5,App Experience,Positive,2023-08
3186586558,9987182,5,Delivery,Positive,2024-02
7927955136,32293017,4,App Experience,Positive,2023-08
3518172697,13189939,4,Customer Service,Neutral,2023-05
4557188271,17597449,4,App Experience,Positive,2024-05
2893244627,11493380,4,Customer Service,Neutral,2024-10
1996683408,5043760,5,Customer Service,Positive,2024-01
1673794089,48167795,3,Delivery,Negative,2024-02
9931161723,41640262,4,Product Quality,Neutral,2023-07
856799416,25770577,4,App Experience,Neutral,2023-09
6668508959,15144290,4,App Experience,Positive,2024-08
4914874727,80517784,5,Customer Service,Positive,2023-06
7869104895,57392064,4,Product Quality,Neutral,2023-10
5094989752,87107263,4,Product Quality,Positive,2024-06
4305377896,19216141,5,Delivery,Positive,2024-08
7017136473,50680889,3,App Experience,Negative,2024-03
3303209513,70084516,2,Customer Service,Negative,2024-03
8607953669,67340606,4,Product Quality,Neutral,2023-06
1940918101,4356173,4,Product Quality,Neutral,2023-10
6494615659,10745302,4,Product Quality,Neutral,2023-11
4280890409,42102289,3,Delivery,Negative,2024-10
7598489331,84066402,2,App Experience,Negative,2024-07
8755280486,2566268,3,Delivery,Negative,2024-07
8281093933,67277562,3,Customer Service,Neutral,2024-02
7415765726,75244116,3,App Experience,Negative,2023-08
6266072804,60565603,5,Product Quality,Positive,2024-06
1542448934,97033691,5,Delivery,Positive,2023-10
2896979776,30317733,3,Customer Service,Negative,2023-05
169867835,59545278,4,Customer Service,Positive,2023-08
9493456526,77811864,5,Customer Service,Positive,2023-04
9423261830,17597449,1,Customer Service,Negative,2023-08
5793453795,70543108,3,App Experience,Neutral,2024-04
2141680269,32797235,4,Product Quality,Neutral,2024-10
6457122136,79764458,3,Customer Service,Negative,2023-05
8447536518,48160359,1,Customer Service,Negative,2023-12
3191672889,88223261,3,Customer Service,Neutral,2024-07
2521995712,30285217,3,Product Quality,Negative,2023-08
8194578267,74313592,4,Customer Service,Neutral,2023-10
2811341619,30188374,5,Customer Service,Positive,2024-05
5562576298,10019218,4,App Experience,Positive,2023-11
7446009755,71767248,1,App Experience,Negative,2023-06
7343262659,16484167,3,Delivery,Negative,2023-04
7147677361,97475543,1,Delivery,Negative,2024-07
8732072897,12077371,2,Product Quality,Negative,2023-06
6418604551,12967305,5,Customer Service,Positive,2023-07
4989511905,41972994,2,Delivery,Negative,2023-04
2520527893,51476157,2,Product Quality,Negative,2024-10
4753989820,81500385,4,Delivery,Positive,2023-10
8285547588,26245432,3,Customer Service,Neutral,2024-01
5824924668,49881540,1,Product Quality,Negative,2023-11
7703854141,86483673,4,Customer Service,Positive,2024-05
7380361209,7591711,2,App Experience,Negative,2023-06
5053033745,66485571,5,Product Quality,Positive,2024-04
4859489972,12305040,1,Product Quality,Negative,2023-07
9690396315,46563355,3,App Experience,Negative,2024-09
448732557,80952275,3,Delivery,Negative,2023-11
4927306668,97033691,3,App Experience,Neutral,2023-06
1669690997,62600289,3,Product Quality,Negative,2023-12
8340761903,53640286,3,Product Quality,Neutral,2023-11
5936301790,87059497,4,App Experience,Neutral,2024-06
5710579377,67310893,4,Delivery,Neutral,2024-06
2494813730,28663279,4,Customer Service,Neutral,2023-08
