order_id,customer_id,delivery_status,order_total,payment_method,delivery_partner_id,year_month
1961864118,30065862,On Time,3197.07,Cash,63230,2024-07
1549769649,9573071,On Time,976.55,Cash,14983,2024-05
9185164487,45477575,On Time,839.05,UPI,39859,2024-09
9644738826,88067569,On Time,440.23,Card,61497,2023-11
5427684290,83298567,On Time,2526.68,Cash,84315,2023-11
3265154092,43367112,On Time,3161.43,UPI,554,2023-03
4898355547,13284996,On Time,956.4,Card,14630,2023-04
6568151549,88866835,On Time,905.47,Cash,67714,2024-03
6006693867,24496983,On Time,1371.17,Card,91362,2023-07
374186990,52215833,Slightly Delayed,1601.19,Wallet,77203,2023-08
4455336265,43431724,On Time,2362.33,UPI,64046,2023-08
3539286337,77559557,On Time,1463.8,Wallet,94899,2023-04
9171116867,87107263,Slightly Delayed,822.63,Card,73907,2023-10
5504941865,76512976,Slightly Delayed,2287.68,Wallet,56077,2024-01
5868326481,37556526,On Time,1962.35,Wallet,94140,2024-03
2137046916,12059049,On Time,3373.96,UPI,12377,2024-02
8195544338,26199489,Slightly Delayed,845.71,Wallet,102,2023-04
2889700050,84848018,On Time,2706.54,Wallet,45032,2024-04
65827885,47577193,On Time,1132.98,Cash,1108,2023-07
4656471694,60728956,Slightly Delayed,1525.5,Cash,62782,2023-12
6625178717,62068277,Slightly Delayed,5718.09,Card,74906,2023-07
7169557514,84824280,Slightly Delayed,2970.9,Card,79516,2023-03
2268306684,66742602,On Time,2991.57,Wallet,65733,2024-05
6905293278,97259564,Significantly Delayed,1404.68,Cash,53868,2024-06
1769493463,3292927,On Time,2541.32,Wallet,22954,2024-06
5003387344,26592009,On Time,2475.69,Wallet,21004,2024-06
2064484752,89995124,On Time,1949.92,Wallet,43022,2024-05
964822979,88520326,On Time,5804.23,Wallet,42914,2024-07
6037899648,22738465,On Time,1231.03,Cash,59131,2024-03
9347571484,29562072,Slightly Delayed,3138.06,Card,88612,2024-11
3286177534,10225164,On Time,3612.26,Wallet,90038,2023-06
9073572548,97111069,Significantly Delayed,1091.89,Card,28575,2023-05
8395583761,1989720,On Time,410.62,UPI,84816,2024-08
6355378227,67092149,On Time,5019.02,UPI,23910,2023-08
277376321,89784343,On Time,3694.48,Wallet,78589,2024-07
8559748526,45868300,On Time,1152.09,Wallet,93002,2023-04
1458051433,50760752,On Time,1055.18,UPI,61040,2024-04
5838302640,96795047,Slightly Delayed,3377.44,UPI,30907,2023-05
1380971977,16561710,On Time,3117.74,Cash,52614,2024-06
1221099013,35156679,On Time,4335.11,Wallet,60689,2023-07
6771166303,87718744,Slightly Delayed,816.38,Wallet,98179,2023-07
7111337755,10524732,On Time,1550.71,Cash,84833,2023-05
5562922993,62416456,On Time,2292.64,Wallet,73904,2023-12
5630957897,69925688,On Time,827.44,Wallet,14408,2024-06
1787380558,5140660,On Time,2066.77,Cash,95835,2023-11
32613017,82594354,On Time,2354.28,Card,77303,2023-03
2039041670,88324928,Slightly Delayed,96.33,Wallet,31963,2024-11
210693801,71235336,On Time,3561.22,UPI,14789,2024-08
8120002258,57833505,On Time,1213.05,Card,61526,2024-01
2177917034,12402437,Slightly Delayed,3134.8,Card,75636,2024-02
4254814926,59890331,On Time,3818.33,Wallet,1761,2024-04
6074172790,14944819,On Time,2008.84,Wallet,3481,2023-07
3381573131,67386193,On Time,114.52,Cash,50582,2024-07
3773745777,67701771,On Time,1488.19,Card,97135,2024-05
9251939156,89910157,Slightly Delayed,891.6,Cash,57095,2023-12
3872982303,15484407,On Time,1779.45,Wallet,60234,2024-02
2625987757,10769994,On Time,169.88,UPI,51273,2023-08
3162249401,85519349,On Time,4406.98,Cash,47552,2024-05
3108986741,49241309,On Time,2401.92,Wallet,60867,2023-10
1851474741,23348269,Slightly Delayed,3742.79,Card,12879,2023-11
2425099132,85016568,On Time,2498.22,Wallet,44245,2023-08
6706793332,6247821,Slightly Delayed,949.75,UPI,76503,2024-10
2149289255,57579640,Significantly Delayed,2687.31,Cash,25251,2024-11
1971008155,2457734,On Time,1866.01,Cash,30330,2023-10
2087093460,59329145,On Time,4198.33,Card,27478,2024-07
2116712588,24043135,On Time,44.35,Wallet,34078,2023-11
6054358790,59216664,On Time,3217.7,Wallet,52564,2024-01
532660797,41008070,Slightly Delayed,2683.73,UPI,97547,2024-05
1491991005,52215833,On Time,3472.55,Wallet,85285,2024-03
4136019599,74179536,On Time,1131.05,Wallet,34667,2024-03
2122832513,55028958,Significantly Delayed,2037.94,UPI,39396,2024-02
3717703595,88965399,On Time,1756.7,Card,8041,2023-04
3194733693,21866852,Slightly Delayed,2552.88,UPI,16623,2023-07
4471162437,27971619,On Time,3355.65,Card,54708,2024-02
1609331948,8791577,On Time,3648.36,UPI,58721,2024-01
6920030794,70372270,On Time,2936.64,UPI,38745,2024-06
5127172657,32293017,Significantly Delayed,2185.5,Cash,80034,2024-06
8607115856,15931134,On Time,739.34,UPI,85718,2023-10
7154957395,60700850,On Time,2696.84,Wallet,63099,2023-04
2070762702,34761418,Slightly Delayed,2457.2,Cash,64950,2023-10
3697242439,99361865,On Time,2179.49,Cash,67408,2024-10
3063427913,75984768,On Time,4419.03,Card,24100,2023-09
2060061337,29272253,Slightly Delayed,3041.62,Wallet,50748,2023-04
4625892678,80371626,On Time,3166.49,Wallet,40337,2023-06
6045698170,666589,On Time,222.15,UPI,16848,2024-01
7876289647,98858383,Slightly Delayed,3218.62,UPI,28786,2024-08
3434084714,46836361,On Time,1179.41,Cash,58201,2024-02
9031695663,94730288,Slightly Delayed,2316.01,Card,43200,2024-01
1955989715,77862447,On Time,1931.35,Wallet,8135,2023-12
3459500455,16379942,On Time,2581.78,UPI,20504,2023-12
5953376503,79169760,Significantly Delayed,650.2,Wallet,34929,2024-05
121874867,94529626,On Time,2596.92,UPI,69733,2023-03
2460545397,42872865,Slightly Delayed,474.34,Wallet,50527,2024-10
9690050839,55803572,On Time,2551.93,Wallet,76868,2024-01
2574349065,51547198,On Time,4476.55,Wallet,406,2024-04
2461936988,14428954,Significantly Delayed,4196.95,Cash,77590,2023-07
6447596416,76987910,On Time,4965.12,Card,45656,2023-10
7228452275,42262168,On Time,326.42,Card,96211,2023-05
6696750742,5277675,On Time,2509.56,Wallet,89976,2023-04
822235931,44410149,Slightly Delayed,4866.15,Wallet,1773,2023-08
7678251499,17805991,On Time,3141.37,Cash,60822,2023-04
2497341976,9097480,On Time,3414.57,Wallet,42711,2023-09
9107314128,79591237,On Time,545.49,Wallet,21125,2024-05
9855726256,8651281,On Time,479.57,Card,59743,2023-05
9398719862,14991661,On Time,4255.0,Card,4852,2024-07
379494532,9650263,On Time,3609.27,UPI,99227,2024-07
1048784963,58942207,On Time,1159.84,Card,35552,2023-09
4386246924,69632084,Significantly Delayed,2026.78,Card,56384,2024-08
2050362692,79991320,On Time,2363.42,Cash,16076,2024-10
4142963293,34567918,On Time,3686.26,Cash,74308,2024-11
9753528654,61522288,On Time,109.03,Cash,63454,2024-07
8126970833,14161586,Significantly Delayed,4398.35,Wallet,83636,2024-09
9747814712,16359370,On Time,2333.7,Wallet,33342,2023-12
6281619403,77921718,On Time,3374.44,UPI,12086,2023-04
436184281,78614729,Significantly Delayed,3147.92,Card,59936,2023-11
9799231260,22077605,On Time,872.83,Wallet,58378,2024-03
4071811527,66023110,Slightly Delayed,1872.01,Card,27993,2023-07
5645359563,87160527,On Time,2624.29,Card,45180,2024-08
9411813703,62600289,On Time,4433.0,Wallet,32773,2023-09
4270217473,54580166,On Time,505.5,Cash,4904,2024-02
279851011,12967305,On Time,3495.33,Card,73623,2023-04
6260524887,57081917,On Time,2457.11,Card,22883,2024-06
5853998391,94453274,On Time,949.22,Wallet,23606,2023-09
9931976872,8955057,On Time,2487.83,Wallet,97297,2024-06
8432209832,90346920,Slightly Delayed,3835.31,Wallet,18907,2024-03
6023721507,8791577,On Time,1849.03,UPI,72197,2024-04
3042338919,76212152,On Time,2765.06,Wallet,70995,2023-05
233646065,16379942,On Time,578.85,Wallet,56968,2023-09
9870610018,94033330,On Time,478.79,Card,44706,2024-02
1398230967,46876240,On Time,1186.66,Card,92744,2024-04
8615488922,92209869,Significantly Delayed,3803.34,Card,1328,2023-11
2748841057,33544355,Significantly Delayed,1587.18,Card,11008,2023-12
1375867721,4862761,On Time,2244.24,Cash,21511,2024-07
8595141097,96511007,On Time,3385.77,UPI,19332,2024-03
4673382071,21784094,Slightly Delayed,1479.69,UPI,97477,2024-01
2948696008,51872499,On Time,3103.41,Cash,89164,2024-04
6839692624,64497538,Significantly Delayed,4464.84,Cash,44627,2023-11
5770951298,75510747,On Time,957.11,UPI,4946,2023-10
5084771819,6344345,Slightly Delayed,1207.68,Cash,66403,2024-08
422403644,56548063,Slightly Delayed,2331.5,UPI,23782,2023-05
7176758896,18394558,On Time,2640.24,Cash,75492,2023-07
8252905093,42589311,On Time,2315.77,Card,40596,2024-04
1488561572,75928073,On Time,4053.52,Cash,31495,2024-08
6212984517,72702075,On Time,1388.01,UPI,15665,2024-03
6309784337,26250082,On Time,1905.92,Card,23009,2024-05
4613890018,53538932,On Time,1545.79,Wallet,82638,2023-10
3429728472,64017365,Slightly Delayed,4138.27,Cash,77476,2023-03
267738904,63368244,Slightly Delayed,3596.07,Card,73022,2023-10
3850416839,57081917,Slightly Delayed,5490.94,UPI,32659,2024-07
3412702479,86479284,On Time,2344.83,Cash,35140,2023-12
2016183232,44928499,Slightly Delayed,1934.43,Card,38755,2023-07
3810280204,84361534,On Time,2956.37,Wallet,70290,2023-10
2416767295,767523,Slightly Delayed,2358.76,Card,28144,2024-07
2283439407,46623192,On Time,1216.8,UPI,58922,2023-07
4328802292,9738801,Significantly Delayed,1926.12,Cash,66985,2023-06
7072715691,74195536,On Time,2120.77,Cash,82046,2023-12
5640741373,90298394,On Time,765.76,Card,20090,2024-05
6931094066,17159117,On Time,2802.27,Card,66225,2023-11
3417088709,62629494,Significantly Delayed,912.29,UPI,63738,2024-05
4424404315,9274874,On Time,494.48,Wallet,8506,2023-07
2444087306,56250563,On Time,2440.73,Wallet,75692,2023-07
486085268,51040116,On Time,4749.99,UPI,90390,2023-12
1731312620,49795571,On Time,843.21,Wallet,75316,2023-05
6475582506,82529927,On Time,3895.25,Wallet,52304,2023-09
1868581378,93198324,On Time,2065.81,Card,38861,2024-03
8884235937,20298398,Slightly Delayed,1655.6,UPI,81977,2024-08
4590662628,87200291,Slightly Delayed,3148.95,Cash,18200,2024-01
992302540,32203588,On Time,198.72,Wallet,12863,2023-11
7169974633,59110513,On Time,2475.21,UPI,69861,2024-10
6703651257,93198324,On Time,727.87,Card,4285,2024-01
7180810221,20940403,Slightly Delayed,657.8,Cash,59848,2023-09
7875587578,60967677,Slightly Delayed,3351.74,Card,40025,2024-07
2578671497,76218218,On Time,3603.94,Card,64618,2024-01
6284350691,57207678,On Time,726.41,Wallet,9053,2024-06
5383261788,34588087,On Time,3375.86,Wallet,94840,2023-10
6590867973,56441247,On Time,1848.22,UPI,23582,2023-11
8787105023,81822935,On Time,1443.64,Wallet,54795,2024-05
1402916311,14275043,On Time,4553.36,Card,57649,2024-04
9715205272,52409516,On Time,1189.17,UPI,21783,2024-10
3946852375,96253172,On Time,150.99,Cash,92389,2024-07
3367039425,86050297,On Time,703.11,UPI,72408,2024-03
687711388,52757321,Slightly Delayed,1385.43,Card,44884,2024-02
647012431,34281470,Significantly Delayed,3706.1,Card,94183,2024-06
7143278295,50557979,On Time,1597.11,UPI,89680,2024-02
9736844695,31978160,On Time,1608.11,Cash,87624,2024-04
5933289680,5751638,Significantly Delayed,2950.6,Wallet,1722,2023-12
9494303116,98858383,On Time,1538.49,Card,12071,2024-07
9337878102,9987182,On Time,3119.18,Wallet,15234,2023-05
6872621077,77128325,On Time,3611.43,Wallet,42244,2023-09
7330237253,28428852,On Time,869.86,UPI,18688,2023-12
7942616242,33685414,Significantly Delayed,1116.0,Wallet,76694,2023-09
238520071,77320193,On Time,852.02,Cash,91088,2024-02
5812379362,46504355,On Time,3865.78,Wallet,68969,2023-08
2616623847,49915498,Slightly Delayed,3928.0,Cash,43649,2024-01
2040854480,40392019,Significantly Delayed,946.86,Wallet,11814,2023-12
5456484560,62600289,Significantly Delayed,1630.68,UPI,32681,2024-09
883309006,71229024,Slightly Delayed,1427.84,Cash,23074,2024-04
6528341992,64497538,Slightly Delayed,2360.73,Wallet,50910,2024-01
3263203775,44888581,On Time,826.28,UPI,38308,2024-09
3660010934,83577942,On Time,787.4,Wallet,17404,2024-01
7944885043,1683786,On Time,4410.72,Card,16741,2024-05
2506369831,1529180,Slightly Delayed,255.35,UPI,62473,2023-06
697061213,91196901,On Time,4473.11,Card,80729,2023-03
7079057004,1507408,Significantly Delayed,1946.09,Card,16501,2023-09
1556153632,67215939,Slightly Delayed,1277.85,Wallet,45137,2024-05
2161235338,38902882,Slightly Delayed,4431.77,Wallet,96206,2024-04
1247978468,97484394,On Time,1662.15,UPI,30662,2024-07
5437627061,58505903,On Time,910.19,UPI,39894,2024-08
9091960039,13455530,On Time,1349.36,Card,51540,2024-02
619198317,81906973,On Time,4216.63,UPI,83654,2023-11
9833179291,90372221,On Time,483.05,UPI,97223,2023-05
4148760273,93122847,On Time,994.97,UPI,55805,2024-05
7206041763,74694186,On Time,162.67,Card,1128,2023-05
690097648,2684440,Slightly Delayed,3471.29,Cash,92460,2023-12
4197061567,52757321,On Time,3685.3,UPI,48139,2024-02
2009394836,55056284,On Time,1159.53,UPI,71878,2023-10
277502363,88203688,On Time,2682.72,Card,18055,2023-12
4356959622,38709137,On Time,2128.54,Cash,94308,2024-01
174306009,87457446,Significantly Delayed,2424.07,UPI,35598,2024-08
9582674091,34237583,Significantly Delayed,951.43,UPI,16055,2024-08
8675579025,44409533,On Time,2636.86,Card,13158,2024-07
5195999941,52757321,Slightly Delayed,2298.98,Card,12987,2024-07
5210007923,97507853,On Time,1278.93,Cash,94672,2024-10
6595771960,45700473,On Time,4251.75,Cash,72175,2023-04
4247338382,34853377,Significantly Delayed,989.88,Cash,85815,2023-12
819143326,88324928,On Time,3284.6,Cash,73801,2024-01
3830844750,23996221,On Time,1663.27,UPI,95930,2023-08
1687314172,82425179,On Time,3835.73,Cash,86120,2024-03
6756007265,80850753,On Time,1848.13,Wallet,48609,2023-07
489762747,19482392,Significantly Delayed,766.2,Card,93825,2024-09
7509195875,42723554,On Time,4237.4,Card,96839,2023-11
2370917070,5763963,On Time,2639.9,Card,13883,2023-07
2055388266,119099,Slightly Delayed,3722.37,UPI,80608,2023-06
8969304162,43052303,On Time,1264.98,Wallet,67811,2023-10
5412674107,88111697,On Time,2646.85,Cash,15617,2024-10
1536516619,15631726,On Time,3466.59,Wallet,44378,2023-11
3858907413,89910157,On Time,3427.43,Cash,29907,2023-07
4976389251,79478655,On Time,1146.95,Card,89142,2023-09
2218319201,40587811,On Time,1216.48,Wallet,957,2024-11
6729422433,68159723,Slightly Delayed,3405.78,UPI,99898,2023-07
1354097448,98687927,On Time,3401.69,Card,10089,2023-06
8952275304,81174361,On Time,2474.23,Cash,95373,2024-08
436603801,54619715,On Time,838.89,Cash,64535,2023-12
5273875984,9278983,Slightly Delayed,2682.38,Cash,60888,2023-05
9290203003,21573815,On Time,2133.39,Cash,44829,2024-04
6240982373,91243571,On Time,3393.08,Cash,16774,2023-04
2718348206,5763963,On Time,632.43,UPI,66580,2023-11
4903544026,57331847,On Time,3778.46,Cash,7486,2024-05
2827266949,93675757,Slightly Delayed,3334.82,Card,24708,2024-09
4278423074,67708491,On Time,1073.53,Cash,23667,2023-12
645916247,76857266,Significantly Delayed,4465.9,Cash,98927,2023-10
5816647866,81420960,Significantly Delayed,2323.45,Cash,84702,2024-09
7282397914,97825663,On Time,2043.65,Cash,26008,2024-07
3260611473,12832151,Significantly Delayed,2731.48,Cash,28392,2024-02
8638163868,87718744,On Time,4272.81,Card,29019,2023-06
177850987,51174875,On Time,1934.67,UPI,61247,2023-11
9653859166,32987624,Slightly Delayed,2978.36,Wallet,72058,2023-03
9991338690,98444183,On Time,3273.99,Cash,50037,2024-07
1714593246,27698051,On Time,1100.8,Wallet,11180,2024-10
9742461226,34095555,On Time,949.56,UPI,16877,2024-01
3314393477,55170753,On Time,934.75,Cash,37197,2024-10
4188317986,42366724,Slightly Delayed,3448.71,Wallet,48031,2023-03
1646665366,51387106,Slightly Delayed,1086.27,Wallet,59753,2024-07
9558804585,82700270,Slightly Delayed,848.94,Card,32740,2024-03
9047652469,71902700,On Time,370.06,Card,27774,2024-08
2893800377,57892837,On Time,1966.14,Card,54327,2024-03
6139157985,88517890,Significantly Delayed,1623.51,Wallet,23927,2024-02
6029394789,7591711,Slightly Delayed,2118.04,UPI,28593,2023-04
5874940276,38875754,On Time,546.43,UPI,22218,2024-04
5205211911,57662767,Slightly Delayed,1098.4,Cash,38835,2024-09
5314758068,48776805,Slightly Delayed,4183.29,Card,68342,2024-02
484869710,6756256,On Time,1429.34,Cash,41598,2023-09
9957728938,25915909,Significantly Delayed,1445.95,UPI,64839,2024-08
3136056666,57770044,Slightly Delayed,211.25,UPI,60976,2024-04
4926104391,47206881,Slightly Delayed,2029.88,Wallet,13060,2023-10
1827844756,16785724,On Time,3372.28,UPI,78517,2023-04
7032037874,57291761,On Time,1694.99,UPI,59618,2024-06
3779230503,46699982,On Time,2781.39,Card,52785,2023-07
3473012553,89669139,Significantly Delayed,5062.8,Card,99684,2024-02
7988504487,8164639,On Time,3511.92,Wallet,86506,2024-05
7193792738,84572019,On Time,2817.36,Card,91241,2024-06
1533583386,35912599,On Time,4869.76,Wallet,40902,2023-08
7750989397,79672044,On Time,4099.45,Wallet,42583,2024-01
4434816229,63292875,On Time,1491.21,Wallet,17469,2023-09
6896732047,62068277,On Time,321.33,Cash,29664,2024-04
4740837071,64795608,On Time,5428.69,UPI,70,2023-11
6649631729,75640174,On Time,1082.76,Card,9599,2024-09
5351526726,75892474,On Time,3077.83,Cash,18337,2023-03
1506082041,11446157,On Time,4917.47,Card,80462,2023-05
1023260165,10683250,On Time,741.67,Card,93967,2024-02
8257032403,17805991,On Time,3177.73,Wallet,71946,2024-09
7216524192,72605638,On Time,227.22,Card,79713,2024-09
8619795820,98687927,Significantly Delayed,2686.37,Card,68794,2024-09
6494708839,25595836,On Time,2789.77,Cash,36208,2023-06
9859249765,5039883,On Time,1812.4,UPI,19900,2024-05
3528020011,33675108,On Time,934.98,Cash,32566,2023-11
5937934264,90346920,Slightly Delayed,3551.15,Card,41221,2024-09
2976477423,57213543,On Time,1277.83,Wallet,2591,2023-08
1002438039,85198177,On Time,3775.99,Card,52508,2024-02
2571163022,59345983,Slightly Delayed,674.39,Cash,59402,2024-02
6850221497,21270783,On Time,3496.28,UPI,43013,2024-07
4706569127,68016312,On Time,687.19,Wallet,74560,2023-07
8168261752,65903057,Significantly Delayed,1860.29,Card,18998,2024-04
5828325906,40587811,On Time,4230.58,Wallet,34564,2023-12
5012271549,73061709,Significantly Delayed,769.83,Cash,31783,2024-09
8110316958,61226835,On Time,806.56,Wallet,29001,2024-01
3190808443,77618011,On Time,2593.91,Cash,42099,2024-01
7175472728,9551011,On Time,307.23,UPI,95658,2023-09
6011117738,24337950,On Time,2539.66,Card,8264,2024-01
5592928753,46875863,Slightly Delayed,3473.11,UPI,96131,2024-08
3952040848,31156674,On Time,4818.61,UPI,16761,2024-05
7026479520,81994445,On Time,1691.47,Cash,82300,2024-07
6572695161,64197854,On Time,1671.67,Wallet,11353,2024-03
9090769419,66485571,On Time,1819.14,Wallet,45133,2024-09
5979489110,22161071,On Time,2337.12,Card,8681,2023-09
964698323,81763298,On Time,2352.88,Wallet,88842,2024-09
2304242664,65815155,On Time,1579.28,Card,76144,2024-03
2483843748,26040510,On Time,1692.9,Wallet,62504,2023-05
2560588609,6291143,On Time,319.34,UPI,48964,2024-06
9268920928,17805991,On Time,1404.2,Cash,26193,2023-07
9554019312,6247821,On Time,4088.52,UPI,24936,2023-09
3749174258,38902193,Slightly Delayed,2618.07,Wallet,32618,2024-02
3947164241,95768401,On Time,1463.39,UPI,82928,2024-11
487327038,67277562,On Time,563.45,UPI,84314,2023-10
8830321199,93341057,Slightly Delayed,46.62,Cash,6336,2024-08
3811318591,64940409,On Time,1563.3,UPI,44363,2023-07
6795601573,46629917,On Time,2301.92,Card,52656,2023-12
2348495717,86067293,On Time,691.58,Cash,80421,2023-06
9505736584,63571453,Significantly Delayed,826.21,Wallet,32176,2024-06
1857227304,99301505,On Time,1443.5,Card,24481,2024-03
5506485302,66655397,On Time,263.7,Cash,21250,2023-05
6074837981,61015113,On Time,832.37,Card,2837,2024-04
4150569633,2903620,Significantly Delayed,2206.06,Card,40413,2023-10
609838437,54619715,On Time,310.69,Card,34363,2023-12
5229657139,18889370,Slightly Delayed,3483.81,Cash,96161,2023-10
2589639350,64141971,On Time,1917.97,UPI,90443,2023-08
7656948165,44410149,Slightly Delayed,3332.9,Wallet,8275,2023-06
1806563605,25659794,On Time,5747.38,Wallet,16607,2023-12
359819834,12755730,Significantly Delayed,2060.96,UPI,70910,2023-12
1908423841,56441247,On Time,881.17,UPI,62488,2023-10
299859815,2848415,Slightly Delayed,1233.33,Wallet,62089,2024-01
923659418,25081012,On Time,2700.37,Wallet,24003,2023-04
3560625119,82989313,Slightly Delayed,2722.14,Wallet,64562,2023-05
7111490680,32500305,Slightly Delayed,1337.06,Card,9546,2024-01
5766981431,93675757,On Time,1178.42,UPI,55608,2024-01
8609945311,51670882,On Time,2238.35,Wallet,66475,2024-05
1691260635,80796977,On Time,3593.61,Card,74826,2024-06
8742091504,78254569,Slightly Delayed,2783.84,Card,69967,2023-07
1997833025,72489544,On Time,1074.29,UPI,77103,2023-07
3588296877,83404008,Significantly Delayed,2748.08,Card,73215,2024-08
2404804990,81757554,Slightly Delayed,3903.99,Wallet,38923,2023-12
8091385479,16082651,On Time,317.8,UPI,66240,2024-04
7133174424,8513589,On Time,4911.58,UPI,63462,2023-06
6110446321,78412820,On Time,657.8,Wallet,60577,2024-10
6964586050,4597433,On Time,2824.9,Cash,40358,2024-08
2351986014,85626346,Slightly Delayed,3434.75,Wallet,34744,2023-04
352569720,65660660,On Time,2081.26,Wallet,23236,2023-06
1235280275,46875863,On Time,626.59,Cash,90779,2023-08
9399859705,57548210,On Time,3915.04,UPI,31133,2023-10
7530379037,99729547,On Time,1496.89,UPI,79485,2024-08
5952886441,16420489,On Time,3604.38,Wallet,23150,2024-03
5815833211,31940833,On Time,1691.9,Card,78640,2024-02
7307394687,47043878,On Time,1894.83,Wallet,28767,2024-05
6033014029,29525287,Slightly Delayed,1534.73,Cash,31624,2024-10
1409944718,39042103,On Time,2483.94,UPI,92890,2023-08
1811382200,37915052,On Time,3949.87,UPI,97252,2023-08
4485391413,11478478,On Time,1293.18,Card,91131,2023-12
4076279641,89476734,Slightly Delayed,4782.5,UPI,25713,2023-07
2965387566,47955004,On Time,3578.47,Wallet,57502,2023-08
9397774189,92245432,On Time,48.55,Cash,38813,2023-06
1437159967,68016312,On Time,1315.84,Cash,69843,2024-06
8397785448,67952740,On Time,1325.59,Wallet,99345,2024-09
2778606949,33675108,On Time,3510.28,Card,16105,2024-10
1774096863,60656482,On Time,2645.28,Wallet,51118,2023-06
1497256618,87220860,On Time,5278.23,Card,24651,2023-04
734095510,56480776,On Time,1614.08,Card,6790,2024-06
5755859055,79592021,Significantly Delayed,354.52,Card,8522,2024-10
5840290569,99490786,On Time,2578.09,Wallet,92356,2023-09
8200985533,1855421,On Time,77.11,Card,92929,2024-01
3255590064,92642745,On Time,1763.6,UPI,88039,2023-04
4258404747,27692428,On Time,953.65,UPI,91951,2024-10
2455161115,27620326,On Time,1010.85,UPI,23471,2024-01
4448004569,47215976,On Time,2058.24,Card,49742,2024-01
5951090793,27878182,On Time,2143.89,UPI,35150,2024-04
7402491996,92509376,On Time,866.77,Card,15459,2024-07
8532411923,57360162,Slightly Delayed,1071.82,Wallet,82328,2024-07
7130555385,37309023,Slightly Delayed,1539.36,Cash,48673,2024-01
4338197132,66310963,On Time,3327.67,UPI,9198,2024-10
8044366071,80833965,On Time,2843.12,Card,31310,2023-04
4135251774,77961205,On Time,2487.3,Card,81045,2024-10
6331483812,97411107,Slightly Delayed,493.19,Wallet,45259,2024-09
6705171000,52417972,On Time,1912.64,Wallet,64847,2023-09
7850128898,38478423,Significantly Delayed,1427.18,Card,29466,2024-06
3602554049,65815155,Significantly Delayed,3310.35,Wallet,77387,2023-07
1070259187,22738465,On Time,517.77,Wallet,61963,2023-06
8412338399,2566268,Slightly Delayed,3825.11,Card,67313,2024-10
1478022303,69353754,On Time,841.61,Wallet,23035,2023-12
2376108199,81757554,On Time,1751.17,Card,27586,2024-05
5243035202,10541231,On Time,1688.35,Card,1015,2024-10
3687581971,81932548,Slightly Delayed,1046.51,Cash,63325,2024-10
7008586055,96109948,Significantly Delayed,2848.4,Wallet,67465,2023-05
5142069216,35459748,On Time,2551.88,UPI,60557,2024-02
4152441944,92636025,On Time,4483.92,UPI,46535,2023-04
5601670348,32830199,Slightly Delayed,354.91,Cash,47213,2024-10
605105099,5039883,On Time,3357.25,Cash,39281,2023-12
4054936140,28286754,On Time,400.92,Cash,5888,2024-04
8741892156,66886852,Slightly Delayed,2046.92,Card,10769,2023-11
9143640828,90298394,Slightly Delayed,1205.86,Card,902,2023-07
6900876252,87984862,On Time,3214.61,Wallet,80644,2024-02
9801174908,54347213,Slightly Delayed,1487.04,Card,33767,2024-04
551343632,59840071,On Time,4881.51,Cash,89726,2024-02
7961173808,90184276,On Time,2802.91,UPI,3302,2023-06
328909145,36146306,On Time,1851.18,Wallet,32899,2024-09
5551173528,64151769,On Time,2549.37,Card,16125,2024-11
4461788759,79895967,On Time,4562.67,Wallet,90986,2024-04
7256212429,28350645,On Time,727.95,Cash,87815,2024-03
9104077642,18199057,On Time,1869.79,Cash,20446,2024-10
2914056235,31456752,On Time,432.39,Card,86053,2024-01
9127632807,81528623,On Time,886.19,UPI,72143,2023-05
6070154414,45052594,On Time,2471.11,Cash,72709,2023-06
2318969828,2457734,On Time,1946.42,Cash,37500,2023-03
3813047994,60275891,On Time,3494.17,Cash,90983,2023-12
1416102774,92245432,Slightly Delayed,2657.83,UPI,99752,2024-04
8086834412,23286884,On Time,4748.88,Wallet,90596,2024-03
6193826826,85561151,On Time,166.42,Cash,81908,2023-08
8444509148,64141971,On Time,5368.83,Wallet,85993,2024-02
42332130,70363568,On Time,1441.07,Wallet,54725,2024-10
6009342120,59620534,Slightly Delayed,1402.9,Wallet,11837,2024-03
4818516411,85006599,On Time,938.03,Wallet,14473,2023-10
1039229544,93730857,On Time,3303.2,Cash,89340,2024-08
1515943657,59436131,On Time,2745.46,UPI,65345,2023-09
9183547951,19259955,On Time,3075.69,UPI,76728,2024-01
8478376092,91500615,On Time,4535.63,Wallet,68285,2023-04
1454073903,89874335,Slightly Delayed,2976.93,Card,31737,2023-09
2855402284,33370343,On Time,3570.08,Wallet,28578,2023-07
7245730533,51670882,Slightly Delayed,475.04,UPI,51934,2024-05
2272892659,24308515,Slightly Delayed,2182.59,Wallet,68804,2023-07
9087377568,54038173,On Time,2490.79,UPI,37895,2024-02
8443685057,19400174,On Time,3804.03,Card,52458,2023-07
1590988730,42208242,On Time,1928.1,Cash,33843,2023-12
7357811417,26364643,On Time,5692.84,UPI,7496,2024-09
394951937,65406127,On Time,1517.52,Cash,34174,2024-04
3967445448,20148223,On Time,154.5,Card,61413,2023-11
6101022928,10088428,On Time,1253.07,Card,8083,2024-10
6322372546,43052303,Significantly Delayed,3383.58,Wallet,8035,2024-02
9778782281,63025744,Slightly Delayed,477.12,Card,10170,2023-04
3867563962,14940427,On Time,2417.68,Wallet,7531,2023-12
9277710098,38969732,Slightly Delayed,1807.12,Cash,71248,2023-04
7669322773,6081270,On Time,836.16,Card,58926,2023-08
3917427529,68159723,Slightly Delayed,3772.26,Cash,26537,2024-10
1934158144,65134271,On Time,415.75,Card,30587,2024-04
3157338466,243838,On Time,2859.05,UPI,92146,2023-08
9640662474,74761384,Slightly Delayed,1420.64,Cash,20774,2024-04
2356272189,42432226,On Time,313.77,Card,68709,2024-04
1380510406,54338574,On Time,3015.14,Wallet,52711,2024-07
8008377895,23794330,Significantly Delayed,850.06,Card,43415,2023-06
3680678403,57537308,On Time,3346.47,UPI,7068,2023-03
2847236502,6812439,On Time,127.08,Wallet,97878,2024-07
5212392063,75510747,On Time,4005.87,Card,31900,2024-06
3804024939,91566278,On Time,2791.42,Card,17974,2024-01
5395870775,18394558,On Time,3064.35,Card,66722,2024-08
511736499,38615653,On Time,2993.04,Card,49116,2024-10
2895886759,69863493,Slightly Delayed,3005.64,Card,67136,2023-09
6638513435,32809328,On Time,68.49,Cash,33099,2024-08
4168083780,13581527,On Time,1489.58,Wallet,55172,2024-06
2501516144,88252625,On Time,48.55,Cash,56299,2024-10
7141387557,98246574,On Time,4664.16,Wallet,73154,2023-08
2747350024,75860724,On Time,793.14,UPI,13307,2024-08
9503407492,29272253,Significantly Delayed,1932.17,Wallet,40500,2023-08
4845607487,78053306,On Time,646.54,Cash,84614,2023-03
2051769691,30447453,On Time,1255.53,UPI,58157,2023-09
1092990139,85476508,On Time,3410.49,Card,53064,2024-10
5527612319,14632090,On Time,2445.2,Wallet,48508,2024-09
8852367079,22694456,On Time,3115.43,Wallet,5117,2024-04
1666202264,85474732,Slightly Delayed,2389.83,Cash,32884,2023-05
8606484804,41155125,Slightly Delayed,2409.69,UPI,49631,2024-06
8905341102,80862136,On Time,2542.21,Cash,5762,2024-02
5418735913,10210309,On Time,2190.34,Cash,92033,2024-07
970377475,48167795,On Time,22.04,Card,2460,2024-09
7320527109,83298567,On Time,1372.37,UPI,76831,2024-01
5120698,44174426,Slightly Delayed,3064.36,Wallet,48582,2023-06
3812396179,24496983,On Time,1445.54,Card,54016,2023-07
8178951021,46208150,Significantly Delayed,3095.39,UPI,80840,2024-03
2479115586,55056284,On Time,1876.69,Wallet,6845,2024-03
6239453389,26285589,On Time,2424.72,Wallet,63625,2023-10
3136508414,13585482,On Time,2242.5,Cash,94346,2024-07
5521273487,6992801,Significantly Delayed,942.37,Cash,98929,2024-05
5445047872,37802267,On Time,927.52,Card,66,2023-10
3678525130,36428139,On Time,1650.3,UPI,82096,2023-03
9328056960,81229704,Slightly Delayed,445.48,Cash,99744,2024-08
2109203997,40277444,Slightly Delayed,1463.17,Cash,72612,2024-05
556665455,32500305,Significantly Delayed,715.72,Card,18521,2024-02
6573705785,24000329,On Time,1864.68,Wallet,13849,2023-11
2609502403,2058037,On Time,3105.12,Wallet,70771,2024-10
1463293930,85354059,On Time,2859.25,UPI,55394,2024-06
8132887999,84456355,Slightly Delayed,3379.0,Wallet,7931,2024-02
7178789018,46208150,On Time,2166.39,Wallet,53062,2023-09
2295700159,83023956,Slightly Delayed,1413.77,Card,61371,2024-03
9277089038,35988028,Slightly Delayed,1401.29,Wallet,75267,2023-04
145057465,54923640,On Time,1590.17,Cash,2353,2024-11
9452353274,97770901,On Time,4410.72,Cash,4535,2024-10
5434328922,67340606,On Time,2877.57,Card,57029,2024-02
3327051807,99707100,On Time,2141.39,Card,26018,2023-10
1461604569,25713335,On Time,3604.01,UPI,49871,2024-04
606518084,78725001,On Time,1424.47,Cash,96049,2023-10
7637625389,13122744,On Time,2013.55,Card,47591,2023-10
7311621328,30891209,Significantly Delayed,2639.67,Wallet,62428,2024-04
8790217194,38244021,Slightly Delayed,1666.68,Wallet,60118,2024-03
1772445313,13071673,On Time,2441.43,Card,87117,2023-07
159394992,35358395,On Time,611.71,Card,28600,2024-08
7992910755,76218218,Significantly Delayed,3156.54,Wallet,85359,2023-07
1786931285,1719710,On Time,778.9,Wallet,76004,2023-06
2225520858,95372766,On Time,3519.46,Cash,13646,2023-11
5635738740,33034249,On Time,2920.62,UPI,49965,2023-09
2230824358,41878908,Slightly Delayed,2302.29,Cash,47833,2023-05
9217211301,52085702,On Time,4441.76,Cash,89404,2023-06
4501870609,16082651,On Time,2253.3,Cash,42567,2024-07
838401679,89699655,Slightly Delayed,1430.39,Wallet,83793,2023-07
9587315528,66440188,On Time,1019.38,Wallet,92673,2024-08
3122936945,95001589,On Time,397.68,Cash,65301,2023-05
6093390755,32054313,On Time,1872.67,Card,60889,2023-11
2032956677,66932104,Slightly Delayed,1051.16,Wallet,17988,2024-05
1488430001,67092149,Slightly Delayed,3630.56,Card,40079,2024-08
615391848,65570302,On Time,1041.18,Cash,2990,2024-09
8686093533,30823988,On Time,2197.24,Cash,5503,2024-02
7038758506,68714053,On Time,77.11,Wallet,88037,2023-05
2385966456,12184293,Slightly Delayed,4160.4,UPI,8862,2023-08
259622674,61002154,On Time,3081.38,Card,43788,2023-05
2580381935,4394659,On Time,4613.37,Cash,19165,2024-05
5035471587,18140588,On Time,3405.27,Card,221,2024-01
9421270813,26844216,On Time,2787.46,Wallet,26657,2024-04
1831516625,46629917,Slightly Delayed,3008.01,Card,25932,2024-03
1918841793,95334407,On Time,3273.77,Wallet,10305,2024-06
1757159071,59094034,Slightly Delayed,3571.03,Cash,38383,2024-03
7589464630,91196901,Slightly Delayed,6543.19,UPI,17706,2024-07
1577085460,74682740,On Time,2599.08,Wallet,52709,2023-09
2279018877,40305293,Slightly Delayed,1890.73,Wallet,88797,2024-06
7431412128,96989204,On Time,2184.61,UPI,77224,2023-05
8781520615,85519349,On Time,3343.42,Wallet,42606,2024-04
1276192882,97678578,On Time,2375.85,UPI,15637,2024-01
4065794921,85518832,Significantly Delayed,3403.34,Cash,43280,2024-03
1690800946,79764458,On Time,2559.17,UPI,16850,2023-03
877883470,1200365,Slightly Delayed,393.43,UPI,55423,2023-06
7322044533,48730063,Slightly Delayed,738.65,Wallet,92064,2023-10
5243163885,19275474,On Time,2412.89,Wallet,12230,2023-05
4360255357,15529446,Slightly Delayed,97.04,Cash,68222,2023-05
9623306038,51669263,On Time,3299.65,Wallet,56254,2023-11
6282385286,6150721,On Time,2500.44,Cash,9399,2023-10
1001900652,30367559,Slightly Delayed,1456.96,Card,85241,2024-09
5161988291,65618148,On Time,3577.33,UPI,53927,2024-07
3597752998,37759707,On Time,1565.04,Card,71654,2024-04
9074325310,35435896,On Time,1714.38,Cash,83788,2024-04
8875965392,41395224,On Time,2419.46,Cash,6325,2024-01
971081962,73428596,On Time,1511.54,UPI,62842,2024-08
1948332638,62323608,On Time,2530.18,Card,84415,2024-06
1785558780,18986315,On Time,1996.55,Wallet,85573,2024-06
7590462053,18326028,On Time,833.93,Wallet,235,2024-06
2135743860,73392739,On Time,4043.72,UPI,22083,2024-03
9851365751,12832151,On Time,1413.06,Cash,83505,2023-10
9243090480,13760839,Significantly Delayed,1252.94,UPI,95377,2023-03
7168596454,35690581,Slightly Delayed,2795.12,UPI,1608,2023-03
2483565595,21701991,On Time,1267.5,Cash,25691,2023-03
2484470052,84848018,On Time,1426.56,Cash,54869,2024-01
7702588270,55094848,On Time,3867.53,Card,93742,2024-04
5992338333,9738801,On Time,3121.04,Cash,91077,2023-04
9196796718,68941950,On Time,4037.78,Wallet,37270,2023-07
3291765954,57523973,On Time,1651.89,UPI,20788,2023-08
652616858,10663246,Slightly Delayed,2832.35,Card,25092,2023-05
2613508245,45028365,On Time,3349.73,UPI,74072,2023-12
8169361928,8241122,On Time,1746.24,Cash,2274,2024-01
9395982132,58170168,On Time,1545.49,Card,33721,2023-07
1914701538,64722323,On Time,3606.37,UPI,84345,2023-07
6236279358,97141762,Significantly Delayed,2832.2,Card,24906,2024-05
2288561509,11047835,Slightly Delayed,1272.76,Cash,92861,2023-12
2010415757,43295656,On Time,1666.99,UPI,80134,2024-06
7164827734,9195970,On Time,1809.72,UPI,62683,2023-03
7971819985,48511124,On Time,4188.82,Wallet,65541,2024-04
8234021674,41073776,On Time,3201.25,Cash,28230,2024-01
4274404843,48418662,On Time,1013.88,Card,59305,2024-09
7353519273,80761521,On Time,1882.23,Cash,49934,2023-09
8539612501,22846435,Slightly Delayed,1543.13,Wallet,14166,2024-09
5894327065,35133191,Slightly Delayed,1725.22,Card,29930,2024-03
77053363,74172010,On Time,4566.21,UPI,3429,2023-05
4467084478,30447453,Slightly Delayed,2928.16,Card,68868,2024-03
3514036230,84937877,On Time,1722.88,Cash,93410,2023-07
4720421794,72089140,Slightly Delayed,2816.58,Wallet,35894,2024-01
3202903413,12507907,On Time,715.37,Cash,52139,2023-08
6938082428,19741509,Slightly Delayed,2010.44,Cash,60137,2024-03
9202941711,59240916,On Time,3288.74,Wallet,2000,2024-03
8963522960,11143197,On Time,1757.33,Cash,58520,2023-11
9266835891,14207332,On Time,2994.7,Wallet,69070,2024-06
5265722064,52032226,On Time,1614.35,Cash,46962,2023-07
5514326011,95364457,On Time,3485.63,Wallet,75658,2024-02
9578652103,34839913,On Time,1342.89,UPI,79729,2024-03
3559061334,79991320,Slightly Delayed,3157.25,UPI,57403,2023-06
637944734,60698094,On Time,4026.32,Card,35435,2023-04
7454643275,18229949,On Time,102.44,Cash,72097,2024-07
4319342350,99160348,Significantly Delayed,4281.94,Card,11958,2024-08
7568450733,59518795,On Time,1049.09,Wallet,63512,2023-04
734744305,60698094,On Time,2043.02,Wallet,80005,2024-06
5233331050,85561151,On Time,84.2,UPI,84617,2023-05
8326867788,17939362,On Time,1213.48,Card,56875,2023-09
8368819094,42432226,On Time,572.12,Wallet,11640,2024-08
8700151605,19275474,Significantly Delayed,1301.73,Wallet,74364,2023-08
6269179048,469006,On Time,1864.85,Wallet,23727,2023-11
1265254177,46378942,On Time,3988.44,Card,16267,2023-09
9858963919,40858753,Significantly Delayed,481.63,Wallet,50340,2023-07
7279564594,91566278,On Time,1226.55,Card,45499,2024-01
6983253839,62629494,On Time,3115.93,Wallet,83688,2024-04
9479808024,62679120,On Time,3628.88,Card,72459,2023-10
3583522679,6668498,On Time,4148.39,Wallet,68563,2023-09
1923226423,39042103,On Time,3344.78,Card,76715,2024-07
664198080,89036169,On Time,443.17,Cash,4941,2023-08
4224700084,11478478,On Time,1568.53,Wallet,78588,2024-08
969621016,13465850,On Time,2542.59,Wallet,16277,2024-01
8178275820,55060796,Slightly Delayed,2755.74,Cash,78985,2024-04
4949766982,99734256,On Time,1560.71,Cash,86551,2024-09
5258344385,12867472,On Time,641.76,Wallet,16549,2023-10
8101930640,92306841,On Time,450.23,Wallet,50876,2023-06
6703316563,89669139,Slightly Delayed,396.41,Wallet,91135,2024-01
7680297690,1705969,On Time,2864.1,Wallet,79007,2024-02
7256340388,30042971,Significantly Delayed,785.67,Wallet,87987,2023-10
2538269668,48778633,On Time,1348.52,Cash,36761,2023-06
7506762237,98225598,Significantly Delayed,2326.62,Card,17180,2023-06
6585436114,65895091,Slightly Delayed,3131.69,Wallet,97963,2024-03
9852996866,19145354,On Time,1525.58,Wallet,4260,2024-06
1991135167,46699982,On Time,3986.02,Wallet,17609,2023-12
7765110772,33871107,On Time,3157.37,UPI,66182,2024-06
3520718052,6856445,On Time,2846.05,Cash,91411,2023-07
5388573375,77128325,On Time,3993.4,Cash,45401,2024-03
8977771682,30979436,On Time,1212.41,Card,45258,2023-04
3596900942,63349378,Slightly Delayed,616.62,Wallet,46019,2023-11
155295996,24517523,On Time,4190.02,Cash,5364,2024-06
1945536198,44557943,On Time,5313.04,Cash,34218,2023-05
2550246555,38671747,Slightly Delayed,2305.86,UPI,36017,2023-04
4287631655,6867315,Significantly Delayed,1381.53,Wallet,18788,2023-11
2033683703,42989999,Significantly Delayed,4223.23,UPI,62688,2024-01
9453583714,82854537,On Time,1873.26,UPI,39114,2023-09
852886125,44562310,On Time,1610.95,UPI,85502,2023-07
5705899665,4378755,On Time,3712.03,Wallet,75481,2024-05
5706043483,63360864,On Time,1164.09,UPI,86219,2024-07
5190422833,3410758,On Time,898.05,Cash,17583,2023-03
7178188501,3786105,On Time,2823.72,Cash,70846,2024-04
2864819888,9419030,On Time,1973.65,Card,42803,2024-04
7107216633,10857389,Slightly Delayed,2871.14,Wallet,30190,2024-06
1685382357,6579892,Significantly Delayed,2584.79,Card,76806,2023-05
7562902958,81808190,On Time,1477.63,UPI,74174,2023-06
2819953077,25128143,Slightly Delayed,1887.33,Cash,76823,2023-11
8453462258,2875442,On Time,310.87,Wallet,98449,2024-02
4605056279,23976957,On Time,1252.01,Cash,33098,2024-05
5998035939,88324928,On Time,3279.72,Card,25912,2024-02
2311501690,27698051,On Time,2643.08,Wallet,81872,2024-03
356495722,91312072,On Time,1978.25,Wallet,57795,2024-06
2695448838,47274329,Slightly Delayed,2516.12,UPI,56011,2023-06
6986791144,27692428,Slightly Delayed,1068.15,Cash,75461,2023-09
8619571588,31456752,On Time,1597.12,UPI,12944,2024-01
4088553674,52913011,Significantly Delayed,3986.58,Wallet,65634,2023-08
8177907004,60757351,Significantly Delayed,2575.85,Wallet,92178,2024-01
8533749006,91590001,Slightly Delayed,1552.93,Cash,95607,2024-10
8694014791,48778633,Slightly Delayed,1908.82,Card,73862,2023-08
6311012195,10857389,On Time,824.99,UPI,20432,2023-07
1312767771,26412689,On Time,2147.13,Wallet,97744,2024-09
214919848,47125914,On Time,2503.81,Cash,66328,2024-01
5521682945,26303194,Slightly Delayed,2548.33,Cash,20204,2024-07
5305770811,92642745,Slightly Delayed,3254.9,Cash,76080,2024-10
5842420654,43307488,Slightly Delayed,261.03,Wallet,60389,2024-05
4566893863,88739922,On Time,3739.44,Wallet,40507,2023-10
1523729855,54730270,On Time,629.24,UPI,84566,2024-09
2899786983,31456752,On Time,5183.93,UPI,14386,2023-10
9202528884,64940409,Significantly Delayed,3369.19,Cash,33556,2024-05
4338327693,93617659,Slightly Delayed,3948.26,Cash,98866,2024-05
6295686357,76533277,On Time,2769.76,Cash,81081,2024-01
6396194687,61406908,On Time,4492.32,Wallet,43588,2024-01
5662786245,21409946,On Time,4920.92,Cash,39082,2023-04
4868150114,69761993,Significantly Delayed,2720.81,Card,52501,2024-01
502764834,96903782,On Time,3197.48,Card,88857,2024-08
5056125341,26040510,Slightly Delayed,3503.97,Wallet,39430,2023-05
6388618916,96511007,On Time,2761.44,Wallet,62559,2024-01
3508668494,75836905,On Time,2359.1,Card,92900,2024-01
5289436093,98211325,Significantly Delayed,1789.25,Wallet,77152,2024-04
7596333614,88684966,On Time,2024.16,Card,24475,2023-03
6284076508,74179536,On Time,844.26,UPI,39939,2024-07
340050407,68941950,On Time,58.59,Cash,68329,2024-10
5927472701,93563435,On Time,2280.71,Wallet,95432,2024-01
9216536492,58979427,On Time,3056.52,Wallet,83077,2024-10
3742662928,63971358,On Time,937.34,Wallet,75517,2023-06
4797768073,35782051,Significantly Delayed,3156.22,Cash,88543,2023-07
6767935470,70372270,On Time,2249.42,Cash,44553,2024-04
1963703928,77007315,On Time,1553.71,Wallet,70919,2024-07
552470423,4394659,On Time,1310.7,Cash,27605,2024-02
739434870,1603358,On Time,2725.22,Cash,55365,2023-09
7930373606,13494314,On Time,1782.86,Cash,54606,2023-08
5374978054,64932019,On Time,1433.88,Cash,63238,2024-07
4361797433,1603358,On Time,3074.92,UPI,59493,2023-08
2002067527,45166203,On Time,1269.98,Wallet,71608,2023-11
4228110436,701493,Significantly Delayed,2512.67,Wallet,24964,2023-07
1251118825,79592021,Slightly Delayed,478.79,Cash,17178,2023-05
7165265639,29265216,On Time,878.07,Wallet,71534,2023-08
1255323701,51669263,On Time,3109.5,Wallet,78929,2024-03
807934194,69925688,On Time,3688.0,Cash,59454,2024-01
7968718292,54730270,On Time,931.61,Card,56005,2023-10
2620531979,8651281,Slightly Delayed,1207.28,Card,23093,2024-02
6943430459,53636086,On Time,2625.32,Wallet,75360,2024-10
5607355353,47625855,Significantly Delayed,2909.86,UPI,2135,2023-06
6696352636,54730270,Significantly Delayed,1458.64,Wallet,98726,2023-06
9325920156,59110513,Slightly Delayed,3323.67,Card,98397,2024-10
2286477025,59436131,On Time,2751.35,Card,85060,2023-06
6704773223,81420960,Significantly Delayed,1563.35,Wallet,34344,2024-07
1435353007,48281892,On Time,2538.96,Card,64672,2024-01
8080970647,1855421,On Time,3635.32,Card,70168,2023-11
5881633926,32293017,On Time,4263.33,Card,40430,2023-04
4435459085,76830090,On Time,242.57,Cash,66771,2023-08
6172529406,48409448,Significantly Delayed,2969.87,Cash,29606,2024-05
9127879048,75490147,On Time,2298.22,Card,82835,2024-08
3806545110,1200365,On Time,1150.34,Card,52602,2024-08
6919395718,91550885,On Time,2440.67,UPI,23311,2024-02
5277462976,98858383,On Time,3990.61,Card,95207,2024-10
3606274277,98225598,On Time,3902.92,Cash,83884,2023-08
2065203676,36146306,On Time,1121.26,Card,34566,2024-01
4042066387,90743791,Slightly Delayed,4354.3,Wallet,33983,2024-01
3604982656,59207798,Slightly Delayed,563.45,Card,87446,2024-09
1149676745,6247821,On Time,1168.51,Card,84700,2023-10
3895011687,47043878,On Time,858.57,UPI,81696,2024-03
772505056,81822494,On Time,2341.94,Cash,3187,2023-07
5574765914,89619421,On Time,697.53,Wallet,8665,2024-10
8812616740,61982521,On Time,1469.02,Card,66152,2023-06
1486655525,74572121,On Time,2840.82,Wallet,69381,2024-04
8423025639,6344345,Slightly Delayed,3583.16,UPI,63484,2024-06
9020705185,1562083,On Time,71.6,Cash,92943,2023-12
7719808698,93938425,On Time,4205.08,Card,28450,2023-08
3414036630,32809328,On Time,641.33,Cash,37389,2024-04
4157869967,49617892,On Time,881.42,Card,51334,2023-05
4873887251,20951294,On Time,989.88,Wallet,769,2023-09
8031946454,31923338,On Time,2074.16,Card,89696,2023-08
8168056170,45700473,Slightly Delayed,3061.73,Cash,85462,2023-08
3108512811,15417130,On Time,3391.72,UPI,30893,2024-02
1680591951,7288562,On Time,2569.08,Card,96631,2024-03
559245731,68941950,On Time,3597.64,Wallet,20247,2024-09
8655600303,12867472,On Time,3608.84,Cash,71557,2024-04
8247327365,30065862,Slightly Delayed,2592.28,Card,11031,2024-09
9153347285,54222320,On Time,2618.56,Card,3684,2023-06
1977533409,17521263,On Time,738.71,UPI,4601,2023-12
2433646621,82770142,Slightly Delayed,1195.03,Card,67633,2024-11
22830983,92404798,Significantly Delayed,3061.39,UPI,39491,2023-06
1143763031,52075070,On Time,171.2,UPI,61900,2024-08
8524056436,35434373,On Time,911.06,Cash,33639,2023-09
4262338791,72089140,On Time,1582.64,Wallet,37767,2024-10
187728451,63262519,On Time,4088.13,Wallet,36559,2023-11
6754346312,3897936,On Time,1195.92,Wallet,88168,2023-06
5790622967,81091233,On Time,1816.39,Cash,37995,2024-02
4305348838,63630649,Significantly Delayed,381.39,Cash,11295,2024-03
2902411553,93122847,On Time,2910.37,Cash,73699,2023-11
3691199770,30788486,On Time,2896.79,Wallet,72299,2024-05
775709102,80517784,On Time,3393.44,Cash,73558,2023-08
5262508570,42781544,On Time,2217.03,UPI,196,2024-07
192109127,82854537,Slightly Delayed,3949.02,Card,98838,2024-09
1108215973,2928026,Slightly Delayed,972.69,UPI,3643,2023-12
1719134546,25665997,On Time,1306.86,Card,3235,2024-07
5280263316,77035814,Significantly Delayed,3531.91,UPI,81900,2024-06
9448306266,74038361,On Time,3645.04,Cash,70480,2024-04
8023626961,68307253,Slightly Delayed,763.12,Card,50594,2023-09
1118405605,15599514,Slightly Delayed,2831.58,Card,72673,2023-06
8226034341,26040510,On Time,1480.31,Cash,39659,2023-11
6976835753,29973346,On Time,4262.13,Wallet,67913,2024-02
9171564499,24896263,Slightly Delayed,3112.29,Card,39820,2023-12
5393607402,14272050,On Time,2453.12,UPI,32010,2023-12
5670040592,80571942,On Time,3433.31,UPI,57209,2024-05
6736891890,15661901,Slightly Delayed,879.26,Wallet,72028,2024-10
1223255075,71321741,On Time,1982.08,Card,4873,2023-08
8158413630,15066187,On Time,3028.59,Card,56303,2024-08
7867573412,61226563,Significantly Delayed,3835.33,Card,62986,2023-09
1624690598,52048413,On Time,1705.95,UPI,41423,2024-03
8968945932,67386193,Significantly Delayed,1245.7,Wallet,53832,2024-09
1645212433,67918495,Significantly Delayed,1736.21,UPI,77571,2024-08
9187046038,75860724,On Time,1211.53,Cash,84082,2023-06
9305357757,76212152,On Time,652.58,Wallet,84853,2023-05
8312320295,31076002,On Time,3212.41,Wallet,27452,2024-06
3256941332,43599910,On Time,2777.76,Wallet,18290,2023-11
8980502814,45708879,On Time,1794.68,Card,67937,2024-10
9270396838,63376126,On Time,1592.28,Wallet,46248,2023-07
2892588628,54797119,Slightly Delayed,302.82,Wallet,59145,2024-04
8774158800,19216141,Slightly Delayed,693.48,Cash,69717,2023-12
2056131802,16448993,Significantly Delayed,328.51,Card,36835,2023-09
3528007192,52279849,On Time,2411.61,Card,53884,2023-07
2845333894,4192351,Slightly Delayed,4555.81,UPI,52847,2024-04
6602340187,38875754,Significantly Delayed,374.68,Card,94455,2024-03
721004875,75913572,On Time,3319.78,UPI,61840,2023-10
7435895360,77217240,On Time,983.79,Card,89661,2024-09
4217659083,31846190,Slightly Delayed,3390.39,Wallet,94726,2024-01
9710865146,21282544,On Time,4682.76,UPI,9882,2023-05
5375295409,17843667,On Time,1153.83,Wallet,21882,2024-10
6286044248,38902193,On Time,4369.99,Cash,56074,2023-05
1708282193,79895967,On Time,83.18,UPI,34773,2024-01
5746303677,20148223,On Time,902.25,Card,24730,2024-06
3271726381,44050697,Significantly Delayed,671.55,Card,5783,2024-03
9802569856,33741801,On Time,2623.91,Wallet,93443,2024-04
662460037,98144693,Slightly Delayed,2657.2,UPI,2466,2024-10
8664447334,25829710,Significantly Delayed,3712.65,Cash,49008,2024-03
3886370975,96903782,On Time,3039.42,Wallet,38359,2024-05
3547006553,56572297,Significantly Delayed,5183.38,Card,31328,2024-05
2575965518,38496400,On Time,1880.57,Wallet,33262,2024-10
1529363954,13251137,On Time,924.41,UPI,55211,2024-03
8463856241,87463923,Slightly Delayed,1364.14,Wallet,18824,2023-04
2485242479,25526479,On Time,3732.99,Cash,76138,2023-04
9850673433,93826036,Slightly Delayed,5271.36,UPI,19635,2023-05
2558680592,68475914,On Time,2032.56,UPI,91792,2023-05
2859167116,40626729,Slightly Delayed,1613.11,UPI,34127,2024-10
1222236371,88517890,Slightly Delayed,2675.63,Card,94531,2024-08
344177904,44589829,Slightly Delayed,551.88,Cash,86602,2023-08
6126334783,6150721,On Time,1588.66,Card,33084,2024-07
3742575364,42723554,On Time,4939.0,Wallet,22416,2023-05
9272166174,53292177,On Time,994.56,Wallet,31701,2023-07
9416522701,7551173,On Time,3919.44,Wallet,14560,2024-01
7305871805,96629034,On Time,2028.61,Card,57764,2024-09
80296810,21677923,On Time,4283.33,Cash,15362,2024-06
2806868282,67952740,On Time,949.73,Card,5821,2024-09
707033578,14839726,On Time,951.43,UPI,33360,2024-01
9026783092,60385293,Slightly Delayed,3080.01,Wallet,51457,2023-10
6229466619,81533356,Slightly Delayed,2708.73,Wallet,63864,2023-06
408720270,37245065,Significantly Delayed,2501.14,Cash,2311,2024-06
8870165072,80517784,On Time,1871.85,Card,53009,2023-11
1979319490,5238055,On Time,3631.19,Wallet,28727,2024-01
840761323,83262890,On Time,3550.8,UPI,88697,2024-03
744721438,67092149,Slightly Delayed,486.28,Card,47635,2024-02
7421707488,80315623,On Time,1065.22,UPI,29051,2023-11
1212718824,73393269,On Time,1648.44,Cash,72361,2024-01
9603256001,8791577,Slightly Delayed,1064.76,Card,5981,2023-05
5626888972,24323106,On Time,866.92,Card,53381,2024-04
2300753276,92306841,Slightly Delayed,1745.73,Cash,88145,2023-12
869629562,31831843,On Time,562.7,Wallet,80715,2023-05
3429137520,51048402,On Time,2804.37,UPI,82673,2024-03
9957927297,35349582,On Time,347.91,Cash,17981,2023-06
202466684,74840437,On Time,2939.42,Wallet,51649,2023-08
8465721207,30192942,On Time,4707.96,Cash,56612,2024-06
6194827199,41494867,On Time,2702.57,Cash,674,2023-12
3942174431,84257716,Slightly Delayed,758.75,Card,9886,2024-02
3189863462,6756256,On Time,1472.61,Cash,54721,2024-06
5923573134,22800586,On Time,877.98,Wallet,74712,2024-02
6659747528,43034188,On Time,1028.61,Wallet,93772,2024-09
6037541687,86067293,On Time,681.91,Wallet,39815,2023-12
2585438297,50632192,On Time,743.73,Card,93144,2023-08
8065774615,35705377,Significantly Delayed,1757.08,Wallet,66569,2023-12
1816814476,85198177,On Time,4981.16,Cash,42751,2024-11
5278014717,31776996,On Time,4687.37,Cash,87933,2024-04
4265447949,6150721,Significantly Delayed,1763.44,Card,34338,2024-08
6752221435,64197854,On Time,4214.63,UPI,71642,2024-02
8943989258,36675827,On Time,1983.74,Wallet,43725,2023-12
4068367936,78678612,On Time,4432.19,Wallet,95706,2024-09
5735156904,78841932,Slightly Delayed,3724.91,Card,89407,2023-04
2405929115,14940427,Significantly Delayed,212.61,Card,83049,2024-09
7913167260,98307019,Significantly Delayed,4575.56,Card,69504,2023-04
1989751369,7333934,Slightly Delayed,274.25,Card,1261,2023-05
7338050095,3292927,On Time,2181.43,UPI,68204,2024-10
9950986048,69863493,On Time,4860.59,UPI,46130,2023-09
5098703807,13760839,On Time,3772.64,Card,46866,2024-06
6937485392,30285217,Slightly Delayed,1509.64,Card,42361,2023-05
1266440097,88739922,On Time,2345.34,Cash,43520,2024-01
7415490509,61015113,On Time,1429.18,UPI,48639,2023-07
7284991749,65559853,On Time,2817.03,Card,4135,2023-12
4645792703,24043135,On Time,2627.96,UPI,36301,2023-12
3174938939,95736310,On Time,3597.75,Wallet,50364,2023-03
1752712049,56195475,Slightly Delayed,2015.68,Cash,67307,2024-08
8187201830,82529927,On Time,1843.61,UPI,55955,2024-04
6900896329,65903057,On Time,4864.14,Cash,97185,2024-02
3793977529,21425168,On Time,2835.92,UPI,52853,2023-09
194459698,88553721,On Time,2203.94,Card,66295,2023-06
9330447952,37362180,On Time,3410.21,UPI,8867,2024-03
2097372277,14693393,On Time,3122.85,Card,42338,2024-01
7060954153,91130614,On Time,2354.95,Cash,21872,2023-11
2921310646,40117357,On Time,2915.52,Wallet,45581,2024-07
3983082555,51670882,Significantly Delayed,530.85,Card,75005,2023-06
4867298468,13492411,On Time,2508.01,Card,88574,2024-04
3402631472,52032226,On Time,2871.88,Card,82219,2024-05
1648146562,95364457,On Time,2953.31,Cash,49114,2023-05
5907766010,12272282,Slightly Delayed,3937.4,Wallet,85975,2024-10
9233577456,96853930,On Time,2309.81,Card,29353,2023-12
4084808075,65815155,On Time,2698.15,Card,65980,2024-10
7217049550,24137201,Significantly Delayed,1886.59,UPI,56744,2024-07
1831943568,69863493,On Time,3575.33,Cash,31014,2024-05
8707473624,22524981,On Time,1333.69,Cash,54941,2023-12
7075868285,5226128,On Time,1704.88,Wallet,69398,2024-03
5164162918,96903782,On Time,1869.56,Wallet,69542,2023-11
2175298644,72132838,On Time,1857.59,Wallet,37111,2024-05
5882568464,49258916,On Time,1706.73,Cash,93909,2023-04
7847708619,35402531,On Time,3606.96,Cash,9898,2023-10
6366048116,78732957,On Time,1072.64,Cash,82257,2024-08
4926287333,31233120,On Time,2890.49,Cash,94821,2023-08
5532838325,6982488,On Time,1133.25,Cash,57010,2024-07
2567996236,81584486,On Time,2831.03,Cash,61790,2023-10
2655613624,46623192,Significantly Delayed,2384.64,UPI,94896,2024-06
7706089549,44562310,On Time,2062.54,Cash,35200,2023-10
8257370396,25221501,Significantly Delayed,160.07,Card,11969,2023-12
8623808984,37551429,Slightly Delayed,1911.03,Card,79827,2024-04
7579506101,72366758,On Time,978.84,UPI,80056,2023-04
8861024199,29902416,On Time,1015.26,Cash,53729,2023-11
7666131311,84456355,On Time,3643.76,UPI,35447,2023-05
103589925,65406127,Slightly Delayed,3805.99,UPI,83678,2024-05
7346858138,16785724,On Time,1530.63,UPI,83804,2023-11
4963962664,80935110,On Time,4132.1,Cash,10652,2023-09
9069936094,90696847,Significantly Delayed,2841.51,Cash,80189,2024-06
4665363191,73660582,Slightly Delayed,2035.62,Wallet,15760,2024-10
888510905,27824078,Slightly Delayed,1305.23,Cash,21909,2024-06
6876091286,49136375,On Time,3152.71,UPI,77863,2024-10
2592923105,78806824,Significantly Delayed,5123.14,Card,23178,2023-04
2468550508,59620534,On Time,3712.25,UPI,24846,2024-08
5302956276,97111069,On Time,1495.19,UPI,6274,2024-01
9409714182,59110513,Slightly Delayed,2856.32,Card,4084,2023-05
1446221570,59216664,On Time,1905.44,Wallet,213,2024-09
8250036360,88203688,On Time,1940.19,Wallet,65016,2024-06
447464341,89669139,Slightly Delayed,3113.07,Wallet,85334,2024-03
15642223,85020453,On Time,1712.74,Cash,43306,2023-11
3285378238,66943324,Slightly Delayed,2599.64,Wallet,8991,2024-08
2356483296,49529811,Slightly Delayed,2030.68,UPI,38401,2023-07
3382911339,23380116,On Time,1666.57,Card,84662,2023-12
3690872026,1152215,On Time,1203.31,Cash,56377,2023-07
6755367585,54057428,On Time,2115.53,UPI,56444,2024-09
6835850079,68965787,On Time,934.75,UPI,92568,2023-08
9345418784,58644651,On Time,2469.41,Cash,24395,2024-02
7185243614,51994597,On Time,1223.58,UPI,27663,2024-01
2319044818,82425179,On Time,2861.37,Wallet,66486,2024-04
931834374,17392512,On Time,361.89,Wallet,48992,2024-09
8485398781,40593638,On Time,2156.87,Wallet,70167,2024-04
9806464912,31981068,Slightly Delayed,2405.76,Card,89278,2024-08
8214365128,42012717,On Time,3595.22,Wallet,68269,2024-07
137089318,6637282,On Time,2254.26,Wallet,32581,2024-05
7615602420,63402854,On Time,922.64,Cash,91821,2024-05
3995348964,44828791,On Time,1613.86,Cash,62259,2024-06
3816542830,81822935,On Time,3294.67,UPI,38895,2023-08
9665004924,90184276,On Time,3564.53,Wallet,98396,2023-07
1728547597,98444183,Significantly Delayed,236.51,Card,80933,2024-06
5311190131,19482392,On Time,1276.25,Card,30345,2024-03
9581592141,64562786,On Time,4117.69,UPI,70962,2024-01
4848863693,63217390,On Time,1634.92,UPI,56307,2024-09
6374883107,23126657,Significantly Delayed,3039.25,UPI,32067,2023-08
3270131216,56604077,Slightly Delayed,1403.1,UPI,44043,2024-02
2643382562,54338574,On Time,354.91,UPI,74374,2023-07
5212524996,45071436,On Time,2573.93,Cash,13215,2023-12
9594095277,27604184,On Time,3015.93,Card,61215,2024-03
8375863419,76971644,Slightly Delayed,4914.12,Card,89921,2024-08
7523880783,21481338,On Time,4262.19,Wallet,23850,2024-10
9670158103,63262519,On Time,2159.25,UPI,18477,2024-03
4344108631,45804389,Slightly Delayed,4399.58,Cash,39923,2023-03
2237858,48281892,On Time,3835.26,Wallet,97945,2023-04
3217791988,92642745,On Time,5996.96,Wallet,30480,2023-08
3355718103,91196901,On Time,632.35,Card,84679,2023-09
9590518103,62323608,On Time,40.7,UPI,39579,2024-03
6610120274,89910157,On Time,3395.39,UPI,83714,2024-07
1180899898,16420489,On Time,3034.51,Wallet,24863,2023-04
8758992688,11616535,Significantly Delayed,405.71,Wallet,722,2024-06
6965716176,12851610,On Time,4625.58,Card,48850,2023-04
5527742274,57956497,On Time,2424.06,Card,98520,2023-12
826610039,29431960,On Time,169.88,UPI,72915,2023-08
3303891913,84361534,On Time,2044.44,Card,49372,2024-01
2489292878,59240916,On Time,3382.35,Card,88759,2023-10
8589851630,5386246,On Time,3160.29,Card,4917,2024-05
4598897781,77625089,Slightly Delayed,3442.8,UPI,7752,2023-07
6932356214,58942207,Slightly Delayed,4091.52,Wallet,27028,2023-04
3499004322,70363568,On Time,2288.53,Wallet,21541,2023-05
7517620171,25128143,On Time,1996.94,Cash,48840,2023-04
172987148,71607166,Significantly Delayed,2924.71,Cash,66833,2024-11
8347207794,34853377,On Time,2701.36,Card,88105,2024-08
9472355181,81462774,On Time,972.69,UPI,69066,2024-01
1315064289,74735607,Significantly Delayed,2357.23,UPI,62602,2024-07
9371869941,53076417,On Time,1599.11,Card,6805,2023-10
5184568404,93507573,On Time,872.08,Cash,17462,2024-03
5891002534,41494517,Slightly Delayed,475.04,Card,79352,2023-09
1479730711,90647204,Significantly Delayed,589.61,Wallet,36251,2024-09
7651037338,31576845,On Time,242.57,Cash,62537,2023-11
8763754537,97873848,On Time,1696.36,UPI,16963,2024-10
7683813608,99707100,On Time,2544.29,Card,86476,2023-06
6722955128,8351747,On Time,1028.49,Wallet,18697,2023-03
8259274680,60379302,On Time,3427.94,Cash,17260,2023-04
4620484274,58111297,Slightly Delayed,3550.23,Card,25174,2024-09
8260569466,59323931,On Time,698.04,Card,74085,2023-12
8498916204,47625855,On Time,422.87,Card,89588,2024-03
3209538967,41874489,On Time,2519.28,Cash,78212,2024-05
2570640420,10418604,On Time,3782.04,Cash,99899,2023-04
2066843639,69516494,On Time,941.19,UPI,37046,2024-05
7402125753,12500465,Slightly Delayed,3147.43,Cash,26429,2023-11
9171089443,46185579,On Time,2747.64,Cash,27400,2024-09
3272079644,51592174,On Time,22.14,Card,98992,2023-06
438111050,74174956,On Time,2129.22,Card,24502,2024-05
7416160835,29324437,On Time,2651.44,UPI,11914,2023-04
4075074492,12778027,Significantly Delayed,5146.2,UPI,29293,2023-12
5536024334,15661674,On Time,1149.2,Card,20631,2023-04
2013140214,39674723,On Time,2400.93,Card,10693,2024-05
1113582397,53292177,On Time,3248.52,Card,38869,2023-12
1083928258,14705462,On Time,2833.25,Card,78940,2023-12
4906957374,30029998,On Time,3973.9,Card,2235,2023-09
1876614122,97678578,On Time,4304.71,Cash,4985,2023-08
6556180328,10562528,On Time,712.12,UPI,83805,2024-06
7960553477,4356173,On Time,169.88,UPI,75158,2024-02
6335972517,18256339,Slightly Delayed,1968.49,UPI,51928,2023-07
6254948159,42615134,On Time,3371.28,Card,72597,2023-10
7527936057,63971358,On Time,2750.94,Cash,67699,2023-12
6257851675,65488134,Significantly Delayed,1052.94,UPI,91732,2024-04
6832610950,77811864,Significantly Delayed,1628.19,UPI,37323,2023-09
5085005195,2684440,On Time,4030.23,Cash,92179,2024-03
2177207547,92245432,On Time,3576.89,Wallet,63474,2024-02
3043364543,21597477,On Time,1136.9,UPI,64723,2023-07
2823404098,81377917,On Time,2699.14,Wallet,52689,2024-03
646676955,93018527,On Time,109.03,Cash,90187,2023-11
5756607486,27709218,On Time,1910.09,Card,19872,2023-10
9373691795,87463923,On Time,2386.93,Cash,89555,2024-03
2611601543,61753272,Slightly Delayed,1804.99,Wallet,21230,2023-07
1491360686,90649019,Slightly Delayed,822.74,UPI,45751,2023-03
1824533423,2233446,On Time,2890.53,Wallet,37442,2023-05
2913841018,46675763,On Time,727.95,Card,45079,2023-11
3141803761,34787383,Significantly Delayed,787.4,UPI,54528,2023-10
6184484468,40275138,On Time,211.22,Cash,97219,2024-10
4599327740,77862447,On Time,530.85,Cash,43635,2023-08
7479207574,64846124,Significantly Delayed,918.45,Cash,23426,2024-04
2996133401,83964902,On Time,2010.29,UPI,8541,2024-04
5972410040,19179897,On Time,1721.08,Wallet,62822,2024-08
4007593324,68703613,On Time,3453.62,Wallet,36657,2024-06
3428454405,93018527,On Time,3030.47,Cash,81368,2023-08
1160646195,5700842,Significantly Delayed,419.13,Card,53869,2023-04
4376524554,72576730,On Time,2512.22,Card,75544,2023-03
1519072771,70615775,On Time,98.32,UPI,40607,2024-08
8203685394,40192266,On Time,1013.58,Card,92523,2024-02
7906789850,32006907,Slightly Delayed,2494.47,UPI,16598,2024-10
8073770046,87943214,Slightly Delayed,3056.86,UPI,37431,2024-05
5190202949,40727086,Slightly Delayed,3924.07,Wallet,98623,2023-09
8542325207,9573071,On Time,4399.94,Wallet,38846,2024-07
7566730050,39153585,On Time,1443.71,Card,47294,2023-05
176509722,65221572,On Time,2319.65,UPI,60612,2023-10
1894603222,21697638,On Time,356.33,Wallet,90546,2023-10
2694800415,36675827,On Time,3621.69,Cash,70355,2024-04
5879390688,77869660,Slightly Delayed,96.09,Wallet,87608,2023-09
1197715978,625395,On Time,3388.47,Card,76039,2023-11
7790696031,34580200,On Time,2174.92,Wallet,60613,2023-05
2189360099,68714053,On Time,2231.91,Wallet,48011,2023-08
3542041943,55007963,On Time,209.59,Wallet,91300,2024-09
9202469009,37362180,On Time,1574.8,UPI,39748,2023-11
3985829990,81808190,Slightly Delayed,4495.35,Wallet,39267,2024-07
4341872315,71755645,On Time,3494.41,Wallet,20388,2023-11
4748123248,24144240,On Time,476.96,UPI,93163,2023-08
99905061,47590944,Slightly Delayed,2948.85,Card,1750,2023-11
9118004489,37288781,On Time,2685.25,Cash,57515,2024-02
1696936610,25795941,On Time,1983.84,Wallet,10006,2023-09
155669553,88779806,On Time,2239.85,UPI,73940,2023-04
2885541999,40275138,On Time,87.3,Cash,97766,2023-09
2846340681,77085443,On Time,2923.65,Cash,1441,2023-06
963715332,21948041,Slightly Delayed,4740.41,UPI,74026,2024-07
2807634451,84986716,On Time,3196.92,Wallet,10898,2024-03
3046341241,82286725,On Time,3155.44,Wallet,42558,2023-10
485687952,8228843,Slightly Delayed,1436.02,Wallet,41920,2023-03
7660904370,30455484,Slightly Delayed,695.54,Cash,82481,2024-05
9753033954,83577942,On Time,630.84,Card,66167,2023-07
9509887699,23448955,On Time,1656.08,UPI,83668,2024-01
1054122071,97557157,On Time,1011.38,Card,29382,2023-11
9135272808,21701991,On Time,1454.36,UPI,58954,2024-03
597447215,39957741,On Time,4238.98,UPI,56770,2024-09
5562099656,3872421,On Time,163.03,Card,78737,2024-06
4122736828,47590944,On Time,2205.44,UPI,47529,2024-07
7238138072,32929817,On Time,906.54,Wallet,70201,2024-08
6244736404,8791577,Slightly Delayed,4248.04,UPI,74025,2024-08
1297341963,70230254,On Time,1516.81,Cash,78118,2024-07
3842442278,89223620,On Time,4144.84,Card,34292,2024-10
9576684860,9347990,Slightly Delayed,1365.7,Card,49015,2023-04
1592757566,78903046,Significantly Delayed,4787.67,Wallet,26609,2024-07
5060677329,68219091,Slightly Delayed,903.53,UPI,2549,2024-03
2241930006,66943324,Significantly Delayed,2211.21,UPI,48832,2023-11
3246505078,45481936,Significantly Delayed,702.71,Wallet,70745,2024-08
5870152806,376144,On Time,171.2,Cash,41777,2024-03
8919999754,8395610,On Time,2554.62,UPI,49856,2023-12
1080338783,1601161,On Time,2039.04,Cash,11061,2023-07
4641905606,40667183,On Time,3587.82,Cash,94171,2024-09
9456413999,32019725,On Time,2572.64,Card,38461,2023-08
4764056827,8025622,Slightly Delayed,3063.23,UPI,25547,2024-07
5168057633,45477575,On Time,4188.15,UPI,64173,2024-07
1442559656,85074810,Significantly Delayed,2573.97,Cash,4000,2023-05
6590257283,2058037,On Time,4030.26,Cash,85700,2023-10
3429671763,21481338,Significantly Delayed,1168.51,UPI,8472,2024-03
4750086089,97259564,Slightly Delayed,1896.06,Card,57809,2023-08
3204128006,62323608,Slightly Delayed,4361.59,Wallet,62365,2023-11
3171917027,55936462,On Time,1179.35,UPI,41122,2024-03
8814047085,68475914,On Time,972.69,UPI,68901,2023-04
1889723479,5754255,On Time,395.61,Cash,87163,2024-06
942025494,62679120,Slightly Delayed,4479.65,UPI,56953,2024-03
4104444500,57526322,On Time,296.94,Card,92907,2024-10
7562260313,13871547,On Time,1246.62,Card,38550,2024-03
7140244766,86067293,On Time,310.87,UPI,76465,2023-08
7967974077,45066676,Slightly Delayed,3382.93,Wallet,1899,2024-07
7456822422,81822935,Slightly Delayed,604.1,Cash,24881,2023-12
4813468096,34668988,On Time,650.2,Card,13299,2024-02
8618576020,15484407,On Time,1633.69,Card,64047,2024-01
3727646442,12077371,On Time,1105.54,Wallet,98620,2023-07
9208156337,39959491,On Time,1685.01,UPI,83940,2024-09
8328118787,14839726,On Time,3997.84,Card,13593,2023-05
580528836,91550885,Significantly Delayed,1485.0,UPI,72799,2023-10
3350662630,60620291,On Time,1279.7,Card,8459,2023-07
6716381725,19682060,Slightly Delayed,3647.45,Card,96043,2023-05
2249567137,20298398,On Time,3407.26,Card,63769,2024-04
7484465509,73393269,On Time,1060.95,Card,58978,2024-09
2577208156,86995126,Slightly Delayed,1948.9,UPI,61389,2024-10
3321905621,37759707,On Time,3909.99,Wallet,26660,2024-10
6686839282,71615827,Slightly Delayed,2657.17,UPI,53508,2023-07
5095558661,70220141,On Time,109.03,Cash,65564,2023-05
112658009,35144658,On Time,3834.36,Cash,32553,2023-07
1343610513,18113428,Slightly Delayed,638.38,UPI,14791,2023-07
7190610535,59094034,On Time,2414.68,UPI,99603,2024-03
5069426001,31940833,On Time,3099.29,UPI,23515,2024-01
5655369002,19091057,On Time,114.52,Cash,50372,2023-08
5761530160,84824280,Slightly Delayed,876.11,Cash,47945,2024-02
4772519706,17106161,On Time,2184.02,Cash,27293,2023-03
8209051735,69416782,On Time,1887.19,Card,66797,2024-02
4870391666,80935110,On Time,738.74,Card,82421,2024-03
7777975083,92098757,Significantly Delayed,4419.96,UPI,89484,2024-06
8713948756,65514005,Significantly Delayed,383.2,Cash,84056,2023-11
6191050157,90021871,On Time,1893.34,Cash,71004,2023-05
4060449266,1771249,On Time,2399.6,Card,83557,2024-03
5657605506,63402854,On Time,697.88,Wallet,54862,2024-05
8851743592,70608515,On Time,2618.87,Card,70212,2024-02
4689717606,91791128,On Time,2392.67,Card,20091,2023-07
2860246948,8791577,Significantly Delayed,1613.57,Wallet,42770,2024-09
2875550803,40387944,On Time,1776.32,UPI,82986,2024-02
5340575011,77015367,On Time,2307.65,Wallet,3517,2023-09
7717156533,18791381,On Time,3043.92,Cash,89557,2023-04
8297255359,56764791,On Time,2172.56,Card,99111,2023-06
7873234939,31923338,Slightly Delayed,816.38,Wallet,71249,2024-09
3668515922,22321208,Slightly Delayed,4229.93,UPI,9368,2023-08
8356690330,88324928,On Time,3316.63,Card,70661,2023-07
3508620293,40277444,On Time,4855.95,Cash,79725,2023-08
9998297778,7728406,On Time,2833.2,Card,15629,2023-09
3898421710,78750264,Slightly Delayed,461.74,Cash,27328,2023-08
3960980694,52417972,Slightly Delayed,369.28,Cash,61707,2024-06
5008395294,1108176,Significantly Delayed,845.68,Cash,72163,2023-12
3722869004,66140659,On Time,3268.53,UPI,80036,2023-07
8391555591,14006996,Significantly Delayed,3933.27,Cash,29388,2023-08
8063730776,95912198,On Time,2925.94,UPI,37119,2024-09
9052752169,62510499,On Time,1083.52,UPI,27976,2024-01
7471416647,75566105,Slightly Delayed,2163.7,Wallet,72270,2023-03
848332407,376144,On Time,1700.08,Card,41823,2024-04
4062701987,8383197,On Time,979.99,UPI,76840,2023-12
8723912832,94552818,On Time,361.98,Cash,80138,2024-01
9099298435,2233446,On Time,1327.61,UPI,21269,2024-02
5645691241,3786105,Slightly Delayed,2970.0,Cash,8455,2023-12
8258019846,61024977,On Time,1705.98,UPI,96896,2024-01
2732162016,99361865,On Time,2111.24,Wallet,82903,2023-05
1561902412,91448742,On Time,3412.02,UPI,71022,2023-06
8979476889,49970560,On Time,169.88,Cash,43855,2023-06
8373953053,46515922,Slightly Delayed,3639.83,Wallet,37461,2024-10
7021309133,59353207,Slightly Delayed,468.88,UPI,86023,2024-08
3447085029,188838,On Time,4065.16,Cash,97687,2023-04
9284767341,82160592,On Time,940.44,Wallet,38009,2024-03
9770431940,86715467,On Time,3392.19,Card,70163,2024-06
9650124390,46717997,On Time,4409.61,Card,58008,2024-04
9826894858,67386193,On Time,1788.3,UPI,52555,2024-06
4466839873,8361353,On Time,2840.84,Cash,15751,2023-12
4331471900,59094034,Slightly Delayed,2476.97,Card,95419,2024-07
5777824005,73428596,On Time,4469.56,Card,9630,2023-03
8795242622,90246977,On Time,2861.87,Card,20027,2023-03
8561878376,12272282,On Time,2729.1,UPI,59539,2024-01
2113243643,66269844,On Time,568.74,UPI,46402,2023-12
8497820340,90586029,On Time,5163.37,UPI,12255,2023-11
3167184563,43860025,On Time,3939.74,UPI,86629,2023-09
9997121955,46623192,On Time,1756.4,UPI,27103,2024-04
2954397481,93318833,On Time,1120.6,Wallet,20739,2024-01
8125884987,31718565,On Time,2008.1,Wallet,31296,2024-05
3765873352,48418662,On Time,1976.63,UPI,8612,2024-10
7733310993,10562528,Slightly Delayed,1253.38,Card,31410,2023-03
738093341,30823988,Significantly Delayed,686.4,UPI,92844,2024-03
1837574319,24821281,Significantly Delayed,959.01,UPI,63956,2024-06
2468420564,92027021,Significantly Delayed,5123.33,UPI,10759,2023-06
5368005763,84824280,On Time,1330.83,Cash,37844,2024-07
3823949592,1683786,On Time,2722.55,Wallet,28356,2023-04
6298008063,24104630,Slightly Delayed,2461.13,UPI,6083,2023-07
2499190829,17159117,On Time,1851.53,UPI,38976,2023-10
491116137,71615827,Slightly Delayed,346.87,Cash,46516,2024-01
2206269404,96009692,On Time,2748.16,Wallet,3395,2024-05
1330806043,29415527,Slightly Delayed,905.27,Wallet,67773,2024-04
6770858376,39957741,Significantly Delayed,686.29,Wallet,40291,2024-01
4466716432,29689766,On Time,2020.61,Cash,5951,2023-06
8292554686,80833965,Slightly Delayed,3194.62,Cash,678,2024-03
4204069161,31576845,On Time,4044.58,Wallet,28632,2023-08
2163079658,74833221,On Time,2926.98,Wallet,81489,2023-12
6971561757,64940409,Significantly Delayed,1726.02,UPI,23787,2023-12
7965253060,95912198,Slightly Delayed,217.4,Wallet,3496,2024-02
8939040193,59141605,Slightly Delayed,321.94,UPI,46879,2024-09
8322028211,54952806,On Time,2567.25,UPI,20488,2023-11
6865922682,14255231,On Time,3433.8,Card,98320,2024-06
5912729079,90919603,Slightly Delayed,2270.57,Cash,56995,2024-08
8764776130,32054313,On Time,1622.5,Wallet,25706,2023-12
7769965629,65815155,On Time,2756.21,UPI,89124,2023-04
2166463032,98930670,On Time,1214.68,Card,57294,2023-10
7035343259,63310076,On Time,2574.49,UPI,71409,2024-07
8914775994,68985290,On Time,1300.04,UPI,30298,2024-02
7565647347,15808945,On Time,3503.52,UPI,1739,2024-10
6172215120,87823209,On Time,4452.81,Card,283,2024-06
4043585691,61121421,Slightly Delayed,942.24,UPI,8666,2024-02
3735186180,98709982,On Time,2834.2,UPI,55800,2024-03
5281459433,85519349,Slightly Delayed,2527.71,Card,56847,2024-10
424087401,90753712,On Time,96.09,Cash,59842,2024-04
884327245,24337950,Slightly Delayed,2116.49,UPI,68768,2023-09
6318008970,30265929,On Time,1887.26,UPI,1399,2024-05
3792751421,2414265,On Time,2090.0,UPI,8803,2024-08
5471255539,15391556,On Time,1199.03,Wallet,90665,2023-05
9917290378,6245778,Significantly Delayed,789.13,Cash,39311,2024-01
208989475,94713625,On Time,2973.06,Cash,2365,2023-03
7672827556,70589930,On Time,2259.19,Wallet,25541,2023-07
3792912325,39153585,On Time,2026.4,Wallet,82865,2024-06
2478533601,9097480,Slightly Delayed,2241.03,Card,79023,2024-11
2255745327,58974323,On Time,4140.09,Cash,96569,2023-05
8612261848,46208150,On Time,1495.6,Wallet,33962,2024-06
6949810049,87463923,On Time,1778.56,UPI,68356,2023-09
2399456941,47625855,Slightly Delayed,2306.69,Card,95044,2024-10
6292969164,45477575,Slightly Delayed,822.63,Wallet,60860,2024-07
2929485756,30979436,Significantly Delayed,946.86,UPI,98387,2024-10
8757869416,85518832,On Time,3314.13,Cash,89940,2024-05
2653966619,52428250,On Time,3588.19,Card,20322,2024-07
336103625,28663279,On Time,3997.03,UPI,53527,2024-05
3727289407,10225164,On Time,616.45,Wallet,96404,2024-06
701250513,10240052,On Time,2490.5,Wallet,12426,2024-09
101816977,26903313,On Time,3486.1,Wallet,74586,2024-02
7838223552,85854265,On Time,1597.81,UPI,32488,2023-12
4123140013,80759416,On Time,3299.24,UPI,7581,2024-11
9821008306,49433260,On Time,2532.31,Wallet,9712,2023-04
5414882934,44223796,On Time,3284.27,Wallet,39970,2023-12
9257313140,24337950,Significantly Delayed,726.41,Wallet,71919,2024-06
3857021231,91973128,On Time,3536.94,Wallet,8994,2023-09
1606381345,31940833,On Time,3635.31,Cash,84799,2023-03
239830094,99627097,On Time,416.65,Cash,64707,2023-08
580582858,59398136,On Time,2313.35,UPI,23439,2023-09
4191340899,90649019,On Time,3432.55,Card,84191,2023-05
1013630716,85763665,Significantly Delayed,1090.39,Cash,36890,2024-05
8220017366,91550885,Significantly Delayed,1908.33,Cash,69432,2023-05
4353485612,77007315,Slightly Delayed,1938.72,Card,67044,2024-08
8682172393,97141762,On Time,1178.54,UPI,60531,2024-10
4085089017,50899600,Slightly Delayed,2626.4,Cash,73060,2024-06
1287686307,79076101,Significantly Delayed,4331.6,Cash,72260,2024-01
4425450216,40192266,On Time,3481.37,UPI,11470,2023-06
7799346570,37947202,On Time,1793.58,Cash,6267,2023-10
5917975686,37054866,On Time,4269.53,UPI,95635,2024-06
9588500388,84448310,Slightly Delayed,3251.31,Cash,25906,2024-07
3963207709,99893898,Significantly Delayed,972.69,Cash,75698,2024-01
2217466286,9278983,Significantly Delayed,1217.33,Wallet,55729,2023-04
7130088913,86444757,On Time,3069.34,Card,27018,2023-06
9064682961,17597449,On Time,3580.75,Cash,74646,2024-07
6060156146,92404798,Slightly Delayed,2318.9,UPI,43137,2023-05
3106610673,74762653,Slightly Delayed,3473.22,Cash,39962,2024-06
442408751,56780331,On Time,3090.37,Wallet,31883,2023-10
353571238,60561655,On Time,1897.21,Wallet,49421,2024-01
4670530333,42723554,On Time,354.91,Wallet,73412,2024-05
4961370923,61020,On Time,2560.3,Card,95563,2024-02
8946821991,31582950,On Time,888.04,Cash,7047,2024-04
5720622852,66130660,On Time,874.78,Cash,41385,2023-04
7305353953,42012717,Significantly Delayed,2119.6,Cash,79920,2024-01
1402723627,85006599,Slightly Delayed,2859.77,Wallet,29946,2024-05
9820620357,243838,On Time,508.0,Card,19268,2023-12
1930286155,51034600,Slightly Delayed,1176.51,Cash,22959,2024-09
6759029950,83577942,On Time,2592.56,UPI,27838,2023-12
9032188284,59427862,Slightly Delayed,1036.64,Wallet,45176,2023-08
9490161602,28663279,On Time,3143.9,UPI,35300,2023-04
8565257085,33034249,On Time,3634.1,Card,74770,2023-09
4884845960,34156884,On Time,1478.33,Cash,39010,2023-09
6181604084,4200802,On Time,858.57,UPI,63800,2023-10
2718508408,20360447,Slightly Delayed,4588.23,UPI,47220,2023-08
8354866000,80696046,Slightly Delayed,2962.96,Wallet,19057,2024-02
8025728977,26912171,On Time,2971.34,Card,66000,2024-08
6531356394,85561151,On Time,3830.42,Card,92872,2023-05
5489184758,49529811,On Time,4046.84,Card,69415,2024-03
1377599881,48481702,On Time,3323.75,Card,17690,2024-08
227162938,28111842,On Time,3716.9,Cash,43553,2024-04
3449083612,91382237,Slightly Delayed,2046.71,Card,65165,2023-11
5662514948,30455484,On Time,2918.62,Card,58053,2023-05
2034571482,86167288,Slightly Delayed,1422.49,Card,86556,2024-02
348782569,72415263,Slightly Delayed,3781.09,Wallet,88218,2023-09
8697396531,21282544,On Time,1573.66,Wallet,59371,2023-10
3538455450,77345018,On Time,2447.04,UPI,63154,2024-09
7513290139,26285589,On Time,1758.17,Cash,96784,2023-05
8320461939,83298567,On Time,367.08,Card,63519,2024-04
8217899522,18465047,On Time,3369.67,Wallet,15587,2024-10
4217056877,2903620,Slightly Delayed,1670.56,Cash,94995,2024-03
3684167813,46563355,On Time,1409.35,Cash,82021,2024-09
5351904164,97411107,On Time,2561.94,Cash,98439,2024-08
2731829604,46615831,On Time,4047.69,Card,85333,2024-02
7162485958,75081265,On Time,1996.41,Card,64568,2023-12
4830502113,89867195,On Time,3494.42,Cash,8022,2024-01
9797013595,80571942,Slightly Delayed,418.44,Wallet,35734,2024-05
9487843345,23794330,On Time,1311.48,Cash,82632,2024-06
2148242015,39093069,Significantly Delayed,3239.66,UPI,13676,2023-04
7465258008,51503088,Slightly Delayed,2017.35,UPI,63335,2023-10
8875274470,57102800,Significantly Delayed,818.16,Card,54978,2024-04
7049717910,44410149,On Time,3737.72,Card,10931,2024-05
4829897426,25587553,On Time,1546.87,Cash,93475,2023-06
3532186218,24456825,On Time,3201.86,Cash,34900,2023-08
6897674900,79592021,On Time,3980.78,UPI,5998,2024-05
163895717,61982521,On Time,2751.59,UPI,45284,2023-11
9857592403,84275450,On Time,4315.44,Wallet,36569,2023-10
2521197661,13251137,Significantly Delayed,2777.53,Card,49637,2024-02
488314125,5716817,Slightly Delayed,2359.91,UPI,60702,2023-04
5073549838,75082508,On Time,1872.31,Wallet,20915,2024-04
6399568661,82594354,On Time,4593.22,UPI,45002,2023-12
3672658084,48228547,On Time,895.36,UPI,66143,2024-05
8273236145,85763665,On Time,1626.93,Card,8874,2024-09
3411233779,79991320,On Time,1018.02,Cash,33913,2024-04
8024667539,31622158,Slightly Delayed,1682.78,Cash,26395,2024-07
6112199794,77086539,Slightly Delayed,3227.41,Wallet,75415,2024-09
9484473160,21456226,Slightly Delayed,1966.28,Card,38707,2023-04
9729709418,45323391,On Time,2729.56,Cash,43891,2023-03
7900224799,68692574,Slightly Delayed,4099.05,Cash,45482,2024-07
1821414490,75632045,On Time,3493.06,Card,55493,2024-10
5813507399,76019750,On Time,4495.56,UPI,13303,2024-04
3928003125,53636086,Slightly Delayed,1809.81,Wallet,40065,2023-12
5271866987,10562528,On Time,947.95,Card,15044,2024-08
9794537731,85869195,On Time,3740.13,Cash,23014,2023-05
4852718488,71902700,On Time,1364.65,UPI,71839,2024-04
8300546273,13796199,On Time,1251.92,Wallet,80645,2023-09
976104194,6061349,Significantly Delayed,3210.73,Card,65001,2024-05
5373961125,57081917,On Time,1187.0,Card,72609,2024-11
6056126973,48765625,On Time,1172.69,UPI,84012,2024-07
6352881332,80517784,On Time,3222.29,Cash,21808,2024-01
1643234106,37691544,Slightly Delayed,1196.7,Wallet,63857,2024-09
8697966993,85869195,Significantly Delayed,3078.59,Card,45795,2024-03
2276061263,83701325,On Time,837.78,UPI,25181,2024-10
4045613782,61763552,On Time,2243.07,UPI,29650,2023-08
2959828441,9987182,On Time,4265.84,Card,80243,2024-03
3514589876,59620534,On Time,976.55,UPI,24168,2023-10
9444081952,72576730,On Time,353.53,Card,88637,2023-11
8183959589,26752630,On Time,299.27,Wallet,80408,2023-12
1712832927,5228136,Slightly Delayed,2657.42,UPI,60377,2024-03
8162867215,25713335,On Time,1564.84,UPI,53830,2024-08
4160230443,87889031,On Time,367.08,Card,41222,2024-04
9787535949,57340963,Slightly Delayed,1488.91,UPI,20817,2023-04
3423995261,75928073,On Time,1047.55,Wallet,50959,2023-05
1523343168,80862136,On Time,582.87,UPI,41110,2024-07
1948066291,61320989,On Time,225.21,Cash,33207,2024-10
2021361582,99695529,Significantly Delayed,3475.69,Cash,88680,2024-05
7491420331,27504517,Slightly Delayed,1567.06,Wallet,81340,2024-05
994840771,85088479,Slightly Delayed,1819.74,Wallet,22900,2023-10
6277344634,11202130,Significantly Delayed,3940.47,UPI,98138,2024-07
4092653338,13604883,On Time,2455.06,UPI,30910,2024-04
7213712604,49433260,On Time,780.0,Cash,25295,2023-11
7326709115,22800586,Slightly Delayed,783.96,Card,46549,2023-11
9419789569,8733344,On Time,3361.63,Wallet,54029,2024-07
5388191488,74735607,Slightly Delayed,4238.13,Card,38734,2024-03
9065873433,32635818,Slightly Delayed,2534.9,Cash,61365,2023-10
4627342297,88843865,On Time,2033.74,UPI,47725,2023-08
4286971111,469006,On Time,1480.41,Cash,7124,2024-05
645282074,13265605,On Time,3337.4,Wallet,19843,2023-05
7260939789,39999278,On Time,5770.21,UPI,13059,2023-10
1716322448,95873651,On Time,3162.99,Cash,66774,2023-09
4293959647,820740,On Time,878.07,UPI,72576,2023-10
3331935300,29095552,On Time,482.06,Wallet,14328,2023-06
1775389576,15830066,On Time,941.19,Wallet,59128,2024-03
8194774262,46836361,Slightly Delayed,2879.54,Cash,19069,2024-10
3615279775,61618079,On Time,2596.72,Wallet,33091,2023-11
11467999,78267238,Slightly Delayed,3051.19,UPI,1908,2023-04
3971267196,8536503,On Time,946.86,Card,59116,2024-01
1584863963,61877649,Significantly Delayed,1176.5,UPI,70947,2024-07
1557893814,75244116,On Time,3950.09,Wallet,60172,2024-04
8172695964,45323391,On Time,1506.27,Card,52140,2024-07
7462800868,93127511,Significantly Delayed,382.29,Wallet,39973,2023-10
5438961669,37245065,Significantly Delayed,354.91,UPI,67068,2024-09
4904849001,93563435,On Time,5062.63,Wallet,8244,2023-11
4816980820,52613657,Significantly Delayed,4876.13,Card,28954,2023-03
9004078716,55552600,On Time,2140.11,Card,60691,2023-08
8350353728,25585013,On Time,2516.08,Cash,73339,2024-01
1204084245,1342184,Significantly Delayed,2833.97,Card,55802,2023-09
4142209897,44557943,On Time,1361.67,Card,6857,2023-09
125551624,14693393,On Time,4082.47,Card,16319,2024-08
9970545044,22931642,On Time,5453.47,Cash,81093,2023-08
7976032064,72946405,On Time,1575.92,Wallet,39126,2024-05
8691567542,41640262,On Time,1173.69,Wallet,87207,2024-06
3592747590,12755730,Significantly Delayed,4217.22,UPI,92032,2024-04
7495753437,4758426,On Time,3776.78,Card,20625,2023-06
3965847120,80761521,On Time,459.78,Wallet,60885,2023-05
9365984533,89704218,On Time,2082.97,Card,40460,2024-06
2948242102,13189939,On Time,2132.75,Wallet,55456,2023-10
6161193691,55693909,On Time,1541.92,Cash,22997,2023-05
5964122835,14006996,On Time,2305.04,UPI,98433,2024-03
8879377902,61320989,On Time,3034.16,Card,61662,2024-03
8158068874,64403005,Slightly Delayed,3112.28,Wallet,93613,2024-07
7039570964,68941950,Slightly Delayed,3196.98,Cash,40041,2024-04
5482913265,88324928,Slightly Delayed,2486.56,Wallet,84976,2024-08
1018255782,2219590,Significantly Delayed,2456.07,Card,35907,2024-09
8441505853,48409448,On Time,3876.18,UPI,58002,2023-11
3850018395,57674875,Slightly Delayed,1228.6,Wallet,42851,2023-06
4884197611,28173165,Significantly Delayed,2037.05,Wallet,4714,2023-04
5321849748,84468124,On Time,1745.29,Cash,43163,2024-03
9808738347,7728406,On Time,2800.78,Wallet,81334,2024-03
8727249149,35826539,On Time,4510.56,UPI,16796,2023-06
2772154780,50899600,On Time,370.81,Card,74237,2024-07
9128056381,98691989,On Time,475.78,Wallet,95005,2024-06
4461463308,81352781,On Time,2638.38,Card,43141,2023-06
5636483988,34095555,On Time,4151.57,UPI,73517,2024-01
1532065529,75464725,On Time,2175.43,UPI,1354,2023-12
9933994647,83304571,On Time,852.02,Cash,46871,2024-02
4823026749,34835738,On Time,3211.3,Card,97537,2024-08
7453442245,77869660,On Time,4894.89,UPI,69200,2024-09
6519941559,29902416,On Time,545.49,Cash,88898,2024-05
3798769654,75913572,On Time,371.29,Cash,96996,2024-09
5034289521,21201299,On Time,1415.21,UPI,98165,2024-05
6971088688,11389698,Slightly Delayed,2593.22,Card,33387,2023-07
5650184107,19771128,On Time,3041.96,UPI,60066,2023-06
5770410311,20956158,On Time,4814.59,Cash,96121,2023-12
274530126,35278126,Significantly Delayed,1841.66,Cash,35596,2023-04
4819831152,66886852,On Time,1757.75,Cash,97045,2024-09
6977688323,56780331,On Time,3343.61,Card,77691,2023-06
2035952734,63360864,On Time,1906.85,UPI,1616,2023-04
3665334102,51476157,Slightly Delayed,5578.4,Wallet,6292,2024-11
1862413314,48150243,On Time,1446.53,Card,3855,2024-05
4466643926,82989313,On Time,781.08,Cash,37936,2024-04
4470717835,76008165,On Time,1474.48,Wallet,80246,2023-07
3018086191,76359458,On Time,1775.03,Card,86332,2024-02
2447983559,99772709,Significantly Delayed,1031.06,Cash,68149,2024-10
5116322704,63360864,On Time,2386.24,UPI,24469,2024-06
8941550852,54145987,On Time,198.15,Card,18037,2024-04
8026773850,94730288,On Time,1378.46,Wallet,22178,2023-10
2102402075,30317733,On Time,1037.5,UPI,81176,2024-07
989844439,30468930,On Time,3217.54,Cash,77083,2023-07
8426805628,11636968,On Time,1620.7,Card,88737,2023-04
7662188403,35554129,Slightly Delayed,2497.79,Wallet,80894,2023-05
9141654140,77811864,On Time,2805.01,Wallet,38063,2023-07
5696947751,90745023,On Time,1431.23,UPI,58100,2023-11
8953871540,1601161,On Time,683.46,UPI,62193,2023-11
1767778760,67729191,On Time,2977.3,Cash,57806,2023-04
5516201271,73661993,On Time,1210.9,Cash,32490,2024-07
9358248664,75213636,On Time,637.6,Cash,52315,2023-12
1530424665,45700739,On Time,3107.41,Cash,53811,2023-04
7816293360,87669943,On Time,4856.23,UPI,81753,2023-07
1602396548,11063505,On Time,2790.67,Card,64637,2024-09
7938126128,26199489,On Time,877.89,Card,50175,2023-06
271744331,47274329,On Time,97.04,UPI,30354,2023-08
387311360,70221073,On Time,1358.19,Wallet,7081,2023-08
1286123100,45659330,On Time,1243.74,UPI,19279,2023-12
4832392771,10038382,On Time,2524.06,Card,33654,2023-11
4800106448,49970560,On Time,3048.99,Card,38774,2023-12
5500008514,31371112,On Time,3605.53,Cash,48166,2024-05
7879575037,7228206,On Time,3446.01,Cash,85162,2024-01
50845914,54893418,On Time,3226.44,Card,95031,2023-04
9766990467,48358028,Slightly Delayed,186.08,Card,18483,2023-06
4215602937,66499992,On Time,1607.2,Wallet,38381,2023-10
238484255,73869823,On Time,4305.06,Cash,87590,2024-04
3293988248,89986926,Significantly Delayed,1519.45,Wallet,19751,2024-09
5296157775,99231937,On Time,1565.22,Wallet,68713,2024-07
1143489067,21432404,On Time,424.61,UPI,68548,2023-09
8524452029,40986000,Slightly Delayed,4191.3,Cash,65655,2023-11
4256779885,88745052,On Time,1740.54,Cash,71100,2023-06
7744686996,72946405,Significantly Delayed,1798.56,Cash,4886,2023-09
5427462399,41647393,On Time,2098.17,Wallet,87698,2024-06
8596751747,66359719,On Time,2462.18,Card,95854,2024-03
4746468643,15144290,On Time,3206.64,UPI,5235,2023-08
3010047327,5716817,On Time,799.46,Wallet,65599,2023-12
1236959246,94033330,On Time,1310.39,Cash,76379,2024-10
6600422315,79726146,On Time,3415.39,UPI,46137,2023-09
3227252410,83023956,On Time,4307.46,Cash,66386,2024-02
6972292408,19682060,Significantly Delayed,658.16,Cash,46413,2023-11
7562754470,10700664,On Time,317.82,Wallet,46136,2024-02
7361971676,27504517,On Time,532.57,Card,18979,2023-08
8875605037,93867669,On Time,3235.64,Card,16915,2023-09
8508253527,31233120,Slightly Delayed,452.6,UPI,11048,2024-09
6798775600,24845814,Slightly Delayed,3645.18,Cash,81032,2023-10
3624810422,42366724,On Time,864.3,Cash,83193,2024-08
4740213452,84066402,Slightly Delayed,3295.97,Cash,85085,2024-02
3825468344,81337068,On Time,1220.63,UPI,35824,2023-04
902245665,44828791,On Time,2047.24,Cash,25868,2024-08
6874299189,24633671,On Time,4027.29,Card,38460,2023-08
1127125313,91312072,Slightly Delayed,823.75,Card,81996,2023-12
3606548818,85354059,On Time,740.18,Wallet,90473,2023-05
5750044154,11636968,Slightly Delayed,2855.42,UPI,71543,2024-09
3872847781,27727819,On Time,576.22,Wallet,45099,2023-09
5939554684,3875480,On Time,3071.72,Wallet,71726,2023-06
676412814,57291761,On Time,2147.32,UPI,88453,2024-07
4248390724,6390687,Slightly Delayed,877.98,Cash,49698,2023-08
8938687150,97664747,On Time,1313.92,Cash,99357,2023-04
7898867047,899941,Slightly Delayed,5189.5,Wallet,51564,2023-05
2142065357,469006,On Time,2586.92,Cash,1749,2024-01
9024719693,21597477,On Time,140.44,Card,96400,2024-06
8976616698,90346920,On Time,3364.63,UPI,46211,2023-08
8792586840,91566278,On Time,1843.14,UPI,44722,2023-06
5375387413,66768157,On Time,1934.8,Wallet,53977,2023-04
4252164097,72366758,Slightly Delayed,163.55,Card,11104,2023-09
8423273411,5418547,On Time,719.38,UPI,81864,2023-05
2551179741,18791381,Slightly Delayed,2975.13,UPI,50120,2024-04
227511348,11775073,On Time,2388.23,Card,90637,2024-08
4434464045,7591711,On Time,2148.83,Card,84509,2023-09
7041011843,35705377,On Time,1303.83,Card,79645,2024-02
6510283268,67383024,On Time,1452.76,Wallet,59772,2024-06
6853654698,85198177,On Time,2101.23,Card,57378,2023-08
9338996795,2219590,On Time,951.43,Card,85003,2024-01
7346145952,96629258,On Time,264.89,Cash,32434,2024-03
6497069610,52672659,On Time,1416.18,Card,80825,2024-04
1741402363,87200291,On Time,1729.82,UPI,29182,2024-06
4825878367,46717997,On Time,4152.86,Card,96209,2024-10
7019011442,41640262,On Time,3612.65,Cash,15863,2023-06
1674463798,52085702,Slightly Delayed,3497.86,UPI,17663,2024-09
305684588,46876240,Significantly Delayed,4199.86,UPI,70029,2024-08
5967495442,77086074,Slightly Delayed,707.67,Card,7004,2024-07
2571047526,90665975,On Time,651.93,UPI,45704,2023-06
7784811086,53332493,Significantly Delayed,2387.27,UPI,83254,2024-09
7942005230,78614729,Slightly Delayed,281.73,Wallet,44185,2023-03
6653543195,95334407,Slightly Delayed,1617.62,Wallet,68173,2023-09
397928918,71902700,Slightly Delayed,797.99,Card,80520,2024-09
776120140,25128143,Significantly Delayed,430.41,Card,28491,2023-11
8293188779,28991365,On Time,4286.09,UPI,71056,2024-10
178737268,2164524,On Time,726.41,UPI,66743,2023-06
5246598523,90665975,Significantly Delayed,3057.36,Cash,67554,2023-11
1172544737,30188374,Slightly Delayed,1080.33,Cash,27338,2023-11
6419533291,92404798,On Time,2555.75,Wallet,32799,2023-07
882083749,51833636,On Time,1142.73,Cash,42317,2023-06
3185510401,43990799,On Time,749.5,UPI,60744,2024-10
7760767006,93018527,On Time,1014.49,UPI,88497,2023-08
3833878150,644189,Significantly Delayed,3376.0,Cash,27906,2024-06
369899578,44198187,On Time,2313.22,Cash,85235,2023-08
1944466212,70798876,On Time,2523.57,UPI,77615,2024-09
4064447117,6061349,Significantly Delayed,2534.24,Cash,36940,2024-02
1553685597,22822088,Significantly Delayed,2962.71,Card,246,2024-10
3682284811,96009692,On Time,4471.32,UPI,10177,2024-07
291439357,62679120,On Time,2008.62,UPI,8626,2023-04
8285784194,17390673,On Time,1107.52,UPI,72635,2024-09
5058742647,29562254,On Time,1943.59,UPI,25730,2024-09
6917020296,34655710,On Time,705.42,Card,41276,2024-07
6671181961,50968312,On Time,2732.0,Wallet,46269,2023-10
5123439997,89886179,On Time,1789.27,Cash,55720,2024-02
8510183245,3897936,On Time,2914.71,Wallet,94891,2024-10
6081384585,94529626,On Time,4519.77,Cash,96881,2024-03
4423613746,98088303,Slightly Delayed,4916.33,UPI,1185,2023-08
1530472691,82169898,Slightly Delayed,3469.84,UPI,7489,2024-08
7009303199,85519349,Slightly Delayed,3223.07,UPI,72585,2024-02
5386652055,71252391,Slightly Delayed,2799.46,Card,4038,2024-04
4413239746,22915611,Slightly Delayed,811.95,UPI,21923,2023-04
4988875078,65514005,Slightly Delayed,3485.65,UPI,3617,2023-07
1617565217,43518622,On Time,2865.04,UPI,5577,2024-06
392038758,24144240,Slightly Delayed,3639.23,Card,62825,2024-07
1828727552,12455156,On Time,2106.13,Cash,92001,2024-03
7119397338,25850478,On Time,874.78,Cash,39725,2024-10
2611271708,11446157,On Time,1171.77,Card,54792,2024-04
7162509481,1174162,On Time,1157.52,Wallet,20373,2024-10
131913576,48228547,On Time,2136.82,Wallet,27197,2023-10
6627201490,28991365,Slightly Delayed,1393.12,Cash,31046,2023-12
4644950813,81655250,On Time,2392.8,Card,2614,2023-08
9434934993,92027021,Slightly Delayed,698.38,Cash,95990,2024-08
2556317798,29562072,On Time,1675.35,Cash,76160,2023-09
2826150539,24456825,On Time,2121.58,Card,19554,2023-11
4283803308,4543215,On Time,2653.37,UPI,29754,2023-12
6873424093,35705377,On Time,2891.16,UPI,61533,2024-02
4741294126,66354642,On Time,2218.23,Cash,84476,2024-09
4967241271,45708879,On Time,641.98,Wallet,73253,2023-05
9554079946,69516494,On Time,3528.74,Wallet,90188,2023-12
4601205399,97111069,On Time,3250.65,Wallet,36629,2023-07
5633967304,72605638,Slightly Delayed,2009.59,Cash,93942,2024-01
4168163237,47503133,Slightly Delayed,1178.88,Wallet,32090,2023-07
5924297360,59197894,Slightly Delayed,723.44,Wallet,50579,2024-09
2120299901,28499191,On Time,1204.42,Card,35726,2024-06
1070876534,59329145,On Time,4573.95,Cash,14388,2024-02
7032280048,18567760,On Time,1403.74,UPI,41473,2023-09
156346853,57331847,Slightly Delayed,1506.38,Card,16610,2023-03
6873267326,45546750,Slightly Delayed,2229.88,Cash,63685,2024-02
1370661468,64795608,On Time,957.45,Wallet,83004,2023-09
3612128358,8513589,On Time,1654.11,UPI,63526,2024-04
1736953222,86704661,Slightly Delayed,3889.08,Wallet,46700,2024-02
9107923488,85354059,On Time,2768.96,Wallet,22157,2023-11
4378877600,46989310,Slightly Delayed,1365.37,Wallet,31527,2023-11
3232762361,22613559,On Time,2843.52,Wallet,89153,2023-07
1831641377,76971644,Slightly Delayed,3402.24,Cash,48691,2024-03
562428866,57833505,Slightly Delayed,896.97,Card,47688,2023-04
4607715908,59095971,Slightly Delayed,4650.66,UPI,22498,2024-08
4804575203,53974737,Significantly Delayed,1762.54,Wallet,32008,2023-05
8287234948,47939657,On Time,1856.75,UPI,4824,2024-10
6074452586,78806824,On Time,81.35,Cash,11946,2023-09
6821790656,66710182,On Time,2094.62,Wallet,64612,2024-08
7821942520,84468124,On Time,2732.91,Wallet,11136,2024-02
3012496270,27604184,On Time,2270.44,UPI,96443,2023-04
8980370750,76971644,On Time,901.58,Card,29273,2023-09
6535672015,4758426,On Time,2685.35,UPI,91217,2023-05
6999060704,15534747,Slightly Delayed,672.73,Wallet,29169,2023-04
9403732731,73393269,On Time,2995.55,Cash,97526,2024-05
5649255352,84119685,On Time,3938.48,Cash,42987,2024-10
5034409841,46629917,Significantly Delayed,2746.95,Wallet,71481,2023-08
9072111617,49985597,On Time,2799.39,UPI,7933,2024-09
9556880451,48778633,On Time,4818.86,Card,26471,2023-10
4602796463,22047134,On Time,2500.69,UPI,15486,2024-09
6061353924,49241309,On Time,1424.69,Wallet,5451,2024-03
4366519080,63339001,On Time,2771.3,Cash,71938,2023-05
1324817141,71694275,On Time,5053.37,Card,88990,2023-08
5419080144,55404382,On Time,2197.72,Cash,87381,2024-11
8813470284,57537308,On Time,1665.1,Card,39091,2024-01
3182992799,81906973,Slightly Delayed,4329.87,Cash,26718,2023-10
7792996715,22081691,On Time,949.2,Card,57039,2024-01
6962624734,88866835,On Time,3579.41,Wallet,32296,2023-04
5948662456,35988028,On Time,4187.66,Card,39614,2023-06
3395675979,88202341,On Time,2930.34,Cash,8303,2023-06
7550368787,51592174,Slightly Delayed,5268.01,Cash,25992,2023-12
8357671697,97388817,On Time,39.65,Wallet,16324,2024-04
9600704922,90372221,On Time,2378.52,Cash,40938,2023-11
9915229426,12832151,On Time,37.8,Cash,7428,2024-02
9927474026,94137242,Slightly Delayed,530.85,Cash,85439,2023-03
6310535397,21461764,On Time,5015.88,Card,8620,2023-05
8045941430,67829645,On Time,2667.64,Wallet,43620,2023-05
4390394582,49795571,On Time,1170.39,Cash,97518,2024-11
5062545226,84275450,On Time,2945.03,Wallet,54305,2023-11
2836701831,62323608,On Time,354.52,Card,84057,2024-06
4115492281,32540616,On Time,4248.74,Wallet,99505,2024-01
3554645781,26227445,Slightly Delayed,2108.47,Card,64263,2024-04
3983605701,19067680,Slightly Delayed,3627.25,Card,58335,2024-01
8581516385,8241122,On Time,681.54,Card,29947,2023-12
8290229112,88923048,On Time,517.77,Wallet,29611,2024-03
1195560119,83039559,On Time,552.2,Cash,6698,2023-04
5077327994,243838,On Time,2694.01,Card,93285,2023-08
2945185661,81102955,On Time,374.68,Card,6710,2023-07
3951005873,52085702,On Time,832.06,Wallet,73170,2024-10
3490816523,25128143,Slightly Delayed,4284.99,Card,16914,2024-01
6739114301,51544662,On Time,671.55,UPI,10714,2023-03
5728818155,31000129,Slightly Delayed,2215.55,Cash,40143,2023-11
7713651693,8351747,On Time,422.87,Wallet,17257,2023-08
5452048621,22483684,Slightly Delayed,947.95,Wallet,51769,2024-10
2297027645,36578947,On Time,2036.46,Card,67885,2024-04
2438302298,77862447,Slightly Delayed,1175.49,Cash,96633,2023-04
578811216,75739462,Significantly Delayed,1980.99,Wallet,5169,2024-06
8684710720,74172010,On Time,1644.14,Cash,45070,2023-09
1249797614,54797119,On Time,2735.5,Card,18282,2024-06
8013026217,52337289,On Time,2368.0,Cash,53586,2023-03
5421697986,95971469,On Time,3487.72,Wallet,87496,2023-05
8922741261,22133362,On Time,2993.51,Cash,48378,2024-08
3441102335,12077371,On Time,1197.76,Wallet,47299,2023-11
6065607924,91868185,On Time,965.88,UPI,13007,2024-05
5153395650,94033330,On Time,1099.91,Card,19704,2023-03
2215235447,88215615,On Time,163.03,Card,26672,2024-09
5678676134,76917159,On Time,1292.08,Card,90181,2024-09
5045588926,67092149,On Time,2558.43,UPI,32917,2023-07
1677502866,24644542,On Time,83.18,UPI,1304,2024-01
4777610024,81808190,Slightly Delayed,1801.32,Cash,34722,2024-05
477350788,3638834,On Time,941.19,UPI,87,2023-10
4616699342,11446157,On Time,277.2,Card,34959,2023-04
8849914077,32527479,On Time,3890.81,Wallet,91680,2024-01
9183435457,25722990,On Time,2131.39,Card,11473,2024-10
6922646336,92416428,On Time,3777.74,Cash,26070,2023-06
3228806806,70543108,Significantly Delayed,1475.75,Wallet,4696,2023-06
4893095476,21409946,Slightly Delayed,2376.4,Card,71356,2024-10
7773468233,22210238,On Time,2685.53,Wallet,3584,2023-10
5928657526,22076522,On Time,2020.58,Card,91083,2023-10
4435936422,47206881,On Time,1250.93,Wallet,84583,2023-12
6031122324,28603182,On Time,3472.94,UPI,85429,2024-06
7286969496,75913572,On Time,2193.54,Card,22044,2023-06
4665508413,77035814,On Time,2902.2,Cash,31212,2023-11
9224598372,50015282,On Time,3973.73,UPI,432,2024-03
842020543,99231937,On Time,1387.32,UPI,13649,2024-08
7237143327,96253172,On Time,1430.36,UPI,40577,2023-06
5095141954,1469696,On Time,3229.91,Card,66856,2023-08
6229535077,77869660,On Time,2219.96,Cash,58180,2024-04
2984879441,16379942,On Time,736.92,Cash,87895,2024-04
785895477,11389698,Significantly Delayed,397.68,Wallet,94534,2023-03
6220343481,79895967,On Time,3373.51,UPI,80069,2023-06
5897343054,52815265,Significantly Delayed,171.2,Card,2375,2023-03
60465,15808945,On Time,589.47,UPI,58998,2024-10
2245476104,8628482,On Time,3898.9,Wallet,18768,2023-06
6347292505,83597876,Slightly Delayed,951.43,Cash,14479,2024-06
8321900643,1655637,On Time,3517.14,Card,83965,2023-10
9639033064,20314691,On Time,3291.28,Card,69379,2024-08
2748368258,92404798,On Time,870.29,Card,83680,2023-08
1444371693,9274874,On Time,869.55,Card,20972,2023-05
7111342746,35459748,On Time,2441.75,Card,24182,2024-10
9457576236,80800079,Slightly Delayed,826.21,UPI,62085,2023-11
4167252733,70589930,On Time,878.07,Cash,29916,2023-11
4304875010,89995124,On Time,1994.43,UPI,31244,2024-01
4870910859,88532418,On Time,1609.67,Card,55357,2023-07
3674118222,32868927,Slightly Delayed,634.28,UPI,34829,2024-07
38408517,39674723,Significantly Delayed,88.43,Cash,84919,2023-11
3081609596,7076456,On Time,3555.24,Card,77266,2023-04
1390229631,67952740,Slightly Delayed,959.01,UPI,93232,2023-08
7498092418,50968312,Slightly Delayed,918.36,Cash,54791,2023-10
3334055527,79298972,On Time,1874.14,Cash,63631,2023-04
8729426842,37904682,On Time,2010.82,Wallet,75375,2023-06
1722808791,51014003,On Time,4509.16,Cash,24901,2023-05
9775070757,55042740,Slightly Delayed,1717.21,UPI,13251,2024-03
4737779056,43980719,On Time,785.67,Wallet,18157,2024-08
2047483376,11493380,On Time,4363.62,Card,55201,2023-10
4758632331,34853377,Significantly Delayed,329.79,UPI,87979,2023-09
4741574337,40841791,On Time,3284.15,Cash,8790,2024-02
5805120939,12277039,Slightly Delayed,3209.77,Wallet,42843,2024-07
7550508,93127511,On Time,1067.68,Card,38073,2023-10
1966056265,63802820,On Time,3447.86,Card,1498,2024-08
6363072906,29095552,On Time,1191.83,Card,44781,2024-07
7389054351,25585013,On Time,3840.78,Cash,81899,2023-12
7146572423,80954112,On Time,3748.84,UPI,63798,2023-06
4590810848,20298398,On Time,2867.36,Cash,58417,2023-05
9226364404,29858395,Significantly Delayed,2455.82,Wallet,69366,2023-11
6687792641,93924203,On Time,1545.05,Wallet,85941,2024-05
5183577434,2134827,On Time,805.28,Card,48713,2024-01
7440785414,72132838,On Time,4073.91,UPI,14917,2023-11
7932057095,73363613,On Time,1009.42,UPI,5226,2023-09
6126906924,33675108,On Time,505.31,Card,2241,2023-12
8997788831,72495274,On Time,2656.18,Card,69051,2023-03
3480516243,23567263,On Time,2854.52,UPI,7250,2024-08
1234692850,76971644,On Time,310.69,UPI,33571,2024-03
4954911880,82359623,On Time,2079.76,Wallet,79410,2023-04
504060154,55060796,Significantly Delayed,1828.77,Card,95455,2023-07
8723752267,13494314,On Time,3290.63,Card,61593,2024-07
5724116944,93938425,Slightly Delayed,3853.5,Cash,93687,2024-06
8161349145,19080489,Slightly Delayed,3929.07,Cash,34205,2024-03
2985254380,73377004,On Time,2389.3,Cash,9722,2023-11
9837170359,42723554,On Time,1785.4,Card,62865,2023-04
3915323515,32987624,On Time,3105.35,Card,4185,2024-09
8829163586,11387110,On Time,2922.5,Card,39532,2024-01
961526405,63083547,On Time,1022.7,Cash,5497,2024-10
5792721465,49617892,On Time,4645.02,Card,59382,2024-10
8094117960,95018817,Slightly Delayed,1473.88,Cash,7809,2023-04
9318325652,89986926,On Time,1967.45,UPI,78258,2024-04
852676412,65570302,Slightly Delayed,3996.42,Wallet,76980,2024-08
6487883093,37309023,On Time,423.56,Card,54257,2024-10
5398965602,99412119,Slightly Delayed,2721.96,Card,42648,2024-06
6149664144,52678787,Significantly Delayed,3045.23,Card,53283,2024-10
6231586256,12755730,On Time,1467.19,UPI,10306,2023-05
4598622116,85518832,Significantly Delayed,2982.31,Cash,61134,2024-03
8971796779,21786873,On Time,1673.85,Wallet,9562,2024-07
2148246883,93563435,On Time,2742.01,Card,64363,2023-09
4357632507,6150721,On Time,923.84,Cash,7296,2024-09
3323576462,20163931,On Time,2160.52,UPI,62311,2023-12
4220834107,74682740,On Time,422.14,UPI,39345,2023-09
4409513224,12814732,Slightly Delayed,947.24,Card,42130,2024-10
5610159677,90184276,On Time,1883.53,Wallet,19987,2023-08
6259219127,21577948,On Time,2162.88,Card,17129,2023-05
5628497118,50229203,Slightly Delayed,2543.92,Card,87309,2024-10
1508576390,81541985,Significantly Delayed,1407.4,UPI,46857,2023-07
5922953060,96628029,On Time,1867.74,Card,71666,2024-09
5130838561,10524732,On Time,319.8,Wallet,26109,2023-07
3217749279,40643232,On Time,995.64,Cash,21471,2023-09
9279422297,15043066,On Time,2129.39,Card,29442,2023-04
222955546,51661209,Significantly Delayed,123.3,Wallet,69541,2023-09
8290493339,69340015,On Time,316.02,Card,23578,2024-01
6418952352,34381941,On Time,2310.95,Card,27372,2023-08
8978231928,73799927,Slightly Delayed,1938.5,Wallet,5320,2024-10
3746306403,47625855,On Time,2987.17,Wallet,24591,2023-07
3157198428,61753272,On Time,635.77,Cash,42198,2024-10
981939883,51119088,Slightly Delayed,3449.49,Cash,60237,2023-05
6569836274,5228136,Slightly Delayed,939.55,Cash,18594,2024-06
5695124358,90144978,On Time,1927.44,Cash,12767,2024-05
773335066,26935187,On Time,2980.84,Card,91032,2023-07
3618712852,27049432,On Time,3254.15,Wallet,68636,2023-10
6009732867,6982488,On Time,2793.26,Cash,91790,2024-08
7269785858,47939657,On Time,2799.31,Cash,6677,2024-08
5798831066,42102289,On Time,1395.01,UPI,15811,2024-04
5330654120,90299101,On Time,2238.94,Wallet,21693,2024-11
462189338,34755436,On Time,3958.23,Card,90802,2023-09
7536187765,19091057,On Time,4205.85,Cash,37981,2024-04
9938820107,27304727,On Time,3090.23,Cash,22973,2023-11
9410751894,44859592,On Time,755.91,Cash,38915,2024-07
9172888683,71956734,On Time,308.31,UPI,86299,2024-06
8018695018,68419593,Slightly Delayed,651.93,UPI,75374,2023-05
7456610316,74231111,On Time,4217.75,Wallet,78607,2024-07
5627902734,69415494,On Time,3265.08,UPI,78934,2023-03
5189768940,50045027,On Time,530.85,Cash,38893,2023-10
173709007,43034188,Significantly Delayed,2685.03,UPI,80576,2023-10
1485229334,17132416,On Time,2966.09,Card,24486,2023-07
9334479603,49147776,On Time,2248.31,Card,10385,2023-04
8674211510,10562528,On Time,1028.49,Wallet,59298,2023-09
390257855,5228136,On Time,2763.17,UPI,10059,2023-04
6642374542,32019725,On Time,4537.51,Cash,33880,2024-08
6585999443,93730857,On Time,354.52,UPI,41264,2023-06
622705569,93723634,On Time,990.34,Card,50356,2024-07
1635083835,79135318,Slightly Delayed,2104.24,Card,52328,2023-09
7359512417,96511007,Slightly Delayed,1010.15,Card,99158,2024-08
9237698013,79895967,On Time,2101.0,UPI,97783,2024-08
3492935177,3660263,On Time,899.58,Wallet,92168,2024-03
4324086468,68486301,On Time,3675.75,Card,98362,2024-02
9171218505,89968482,Significantly Delayed,4727.19,Cash,20611,2024-05
5068157547,46741896,On Time,3073.17,UPI,88481,2023-10
8558710948,70459847,On Time,3199.48,Wallet,77005,2024-06
3184669775,71643758,Significantly Delayed,4406.88,Cash,19867,2024-05
7079324691,38902193,On Time,1955.04,UPI,462,2023-04
4210311922,56195475,On Time,340.36,UPI,10778,2023-05
7660037070,82585664,On Time,2558.05,Wallet,70814,2024-02
9410025634,59643062,On Time,3566.13,Card,88594,2024-01
6798589010,18035010,Slightly Delayed,935.2,UPI,91875,2023-09
5401466202,12305040,Slightly Delayed,4220.5,Card,7713,2024-09
9102648124,81533356,Slightly Delayed,2393.42,UPI,87083,2024-01
1969956670,32203588,Slightly Delayed,730.66,Wallet,72157,2024-10
1194228460,61516967,On Time,4057.11,Card,35853,2024-03
9628463148,12814732,On Time,4238.73,UPI,5444,2024-08
7745364283,25585013,On Time,722.02,Wallet,23255,2023-06
9892343037,55472026,Significantly Delayed,879.67,Cash,19236,2024-07
1588828749,11540364,On Time,3402.86,UPI,54662,2023-11
4037647778,63802820,On Time,1697.37,Wallet,651,2023-03
6664301655,57474553,On Time,4469.96,Wallet,67132,2023-07
7096225581,6319646,On Time,2458.6,Wallet,33119,2024-06
79029185,39645619,Slightly Delayed,1039.32,Cash,72146,2024-06
7831967187,81528623,On Time,923.84,Card,34714,2023-06
482214790,31156674,On Time,631.7,Wallet,49560,2023-04
5931307224,2361575,Significantly Delayed,4401.93,Cash,44956,2023-11
6410432854,28995786,Slightly Delayed,831.1,Wallet,44093,2023-11
6124624375,26844216,Slightly Delayed,2750.43,Wallet,53745,2024-09
8992870838,46504355,On Time,2952.73,Cash,81482,2023-09
8377146126,33331259,On Time,3171.87,Wallet,5897,2024-02
7852428533,9246851,Slightly Delayed,895.48,Wallet,50641,2023-06
9258876870,26303194,On Time,1155.09,Wallet,20123,2024-03
6810940082,84953008,On Time,1995.03,Cash,15147,2023-11
3330538479,98246574,On Time,2408.31,Card,52024,2024-01
7270469981,22210238,On Time,4419.3,UPI,60463,2023-07
5636241570,94281220,On Time,482.06,UPI,98065,2024-06
4467471002,74179536,Significantly Delayed,1496.97,Wallet,81664,2023-11
6201821502,45166203,Slightly Delayed,1548.37,UPI,57553,2024-05
6144140039,66233704,On Time,223.27,Cash,6277,2024-03
3310749597,95372766,Slightly Delayed,1718.88,Cash,34920,2023-07
5085488484,67215939,On Time,3736.39,Cash,30364,2023-12
587498345,69863493,Slightly Delayed,3056.03,Cash,93712,2024-06
5136205193,82804543,On Time,1273.97,Card,35041,2023-08
9321319130,48943848,On Time,1466.04,Card,57794,2023-12
9113393578,82359623,On Time,1634.71,Cash,37638,2023-12
3860678807,65488134,Slightly Delayed,1834.92,Card,82696,2023-04
3603683788,31026200,On Time,3085.77,UPI,64456,2023-08
4472082279,41181125,On Time,3887.92,UPI,33852,2023-10
4104732514,35156679,On Time,1358.46,Cash,95165,2024-06
9050314096,75510747,On Time,883.44,Wallet,63220,2023-05
9296105870,77614510,On Time,697.26,Wallet,24307,2024-02
4678456188,21701991,Significantly Delayed,3601.48,Card,70252,2023-12
812386333,72605638,On Time,1207.74,UPI,10021,2024-09
8100314462,15345667,Significantly Delayed,3322.54,Card,60492,2024-02
781509952,41878908,On Time,3133.36,Card,41511,2023-04
1918416669,99695529,On Time,4309.86,UPI,33170,2023-05
1152165724,90448312,Significantly Delayed,1243.42,Wallet,53106,2024-01
9664390656,16420489,On Time,3445.68,UPI,16129,2023-08
2686950796,22081691,Significantly Delayed,3339.57,Cash,7632,2023-05
7332801173,89472859,On Time,2144.77,Cash,81859,2023-06
3503438244,24745800,On Time,3086.21,Wallet,17071,2024-02
4044591373,65782437,On Time,1042.86,Cash,22077,2024-04
7817195618,40703374,On Time,2901.47,Card,69802,2023-05
8974710941,96109948,Slightly Delayed,1827.41,Card,23334,2024-09
2811268404,98691989,Significantly Delayed,2599.65,UPI,8913,2023-07
7251548462,8955057,On Time,1796.47,UPI,29113,2024-07
352037003,47955004,On Time,2839.76,Card,37403,2024-01
8510312737,89361574,On Time,2119.66,Wallet,38863,2024-03
3242700095,84468124,On Time,1838.81,Cash,53498,2024-10
5833898647,18256339,On Time,4095.44,Wallet,15139,2023-10
7212771842,80315623,On Time,4306.01,Cash,7028,2023-04
7799757050,19556566,On Time,3377.8,Cash,15948,2024-05
9593303695,22054087,Slightly Delayed,1291.17,Cash,98145,2023-07
7709693536,59353207,Slightly Delayed,1440.87,Card,187,2023-09
5092922964,92123198,On Time,2986.95,UPI,87013,2023-11
8318806722,67696145,Significantly Delayed,4507.49,UPI,65916,2024-07
4352870279,60620291,Significantly Delayed,2821.85,UPI,13768,2024-07
6722040962,83412446,On Time,2739.45,Card,60055,2023-11
1690831615,20625627,On Time,1465.71,Cash,12676,2023-05
6475689021,16341776,On Time,1036.38,Cash,46744,2023-05
8361280131,28280172,Slightly Delayed,2583.14,Wallet,25910,2024-09
2664549359,90586443,Slightly Delayed,644.8,Wallet,6230,2024-06
9510912773,9274874,On Time,310.69,UPI,79994,2023-05
3654462337,35826539,Slightly Delayed,3741.32,Card,60908,2023-09
2308652017,54877984,On Time,2378.27,Card,90365,2023-08
8300200841,58214883,On Time,1243.72,Card,19811,2024-03
5027243163,85072416,On Time,2522.68,Card,72202,2024-03
713290065,42227189,On Time,3218.36,UPI,69957,2023-11
2006434350,20956158,On Time,988.35,Wallet,5355,2023-06
6587221270,20496835,On Time,1596.47,Wallet,8043,2023-12
969705468,25447967,On Time,1772.45,UPI,86249,2024-01
4492000627,63262519,On Time,962.81,UPI,51632,2023-05
977290328,14428954,Significantly Delayed,4122.35,Cash,80011,2023-12
8735245723,33331259,On Time,114.52,Wallet,81631,2023-07
6299539090,80796977,On Time,3665.54,Cash,11906,2024-08
2177211652,15808945,Significantly Delayed,160.07,UPI,51339,2023-06
8972569491,72366758,Significantly Delayed,1678.35,Cash,43612,2023-11
7658414712,54216497,On Time,2373.52,Wallet,65853,2023-09
2069355540,98540377,On Time,1677.93,Cash,46546,2024-07
4084790776,75674671,On Time,2732.87,UPI,74479,2024-09
8716008121,38613642,On Time,4747.65,Card,94222,2023-12
9781965606,8164639,On Time,1216.28,Cash,41676,2023-07
8380133046,40392019,On Time,1587.58,UPI,83971,2024-02
691827543,6637282,On Time,889.75,UPI,32846,2023-04
5750245858,41146001,Slightly Delayed,1009.47,Cash,11457,2023-04
1578150657,32054313,Significantly Delayed,2462.7,Wallet,95773,2024-10
9069556587,41811800,Slightly Delayed,854.66,Card,45086,2024-02
8396347551,36737539,On Time,3956.37,Cash,84471,2023-09
6083487488,11143197,Slightly Delayed,2226.74,Cash,71075,2024-03
3191281184,67538982,On Time,1663.96,Card,6400,2023-07
6397409024,12059049,Slightly Delayed,3874.95,Cash,47831,2024-01
9021529086,12272282,On Time,2280.99,Card,70207,2024-03
8214544415,56780331,On Time,3542.65,Card,93269,2023-12
8569302709,7378768,On Time,309.62,Card,53705,2023-10
2219192870,41155125,Slightly Delayed,883.44,UPI,46891,2024-01
8537081061,57956497,Slightly Delayed,2333.58,Wallet,17933,2023-08
9284683425,30755306,On Time,2256.38,Card,40427,2024-05
9774193601,19523014,Significantly Delayed,5245.35,Card,23828,2023-05
7496826261,21658322,On Time,2371.62,Wallet,70218,2023-11
1058749075,51592174,On Time,1837.92,Cash,94872,2023-08
7128038799,6724509,On Time,2041.18,Card,23163,2024-03
3596318350,59398136,On Time,2579.76,Cash,79071,2024-10
3187042843,8651281,Slightly Delayed,1373.43,UPI,56554,2024-01
4673500573,59620534,On Time,3831.31,Cash,31637,2023-10
881900445,34567918,On Time,215.65,Card,31909,2024-08
9874112459,12799092,On Time,80.25,Cash,1360,2024-09
4531430634,32585389,On Time,4039.16,UPI,18850,2023-05
6715699166,76987910,On Time,1919.23,Cash,10552,2023-08
4171748538,63083547,On Time,601.9,UPI,38252,2023-07
4093115982,10508763,On Time,2022.07,UPI,47309,2023-05
2515279840,21573815,On Time,2843.77,Cash,69394,2023-12
4981424948,79628054,On Time,738.74,UPI,25002,2024-10
1911064507,40055711,On Time,4031.66,UPI,19465,2024-02
6438392384,29562072,On Time,999.78,Card,66077,2024-09
5859840400,5754255,On Time,647.86,UPI,47423,2023-10
7640576778,83236183,Slightly Delayed,5011.05,Card,28726,2024-02
5453475937,1719710,On Time,3217.91,Cash,96220,2023-09
653610300,78394303,On Time,1829.29,Wallet,31516,2023-04
730299055,16400639,On Time,2760.39,Wallet,66096,2024-10
8396250231,46088132,Significantly Delayed,242.57,Wallet,13826,2024-02
8556969682,48228547,On Time,2606.53,UPI,17465,2023-05
7159670875,37691544,Significantly Delayed,1405.86,Card,18099,2024-06
4922278509,76533277,On Time,2552.45,Wallet,29558,2023-05
8151274002,91550885,On Time,2737.59,Cash,38275,2024-06
5373978100,82179338,On Time,2675.69,Wallet,79638,2024-01
6210207010,1601161,On Time,1553.52,UPI,90871,2023-06
1837403174,84993732,On Time,849.48,Card,10176,2023-05
1148265823,21809858,On Time,1198.97,UPI,31213,2024-10
8472487149,74761384,Significantly Delayed,1484.96,Cash,43294,2024-02
9111535172,9274874,On Time,354.52,Wallet,19224,2024-05
6558001978,88520326,On Time,1177.64,Cash,39255,2024-02
2762095386,84066402,On Time,786.85,UPI,69303,2024-08
2406325099,31718565,Significantly Delayed,1623.98,Card,27946,2023-11
4274182127,22020776,On Time,4992.15,Wallet,56552,2024-09
7271609994,11616535,On Time,3007.32,UPI,21302,2023-04
9182539734,66359719,On Time,1557.06,Cash,19556,2023-07
7891517071,78412820,Significantly Delayed,2474.5,Cash,47196,2024-01
3666182849,63793401,On Time,856.05,UPI,43230,2024-11
8724590445,10729474,On Time,1934.86,UPI,47010,2023-06
7919863938,4378755,On Time,1024.37,Card,68044,2024-08
3545539999,49449238,Slightly Delayed,3469.35,Cash,56431,2024-01
7463392603,46684081,Significantly Delayed,1131.6,UPI,18713,2024-02
7296733293,86715467,Significantly Delayed,3845.82,Card,66098,2024-02
7118924734,66310963,On Time,3580.46,Card,23488,2023-10
2529809156,71905368,Significantly Delayed,2728.49,UPI,71519,2024-05
2216699744,5540556,On Time,939.55,Wallet,75428,2024-06
8257221712,5277675,Significantly Delayed,140.8,Cash,19186,2023-10
1357352531,9246851,On Time,4202.96,Card,35782,2023-06
2108138590,67918495,Significantly Delayed,1181.36,UPI,67215,2023-11
5648212121,37633848,On Time,3820.42,Wallet,90177,2023-12
3951878528,28458746,Significantly Delayed,372.99,Card,28174,2023-12
8310385249,97315135,On Time,1439.56,Cash,6118,2023-07
7513562596,88130777,On Time,909.62,Cash,10923,2024-07
6304586678,38496400,On Time,1823.12,UPI,36388,2023-09
5222812863,65294340,On Time,1608.38,UPI,17086,2024-04
5393039591,40419593,On Time,225.21,UPI,31204,2024-10
6708586922,91072336,Significantly Delayed,1435.7,UPI,86114,2024-05
3177552965,99231937,On Time,3176.5,Wallet,8594,2024-05
607125614,55425478,Slightly Delayed,3303.42,Cash,55507,2024-05
139417019,75566105,On Time,561.59,UPI,22566,2023-07
1893231742,51661209,On Time,4078.0,Cash,69619,2024-10
3580010065,95590889,On Time,3658.91,UPI,80806,2023-05
962319394,44723662,Slightly Delayed,1246.94,Cash,94025,2023-08
8321726382,82918668,On Time,1787.9,UPI,199,2023-04
1485682761,70363568,On Time,217.5,Card,94732,2023-10
5008756947,73661993,On Time,504.2,UPI,86785,2023-08
1334996274,11493380,On Time,1261.7,Wallet,35323,2023-07
2914506024,31940833,On Time,2230.61,UPI,94705,2024-02
8811831663,74682740,On Time,1254.05,Wallet,64662,2023-04
875427533,10686446,Slightly Delayed,2505.6,Card,81548,2024-03
5865390748,30042971,On Time,3835.46,UPI,71450,2024-10
4054828941,99893898,Significantly Delayed,2497.98,UPI,43029,2023-12
1257568604,9981089,On Time,1937.41,Cash,44274,2023-09
2738862626,56572297,Slightly Delayed,2563.4,Wallet,46667,2024-01
7352532839,9738801,On Time,2184.8,Card,58851,2024-02
520221662,53025962,On Time,3252.54,Wallet,85866,2023-07
7818925535,45477575,On Time,2912.9,Wallet,27625,2023-11
3476023750,43990799,On Time,3505.44,Wallet,37075,2023-06
8945838922,13415362,On Time,1609.53,Cash,82508,2023-05
2233053313,15830066,On Time,2419.41,Cash,67838,2023-10
1844073851,38808614,On Time,3496.85,Card,76415,2024-02
8348125769,29584848,Slightly Delayed,3498.69,UPI,33620,2023-12
8475818223,12832151,Significantly Delayed,3876.19,Card,37091,2023-11
4270941188,47274329,On Time,1781.72,Wallet,4506,2024-01
2611200126,91448742,On Time,469.82,Wallet,56652,2024-05
8573833987,12988801,On Time,4027.79,UPI,92757,2024-02
2979246068,61763552,Significantly Delayed,2722.28,Wallet,81847,2024-02
6779895105,64535602,On Time,3231.88,Cash,39690,2024-09
1731478314,67215939,Slightly Delayed,4467.79,Card,3611,2024-07
3692405872,41878908,On Time,941.19,Wallet,36429,2023-07
8853713324,58505903,On Time,1163.18,Card,72198,2023-08
979766779,57081917,On Time,2428.41,Card,55258,2024-04
5709672475,16543242,On Time,895.76,UPI,12442,2023-08
3855709201,13651980,Slightly Delayed,1013.9,UPI,78393,2024-04
6861065282,57523973,Slightly Delayed,310.69,UPI,70502,2023-08
7919724613,81200164,Slightly Delayed,2379.82,Cash,4767,2023-03
7882742057,32293017,On Time,612.04,Card,60422,2024-07
1929002406,67538982,On Time,2088.54,Cash,6504,2023-12
2458349464,99714944,On Time,888.12,Wallet,92293,2023-04
6608328221,76020843,On Time,2880.22,Cash,43351,2023-07
7736615348,84161531,On Time,2063.11,Wallet,67076,2023-12
2591738507,14705462,On Time,4675.99,Card,76434,2024-10
6751537971,98444183,On Time,307.23,Card,33447,2024-07
9768154003,88045094,Significantly Delayed,697.53,UPI,14323,2024-01
5887288860,40587811,On Time,3395.38,Cash,90694,2024-03
3559865135,66310963,Slightly Delayed,2680.81,Wallet,90401,2024-01
209044447,2058037,On Time,1039.47,Cash,79837,2024-10
9643668734,34835738,Significantly Delayed,2292.32,Wallet,79734,2024-05
6115465612,12338529,On Time,3025.66,Wallet,57658,2023-09
8493723088,20238921,On Time,2918.27,Cash,98580,2023-12
6392024503,75640174,On Time,4108.93,Wallet,10391,2023-09
9863468109,73363613,On Time,1394.71,UPI,44564,2024-01
5448628635,21658322,On Time,545.35,Wallet,36280,2023-05
3329455953,31371112,On Time,2339.17,Card,8271,2024-03
3584190892,60974181,On Time,160.07,UPI,44526,2023-10
9097056321,16424635,On Time,2739.54,Card,26978,2024-04
525741957,88866835,On Time,3048.43,UPI,28414,2023-05
5387395051,37095171,Slightly Delayed,1188.35,Cash,63460,2024-09
6799246060,6245778,On Time,764.18,Wallet,84316,2023-11
8986314607,11047835,On Time,3422.97,Cash,72548,2024-08
1085912198,93198324,On Time,4058.84,Cash,45229,2023-03
3423328091,18935489,On Time,1013.23,UPI,87845,2023-09
9848366909,34281470,Slightly Delayed,3636.32,Card,73787,2023-11
936021770,79960955,On Time,2272.86,UPI,2107,2024-02
8916215165,49806393,On Time,3939.8,Wallet,3089,2023-08
389558867,8375298,On Time,212.14,Cash,23492,2023-09
7616883530,16410155,On Time,2182.8,Card,75823,2023-09
3851744248,61763552,On Time,3985.16,Wallet,82050,2023-04
4953665655,14428954,Significantly Delayed,1570.97,Cash,95729,2024-01
962864152,24357425,On Time,1662.02,Card,58963,2024-07
923668833,47125914,On Time,1599.98,Card,48623,2023-05
4022122330,33871107,Slightly Delayed,4022.8,UPI,76472,2023-12
4564846800,79764458,Slightly Delayed,2989.97,UPI,41373,2023-08
690652905,75289676,On Time,3539.79,Cash,24116,2024-04
716741661,43052303,On Time,3850.67,UPI,24941,2024-10
6575532281,44149982,Significantly Delayed,1220.66,Wallet,43140,2024-03
7486807731,71189232,Significantly Delayed,4142.77,UPI,58099,2023-12
9721870982,79919160,On Time,1339.43,Cash,12717,2023-11
8105823343,16400639,Significantly Delayed,3202.58,Card,10154,2023-10
7113554979,19180962,On Time,127.16,Card,60033,2023-11
507373134,95269737,Slightly Delayed,4731.51,UPI,79937,2024-10
4674132573,98444183,Significantly Delayed,2350.69,UPI,44189,2024-10
487395969,93924203,On Time,2619.2,Card,10746,2023-12
3962007460,93458307,Significantly Delayed,1119.19,UPI,87494,2024-07
2272882287,25641500,Slightly Delayed,3442.64,Card,92563,2024-07
4426246696,88923048,On Time,1763.53,Wallet,97040,2023-11
1714709914,86067293,On Time,3458.06,UPI,39465,2024-09
3159133564,81541985,On Time,1824.8,Cash,3774,2023-08
4531739740,98088303,On Time,1748.85,Card,2730,2024-06
3158981349,92038780,On Time,524.67,UPI,64734,2023-10
1789010378,81533356,On Time,2506.08,UPI,62408,2023-07
705203916,58929595,Slightly Delayed,2686.57,Wallet,51498,2024-08
7255510932,62526813,On Time,2241.22,UPI,75343,2024-08
1991167685,37309023,On Time,123.74,Card,97004,2024-03
5103721089,5135207,Slightly Delayed,4045.22,UPI,48344,2023-08
9674006557,60561655,On Time,4406.9,Cash,74578,2023-05
1073466441,42465414,Slightly Delayed,632.43,UPI,46168,2023-05
5407006470,95364457,On Time,1748.85,Card,72572,2024-05
747347782,6398761,On Time,3048.42,Card,88192,2023-04
8554063149,5039883,Significantly Delayed,2713.89,Cash,61925,2024-06
4855215470,21573815,On Time,3499.44,Wallet,41692,2024-03
5008998072,26245432,On Time,4861.34,Wallet,68214,2024-01
9696466906,40434527,On Time,2085.85,Wallet,22128,2024-05
7189534591,6291143,On Time,3354.47,Cash,89782,2023-08
9965941354,82286725,Significantly Delayed,625.45,Card,10750,2023-11
1275232752,83304571,On Time,422.23,UPI,80057,2023-08
343479370,5043760,On Time,1820.87,Cash,63936,2024-05
2485933387,21573815,On Time,1489.6,UPI,91595,2024-07
6735843326,52085702,Slightly Delayed,3348.38,UPI,42373,2024-10
6384313098,47295676,Slightly Delayed,3180.96,Card,33058,2023-12
1022032613,59436131,On Time,2830.88,Card,20565,2023-12
8026892264,93341057,On Time,3867.59,Cash,34461,2023-09
7158825499,63571453,On Time,1275.88,Wallet,32726,2024-04
5327013494,89418072,Slightly Delayed,968.65,Wallet,99300,2024-04
1002526452,97475543,On Time,5001.82,Cash,56579,2023-07
4650525854,71694275,Significantly Delayed,209.59,Cash,17326,2024-01
6260291784,75038062,On Time,359.98,Cash,11624,2024-07
1884314278,15534747,On Time,847.01,Card,32462,2023-09
7074219396,36737539,Slightly Delayed,1474.63,UPI,80741,2024-05
807183459,76212152,Slightly Delayed,3111.71,Wallet,23145,2023-09
598539940,76970363,On Time,2753.61,Wallet,71176,2023-07
427702490,71607166,On Time,891.72,Wallet,82652,2024-01
955844536,4597433,On Time,2719.11,UPI,35124,2023-03
5397640599,2684440,On Time,720.95,Card,61581,2024-05
3451246886,36774480,On Time,2937.69,UPI,17814,2024-05
8487733248,12500465,Significantly Delayed,778.9,Wallet,39978,2023-04
2921621434,41194825,On Time,1380.46,UPI,58563,2023-08
4757133884,34655710,On Time,123.74,UPI,38740,2024-08
1793847102,93563435,On Time,1760.2,Cash,63715,2024-09
6197760573,5763963,On Time,1233.03,Card,34868,2023-03
6818660907,38420886,On Time,1228.81,Card,81901,2024-07
7807587130,74174956,On Time,2515.16,Card,4160,2023-12
4540563647,79257353,On Time,582.87,Card,17669,2023-05
2480913332,95912198,Significantly Delayed,3394.38,Cash,86820,2023-10
5735481292,85907588,Significantly Delayed,2015.59,UPI,75148,2024-06
7112326373,46848302,On Time,3624.08,Cash,63548,2023-05
614274161,10240052,On Time,264.89,Cash,22704,2023-09
5512258335,1469696,On Time,242.57,Cash,10688,2024-03
1214757247,46675763,On Time,3474.87,Card,57089,2023-09
4211686231,66354642,On Time,4088.63,Cash,18758,2023-06
5288088590,9314637,On Time,2440.09,Wallet,37879,2023-12
1193525681,60399360,On Time,1845.59,Wallet,91249,2024-09
5132095929,96373206,Slightly Delayed,4864.21,Card,96312,2024-06
7703144556,31328762,Significantly Delayed,5086.05,Cash,67233,2023-12
6786199145,21701991,On Time,965.78,Cash,82010,2024-09
2463627380,24644542,On Time,2378.62,UPI,20216,2024-08
6331115638,99729547,On Time,4180.33,Cash,69994,2023-07
9212312136,6959437,Slightly Delayed,517.03,UPI,33363,2023-12
6788500162,48033969,Slightly Delayed,329.79,Wallet,97174,2024-07
2166421384,85218071,Slightly Delayed,1861.47,Cash,52405,2024-05
2744509800,69276352,On Time,98.32,Cash,21797,2023-08
8806260669,15631726,Significantly Delayed,275.03,UPI,37678,2023-10
7773287963,93563435,On Time,3262.86,Wallet,19710,2023-03
8153845667,30192942,On Time,4095.5,Wallet,62899,2024-08
8345887091,54145987,On Time,2193.68,Wallet,52252,2024-10
6638429050,75739462,On Time,2413.79,Cash,61637,2024-09
4132900691,42262168,Slightly Delayed,2615.9,Card,91813,2024-09
2119346062,18259715,On Time,217.4,Cash,62669,2023-07
689310626,69416782,Slightly Delayed,1868.3,Cash,42464,2024-10
9246993674,21701991,Slightly Delayed,874.28,Card,40297,2023-11
2282234185,94706375,On Time,2600.22,Wallet,5912,2024-07
9697170386,48776805,On Time,2391.01,Wallet,88029,2024-10
6376147802,60495351,Slightly Delayed,197.39,Cash,83140,2024-07
7415158732,30192942,Significantly Delayed,3310.78,Card,7676,2024-01
343300311,37095171,Slightly Delayed,2120.74,Wallet,90807,2024-08
3922539531,10048910,On Time,1858.86,UPI,92783,2024-09
7634516705,2058037,On Time,2803.07,UPI,57257,2023-10
8731122718,50572914,Slightly Delayed,1980.68,Card,86271,2023-04
9471236505,5540556,Significantly Delayed,2872.87,Cash,81145,2024-10
9497014025,79764458,Slightly Delayed,1475.14,Wallet,52244,2024-11
592358946,54952806,On Time,2564.32,Card,90258,2024-08
9680783354,20517871,On Time,4361.99,Cash,42017,2023-04
6109792602,20148223,On Time,2711.74,UPI,97828,2023-09
2734817654,6184558,On Time,3676.83,Wallet,46050,2023-04
6380542008,76917159,On Time,3087.38,UPI,77591,2023-06
4784760589,97111069,On Time,1639.04,Wallet,86412,2024-03
1577703194,25641500,On Time,1072.62,Card,52523,2024-04
6758737749,70363568,On Time,2635.52,UPI,51417,2023-10
4081640450,97557157,On Time,1137.59,UPI,87928,2024-03
9258266990,76512976,On Time,503.05,Wallet,96885,2024-03
2109410707,19741509,On Time,5477.53,Wallet,13085,2024-08
576022547,31681710,On Time,4924.66,Card,66178,2024-04
2106943908,27604184,On Time,1032.4,Cash,33162,2024-01
6541281594,51812283,Slightly Delayed,486.28,Wallet,45396,2023-11
2664220988,92091019,On Time,3117.45,Card,78144,2023-05
493514666,12141418,Slightly Delayed,1421.52,Wallet,5754,2023-11
9658669384,29664214,On Time,764.69,UPI,38162,2023-09
8765283513,21461764,Significantly Delayed,1738.07,Cash,3995,2024-02
6421427812,21948041,On Time,4518.73,UPI,72973,2023-10
4467093205,8025622,On Time,1067.68,UPI,61809,2023-10
7560862152,34755436,On Time,1409.57,UPI,91464,2023-04
8218080678,53538932,Significantly Delayed,4113.75,Cash,47082,2024-05
8196173573,59110513,Significantly Delayed,2030.37,Wallet,50964,2024-07
1174856327,10855630,Slightly Delayed,2279.72,UPI,32165,2024-06
9754365788,17805991,On Time,532.57,Cash,65577,2023-12
8398774908,90448312,On Time,186.08,Wallet,61857,2024-02
626433439,41640262,On Time,4972.56,UPI,35365,2024-02
3097299525,80862136,On Time,530.85,Wallet,3839,2023-10
5367488413,18113428,On Time,3863.99,UPI,40803,2023-12
3700795655,47515046,On Time,704.1,Card,72145,2023-06
3161904185,82374625,On Time,1241.11,Wallet,8553,2024-01
8149944548,16436359,On Time,3094.56,Cash,18686,2024-07
4961830447,3408982,On Time,2369.49,UPI,18510,2024-09
613578154,53974737,Slightly Delayed,3210.52,Cash,76149,2024-08
2582466700,65368179,Slightly Delayed,976.55,Wallet,73868,2024-09
3840910839,77869660,Slightly Delayed,1732.44,Wallet,90827,2023-09
399559401,84456355,Significantly Delayed,3474.58,UPI,54586,2023-11
4037817241,48716374,Slightly Delayed,1385.27,Wallet,21197,2023-12
582598096,75213636,On Time,1296.1,UPI,7481,2023-10
9218060399,80286283,On Time,4320.63,Card,64460,2024-10
6650174202,14255231,On Time,5263.87,UPI,54603,2023-07
2715902884,67711384,On Time,4064.39,UPI,79144,2024-08
7957986242,69761993,On Time,2007.76,Card,27358,2023-12
7148568995,30447453,Significantly Delayed,1296.49,UPI,72059,2023-04
670358911,20834589,On Time,4368.88,Card,46172,2023-12
6098277214,46876240,On Time,3510.24,Wallet,79553,2023-03
4621664126,5386246,Slightly Delayed,2834.89,Wallet,26442,2024-07
6336460663,95018817,Slightly Delayed,2094.1,UPI,67600,2023-08
909027635,77214094,Significantly Delayed,2667.33,Cash,26723,2023-06
2854202683,23081177,Slightly Delayed,5105.99,Card,32711,2023-10
7936387697,36998375,On Time,3584.24,Card,66425,2023-03
8337736091,66768157,On Time,3301.22,Cash,43777,2024-04
4404350734,57892837,Significantly Delayed,1946.25,Card,84786,2024-01
6565246127,12455156,On Time,821.95,UPI,95850,2024-05
3494650073,49806393,On Time,959.08,Card,39392,2024-03
1920923798,71189232,On Time,887.48,UPI,52231,2024-05
5069524975,90246977,On Time,517.77,Cash,36149,2024-07
3873368520,53392567,On Time,3741.7,UPI,38324,2023-10
3111414152,56195475,On Time,2560.91,Card,60058,2024-08
7104489974,47618810,On Time,3690.39,Cash,69094,2023-06
3211566084,45383958,On Time,1460.67,Card,63791,2024-02
2416717644,11493300,Slightly Delayed,4066.1,Wallet,50707,2023-09
4535670244,22210238,On Time,2266.44,Wallet,93707,2024-05
7309958460,3282647,Slightly Delayed,418.48,Wallet,96501,2024-01
9996182478,39976965,On Time,340.36,UPI,48495,2023-04
2231942521,15931134,Significantly Delayed,2575.76,Wallet,62672,2023-12
554028972,3421258,On Time,1183.85,Wallet,2944,2023-09
8756001290,85340038,On Time,2600.2,UPI,69588,2023-05
8047899303,11254582,On Time,1028.26,UPI,48899,2023-09
9720683332,87641623,On Time,1692.04,Card,95640,2024-06
218670241,70220141,Significantly Delayed,497.09,UPI,92976,2023-06
1382880255,94078407,On Time,2410.88,Card,88383,2024-08
332975964,99824171,Significantly Delayed,2545.55,Cash,69991,2023-09
2638683222,2457734,On Time,887.48,Card,3648,2024-10
9150146711,54923640,On Time,2357.91,Wallet,30271,2024-04
1553626879,6579892,On Time,4260.55,UPI,72392,2024-10
9271384187,67749649,On Time,3778.41,Card,70464,2023-11
1409544327,86444757,On Time,1892.02,Wallet,69320,2024-07
637100019,62868582,On Time,2537.11,Wallet,76292,2023-10
186083059,67829645,On Time,1855.64,Wallet,1807,2024-07
1804073530,10048910,On Time,2824.36,UPI,59672,2024-06
5291430311,75081265,Significantly Delayed,1993.93,Cash,95600,2023-10
6947225582,89051578,On Time,475.04,Cash,86451,2024-04
5710643134,38420886,Significantly Delayed,634.18,Card,8691,2023-04
8329733630,46717997,Slightly Delayed,1816.98,Cash,11186,2024-03
6772651293,27049432,On Time,1303.9,UPI,56773,2023-12
581212790,21461764,Slightly Delayed,3835.87,Wallet,48586,2024-06
4766571706,71176678,Slightly Delayed,397.68,Card,97889,2023-05
9961298199,37926207,On Time,2762.95,Wallet,21653,2023-11
8102675591,51119088,Slightly Delayed,609.82,UPI,88871,2024-02
604050223,29689766,On Time,918.58,Card,19260,2024-04
782327552,45586151,On Time,2751.67,Cash,96347,2023-07
6156638188,70589930,Slightly Delayed,2569.47,Card,69037,2023-03
6475299855,5238055,On Time,3096.82,Cash,18820,2023-10
689110145,84161531,Significantly Delayed,1235.24,UPI,22197,2023-05
2785467351,59009727,Slightly Delayed,2848.42,Wallet,17432,2024-05
7188270379,86487478,Slightly Delayed,5245.33,UPI,55032,2024-04
9209192342,42227189,Slightly Delayed,679.28,UPI,23219,2024-03
3193016310,58115779,Significantly Delayed,803.12,Cash,11489,2023-12
9743228131,34839913,On Time,4156.96,UPI,82266,2024-07
4417542973,84937877,On Time,2434.22,Card,38726,2024-08
3065857200,82359623,On Time,4340.64,Cash,21536,2024-06
6994732191,35278126,Slightly Delayed,4027.04,Card,25109,2023-07
7663189769,85006599,Significantly Delayed,368.54,Card,50493,2023-08
5012619147,66130660,Significantly Delayed,1861.22,Card,9915,2023-05
7456088789,36737539,On Time,3073.92,Wallet,72015,2023-04
3270559373,13604883,Slightly Delayed,2266.96,Cash,81866,2023-03
4703798183,21597477,Slightly Delayed,3135.96,Cash,75874,2023-12
3968840556,93723634,On Time,3002.12,UPI,31983,2024-09
2331647373,84848018,On Time,1263.26,Cash,34574,2023-08
6683347454,34697768,Slightly Delayed,3293.03,Wallet,86987,2023-05
5710259220,17287733,On Time,3128.46,Wallet,87697,2023-04
9871546057,39418109,On Time,976.19,UPI,951,2024-05
5459704311,47295676,On Time,1092.66,UPI,54075,2023-12
3426702134,50229203,Slightly Delayed,217.4,Card,4336,2024-08
7671357353,16420489,On Time,1968.97,Wallet,73213,2024-02
9656230693,40305293,Slightly Delayed,936.98,Cash,63639,2023-04
3315369956,9105829,Slightly Delayed,3947.39,Card,34924,2023-04
1762287720,94404245,On Time,1498.34,Card,15003,2024-08
4816206081,36142455,On Time,1239.96,Card,12801,2023-05
2808133351,11071601,On Time,2922.68,Cash,70241,2023-12
3444569396,57967753,On Time,2526.45,UPI,74223,2024-09
9704671447,25977417,On Time,3530.03,Cash,83778,2023-12
6454001692,2136830,Slightly Delayed,4369.13,UPI,28635,2023-09
2624508626,63262519,On Time,326.56,Wallet,32652,2024-02
932273820,17287733,On Time,1912.65,Cash,48216,2024-05
7908614088,12622901,Slightly Delayed,6721.46,Card,80984,2023-05
9730765358,82708090,On Time,1354.27,UPI,93026,2023-08
4748284156,38969732,On Time,3484.22,Card,77950,2023-09
1829286278,45052594,On Time,2529.56,Card,39836,2023-09
3180415318,22076522,Significantly Delayed,1790.18,Card,34284,2024-07
1008158736,62971413,Slightly Delayed,814.33,Card,26508,2024-06
5092816701,89531595,Significantly Delayed,2717.67,Cash,43823,2024-06
4339850858,16230299,Significantly Delayed,626.19,UPI,53728,2023-10
1564040362,93924203,On Time,4091.56,UPI,80698,2023-08
4856827800,43784632,On Time,1785.77,Card,4610,2024-08
2465711187,48511124,On Time,2295.91,Wallet,94564,2023-03
7741314063,32054313,On Time,2559.45,UPI,35348,2024-09
6973696848,21779155,Slightly Delayed,2455.38,UPI,32179,2023-04
443178123,56248757,Slightly Delayed,464.47,UPI,38965,2024-08
2155491764,77869660,On Time,1496.14,Card,72093,2024-08
282887897,97492493,On Time,3330.24,Wallet,79472,2023-09
1014190951,70798876,On Time,1856.87,Cash,80162,2023-04
4632027192,64162093,On Time,2036.3,Cash,6632,2024-07
9196809062,58979427,Slightly Delayed,3159.25,Cash,2987,2024-05
3802671506,55028958,On Time,4557.7,Wallet,38523,2023-07
931138604,38133873,On Time,1521.46,UPI,69770,2023-08
6507222211,46623192,Slightly Delayed,3387.81,Wallet,20296,2024-01
9091185978,4606533,On Time,938.72,Wallet,28584,2023-07
6314310505,42272393,On Time,785.67,Wallet,98855,2024-02
2711467206,21658322,On Time,2764.55,Cash,63249,2023-04
1359318731,72675976,On Time,831.43,Wallet,34201,2024-08
4521042050,99734256,On Time,2669.97,Wallet,40126,2024-04
1317016672,87256913,On Time,3869.92,Wallet,11412,2024-09
7624598493,69516494,Slightly Delayed,2629.91,Wallet,36089,2024-04
1753431230,9048817,On Time,3944.12,Wallet,42674,2024-03
8650539199,41640262,Slightly Delayed,1272.55,Card,73657,2023-12
3276478503,10048910,On Time,2477.66,Cash,41400,2024-04
5080943123,2164524,Significantly Delayed,1496.54,Wallet,27168,2023-09
6158083683,78158536,On Time,3096.42,Cash,76731,2024-03
9228072842,93370787,On Time,959.14,UPI,20581,2023-07
4028432722,77397957,On Time,1937.88,Card,66007,2024-05
3679730192,83404008,On Time,2775.88,Cash,55300,2023-07
71793937,13189939,On Time,2269.58,Cash,63892,2024-04
47467466,55693909,On Time,102.44,Wallet,60202,2023-09
4538136436,18170800,On Time,2282.55,Card,80929,2023-05
8750169461,96989204,On Time,4677.25,UPI,88001,2024-09
9371021811,76850859,On Time,1217.12,Card,82734,2024-10
679274212,91243571,On Time,1922.55,Card,12916,2024-10
6601671674,49136375,Slightly Delayed,2353.53,Cash,5103,2023-07
2708441500,23286884,On Time,2396.22,Card,11379,2024-01
9548480220,82594354,On Time,3568.09,Wallet,11612,2023-09
5440864021,44409533,On Time,1988.09,Card,56201,2023-09
5705224767,3897936,On Time,2322.96,Card,50670,2023-06
9945458771,8733344,Slightly Delayed,910.44,Cash,10844,2024-08
336832815,10769994,Slightly Delayed,935.81,UPI,23603,2023-12
9543126726,24308515,Slightly Delayed,2520.83,Cash,42216,2024-05
5134666123,38613642,On Time,887.15,UPI,72594,2024-05
5663657880,69632084,Significantly Delayed,2630.49,UPI,79020,2024-05
5352647396,49756591,On Time,1833.25,Cash,6854,2023-10
7995172779,40703374,Slightly Delayed,438.47,Cash,62870,2023-06
605779703,8881320,On Time,1354.81,UPI,68537,2024-03
685688121,60371334,Significantly Delayed,2302.74,Wallet,32044,2023-10
5966726971,57833505,On Time,2597.42,Wallet,51902,2023-09
6763510083,4055790,On Time,3215.35,Cash,95417,2023-06
6735813139,90448312,On Time,951.27,Cash,58945,2023-04
8361205778,47274329,On Time,2288.64,Wallet,55780,2023-06
3640952655,50105174,Slightly Delayed,1325.12,Cash,15926,2023-06
6395279829,34588087,On Time,3312.98,Cash,18102,2023-10
339410846,61618079,On Time,967.74,Card,93237,2023-05
8924056486,74172010,Significantly Delayed,2577.32,UPI,20522,2024-04
6616322616,61763552,On Time,1998.9,Wallet,53617,2023-12
4178578583,69340015,On Time,858.84,UPI,76083,2024-09
7558107764,50968312,On Time,3414.46,Cash,2704,2024-03
7894708851,78678612,On Time,481.63,Wallet,97823,2024-04
1916638346,20163931,Slightly Delayed,223.49,Cash,35010,2023-06
4973943462,68341636,Significantly Delayed,1903.83,Card,40489,2024-10
6567129123,66135710,On Time,3012.34,Cash,43806,2023-09
8702642032,23676689,On Time,1137.72,Card,48604,2023-08
7857954356,76864442,On Time,2866.57,Wallet,79173,2024-01
5376218500,24644542,Slightly Delayed,888.16,Card,38067,2023-11
3452449295,71252391,On Time,1395.83,UPI,48310,2023-10
1694826296,12277039,On Time,2463.99,Card,15133,2023-05
9449954611,97111119,Slightly Delayed,50.12,Cash,64018,2023-08
7722059222,63630649,Slightly Delayed,4544.95,Cash,59534,2023-11
2871448124,81091233,On Time,1538.55,Cash,59357,2024-05
4158839033,38969732,On Time,1618.32,Cash,26464,2024-09
9936118648,54885705,Slightly Delayed,71.84,Wallet,91322,2024-03
6804747901,89619421,On Time,2389.91,Wallet,71158,2024-01
7579444448,53354003,On Time,491.39,Wallet,96702,2024-06
4379043082,88167544,On Time,831.1,Cash,29561,2023-05
4212894712,20310720,On Time,1512.77,Cash,52325,2024-06
7962511808,60371334,On Time,2861.63,UPI,33403,2024-02
6478815087,22293666,On Time,2516.92,Cash,73936,2024-07
6239166986,6724509,Slightly Delayed,578.85,Cash,89070,2024-05
9894863460,35826539,On Time,3219.23,Wallet,10817,2023-03
2982638677,48554440,On Time,3688.89,Wallet,30985,2024-01
3284797515,13164195,Slightly Delayed,3000.61,UPI,76320,2024-09
8895501673,15066187,On Time,3624.66,Wallet,50064,2023-07
914992221,90882023,On Time,517.77,Cash,77449,2023-07
2067729457,79916464,On Time,1286.82,Cash,15319,2023-09
5389250154,94179692,On Time,2638.02,UPI,78231,2024-09
4352973016,35912599,Significantly Delayed,822.63,Cash,33825,2024-10
7667555396,13796199,Slightly Delayed,5488.33,Wallet,33288,2024-02
168804744,25128143,On Time,3450.59,Card,16671,2023-10
854218304,84377964,On Time,1897.86,Cash,13622,2023-11
2616618240,12402437,On Time,3909.27,Wallet,89491,2024-03
8891144024,47590944,On Time,1286.76,Cash,45152,2023-04
4606856320,57102800,On Time,726.41,Wallet,35528,2024-08
1876194333,51945420,On Time,1630.26,Cash,56344,2024-03
1471186096,51503088,Slightly Delayed,2890.99,UPI,80106,2023-11
4763556417,91602727,On Time,968.94,UPI,49554,2023-04
5961097387,75474920,On Time,2425.77,Wallet,73762,2023-08
1509646137,31456752,Slightly Delayed,4104.67,Card,67798,2024-04
7533431274,23984022,On Time,1728.15,UPI,93471,2023-08
3598818329,22293666,On Time,2790.82,UPI,28683,2023-07
2561337790,30823988,On Time,1213.78,Cash,43692,2024-10
2359692348,5418547,On Time,1914.18,Card,74057,2024-08
3146098826,12799092,On Time,3453.75,UPI,29471,2024-06
8638050442,52770036,On Time,130.18,Card,50161,2023-11
1833854180,60062501,Significantly Delayed,4585.63,Cash,25656,2023-03
5687148136,32527479,On Time,1438.64,Cash,50176,2023-06
7133253616,14940427,Slightly Delayed,4564.38,Wallet,76051,2024-08
7899569162,90745023,Slightly Delayed,1702.84,UPI,31475,2023-08
6119637917,77961205,On Time,1146.21,UPI,65328,2024-06
4924477011,7333934,On Time,3957.29,Cash,43813,2024-01
577458306,94165062,On Time,2931.44,Wallet,52312,2023-10
1605287230,7076456,On Time,3945.48,UPI,24637,2023-08
5743074720,44828791,On Time,40.7,UPI,88405,2024-02
1645477578,47625855,On Time,1617.86,Cash,22284,2023-07
6231311270,91144803,Slightly Delayed,2173.29,UPI,73322,2023-12
4629648516,93507573,On Time,39.65,Wallet,49643,2023-08
2706229594,81337068,On Time,3260.52,Cash,67428,2024-10
6814009039,10605484,On Time,1344.57,Card,37668,2023-11
5604135912,11478478,On Time,4032.27,Cash,99733,2024-08
766789724,60446619,On Time,2837.18,Cash,52639,2024-08
2727595593,80875034,On Time,3069.89,UPI,26761,2023-11
9887978407,43256928,On Time,5037.57,Wallet,37910,2023-07
6825742544,29689766,On Time,901.77,Wallet,41291,2024-02
7081192087,15529446,Slightly Delayed,261.03,Card,78479,2023-07
3185620074,57526322,Slightly Delayed,816.38,Wallet,72222,2023-08
7162086351,74231111,On Time,270.71,Cash,37358,2023-11
5504768409,84850688,Slightly Delayed,2102.5,Card,1897,2023-08
6721093047,22054087,On Time,2875.06,Wallet,3594,2024-03
1134990529,63971358,On Time,2294.08,Cash,85089,2024-07
4632975114,92409489,On Time,508.0,Card,91950,2023-05
1471897083,78439088,On Time,1831.85,Wallet,98410,2023-12
6081974624,79764458,On Time,1275.19,Card,91286,2024-03
806680874,14632090,On Time,5405.1,Card,50897,2023-11
8213018419,16640907,Significantly Delayed,1078.17,Wallet,97345,2023-04
4610876894,59485034,On Time,4185.1,Wallet,59869,2023-08
9116180240,17696094,On Time,994.56,Card,31849,2023-05
8916648395,8138417,On Time,2209.24,UPI,76482,2023-07
3626990751,81940369,Slightly Delayed,3325.83,Card,41338,2023-05
2544173358,43295656,On Time,3448.92,UPI,24026,2024-11
3654075570,81906973,On Time,2328.2,Card,5013,2023-06
9846277624,78732957,On Time,3983.77,Card,5141,2024-09
8600159148,64748953,Slightly Delayed,3157.47,Wallet,24508,2023-08
9184012674,54139038,On Time,2492.95,Wallet,88446,2024-07
5842678913,6756256,On Time,3908.76,Wallet,49657,2024-06
6284066457,68341636,On Time,3535.59,Card,72455,2023-03
957188879,88067569,On Time,5268.85,UPI,55306,2024-01
2027766693,91024604,On Time,212.61,Card,39827,2023-07
5201172375,18199057,Significantly Delayed,1394.24,Wallet,15287,2024-01
5211206337,84824280,On Time,900.93,Wallet,52881,2024-03
519985157,35455991,On Time,2029.48,Card,97130,2023-06
2599819074,66310963,On Time,2668.26,Card,78812,2023-05
6564176767,28221067,Significantly Delayed,338.14,Cash,37269,2024-04
5969684091,13604883,On Time,2571.47,Cash,47179,2023-12
8152246475,46989310,On Time,1388.41,UPI,36583,2023-04
1954493018,41612464,On Time,1380.66,Wallet,17378,2024-08
3695589383,91868185,On Time,1372.1,UPI,6351,2024-01
6340807810,57537308,On Time,2726.23,Cash,60222,2024-07
8029845822,90621147,On Time,650.2,Card,87260,2023-07
8208755570,46564935,On Time,3751.55,Wallet,56067,2023-12
9622488249,96629258,On Time,1198.32,Card,8679,2024-06
5410788959,40055711,On Time,4301.42,Wallet,43525,2024-06
7087374685,48268435,On Time,799.92,Cash,80305,2024-09
1469556300,65514005,On Time,1070.56,Card,47985,2023-09
864290652,57392064,On Time,1797.36,Wallet,28456,2023-10
3052167498,92636025,On Time,671.55,UPI,38263,2023-07
8370088792,9107360,On Time,1475.02,Wallet,18197,2023-05
8955500595,58415368,Slightly Delayed,2564.44,Cash,25552,2023-05
6946637946,70372270,Slightly Delayed,1456.54,Cash,5892,2024-02
5461546808,21948041,Significantly Delayed,3877.99,Card,27664,2023-12
9921425481,29653387,Significantly Delayed,5288.24,Card,85617,2023-05
3583323379,10418604,On Time,2297.51,Cash,94205,2024-04
3427534518,73807097,Significantly Delayed,724.84,Wallet,75483,2024-10
9997994965,13796199,On Time,2780.28,Card,28092,2023-12
5015358514,4057678,On Time,727.95,Wallet,65069,2024-08
5769065545,1108176,On Time,2822.13,Card,46466,2024-01
4062815570,98152679,On Time,790.64,Wallet,54881,2024-02
39405769,24621386,Slightly Delayed,941.25,Card,6878,2023-04
9553518696,83304462,On Time,1586.15,UPI,82335,2023-07
8023712979,83701325,On Time,547.92,Wallet,37477,2023-05
1111747100,83236183,On Time,2496.85,UPI,11420,2023-07
3598180305,75836905,On Time,1266.29,Wallet,8123,2023-08
8171660349,79628054,On Time,776.24,Wallet,78974,2024-05
3644704128,39717448,On Time,2294.34,Wallet,83363,2024-06
1254907139,94854830,On Time,5351.42,Card,44092,2023-07
9810593187,46313756,Slightly Delayed,215.65,Cash,15180,2023-05
3205629870,95001589,On Time,1943.47,UPI,79493,2024-05
8608459871,14472401,On Time,1327.4,Card,62412,2023-09
2730458449,13383642,Slightly Delayed,633.25,Cash,9689,2024-02
2807397566,28663279,On Time,1361.06,Cash,2121,2024-05
7217535512,81541985,On Time,3067.96,Cash,61549,2023-11
3321951407,40305293,On Time,2431.72,Cash,79598,2023-09
7189146676,10789681,On Time,825.46,UPI,60018,2024-05
5601251774,96629258,Significantly Delayed,5452.58,Card,14314,2024-10
8884350133,55425478,On Time,2062.98,Card,249,2024-09
8168306307,98152679,On Time,2114.74,Cash,51445,2023-12
7689275881,54580166,On Time,3865.87,Card,65098,2024-02
6593510732,87266831,Slightly Delayed,483.24,Wallet,32589,2023-09
3066405445,53354003,On Time,1378.13,Wallet,11326,2023-06
5319633841,95364457,On Time,325.08,Cash,41929,2024-05
1113665104,83034412,On Time,48.55,Card,96538,2024-06
8436983782,98896871,On Time,1182.33,Cash,97548,2024-10
1958942711,30643619,On Time,2110.06,Cash,64613,2024-05
6485627928,59769142,On Time,2340.3,Wallet,36234,2024-09
8147959428,31000129,On Time,2209.3,Wallet,66010,2024-07
3697060283,57642258,On Time,786.85,UPI,73189,2024-08
2039437258,20298398,On Time,958.05,Card,74030,2023-12
7655293952,23348269,On Time,1666.47,UPI,14565,2024-02
39791095,625395,On Time,480.85,Card,41559,2024-04
8071046067,33651554,On Time,3899.51,Card,48240,2024-09
2656326203,92356639,On Time,4655.33,Wallet,76228,2023-11
2366866840,99772709,On Time,3037.23,Wallet,87681,2023-04
8227348656,25977417,On Time,3738.11,UPI,44555,2023-12
3917024194,53640286,On Time,123.74,Card,47124,2024-09
3101265,89617089,On Time,3567.73,UPI,20246,2024-05
9907835880,67340606,On Time,3163.07,Card,66363,2024-10
3396210655,52075070,On Time,3220.8,UPI,46263,2023-10
3000018472,24104630,On Time,995.98,Card,63482,2024-08
7166339556,6319646,On Time,1441.75,Cash,79368,2024-06
2194351161,22800586,On Time,1104.78,Cash,55557,2023-05
3224986973,66761643,On Time,3040.52,Wallet,24389,2024-02
6882280967,14472401,On Time,532.57,Card,56116,2023-09
8556188247,46623192,On Time,618.09,Card,41435,2023-10
5236345617,61851054,On Time,1760.51,Cash,34945,2023-09
5153146875,31156674,Slightly Delayed,2435.01,Wallet,65057,2023-06
2011151353,67908555,On Time,2920.78,UPI,53602,2024-05
9880145668,39317905,Slightly Delayed,183.76,UPI,94777,2024-02
2724264210,98687927,Slightly Delayed,1784.61,Wallet,6735,2024-10
871734663,93321933,Slightly Delayed,4708.18,Wallet,57171,2024-06
3883638432,6245778,Significantly Delayed,1183.46,UPI,42306,2023-07
1282422181,188838,Slightly Delayed,1116.88,UPI,1443,2024-02
4500802008,41164215,On Time,3437.39,Cash,74327,2024-06
8209715885,17597449,On Time,3093.76,Card,94880,2023-05
9391482926,56352626,Slightly Delayed,1367.96,Cash,36274,2023-09
7217765772,5238055,On Time,1673.94,Wallet,12036,2024-07
7848556658,97191387,On Time,4917.07,UPI,34490,2024-04
9000851345,81822494,On Time,1403.83,Cash,86432,2024-03
3019634875,58170168,On Time,2475.72,UPI,76065,2024-10
7013612817,22036818,Significantly Delayed,3498.93,Cash,74574,2023-09
59461109,67708491,On Time,2017.98,UPI,48662,2023-05
740245864,45659330,On Time,3424.25,Card,17264,2023-05
8432648823,69364309,On Time,3956.33,Card,91242,2023-05
5863164527,38671747,Slightly Delayed,2786.32,Wallet,26359,2023-11
8615999186,96001315,On Time,2559.47,Cash,77204,2024-09
1743268828,53332493,On Time,332.84,Wallet,78986,2024-05
5475369740,49433260,On Time,838.01,Wallet,16243,2024-05
6520584496,67215939,Significantly Delayed,5289.56,Card,79790,2023-10
3854394048,89531595,On Time,2081.91,Wallet,83316,2023-10
4105779656,58644651,On Time,1232.77,Card,41188,2024-04
5960266785,97419742,On Time,3443.16,Wallet,88310,2023-11
7380998329,96989204,On Time,2068.22,Wallet,14278,2023-07
460625201,26716400,On Time,3070.55,UPI,34818,2024-05
5442705208,38420886,On Time,1639.8,Cash,53708,2024-08
643302284,24153726,Slightly Delayed,2883.95,UPI,92172,2024-05
6141016209,20469626,On Time,2161.37,Cash,66040,2024-04
4058658914,96001315,On Time,2294.77,Cash,15833,2024-02
4731454539,62419778,On Time,1777.65,Card,57976,2024-01
148408710,60565603,On Time,423.56,Wallet,15102,2024-01
3263142674,12455156,On Time,229.38,Card,63585,2024-01
9591201821,38478423,Slightly Delayed,1072.81,Card,87917,2023-11
2227944524,93938425,On Time,1805.43,Card,30179,2023-06
2307375554,95768401,Slightly Delayed,1267.61,UPI,73572,2024-01
8521887524,5961261,Slightly Delayed,2256.06,Wallet,77426,2024-04
3298709387,22321208,On Time,3170.94,Card,86131,2023-07
8608686211,29689766,Slightly Delayed,1083.76,Cash,95050,2023-07
5125482761,89531595,Slightly Delayed,2442.59,UPI,85795,2023-05
7388146343,78806824,Slightly Delayed,2748.69,Wallet,94498,2023-09
7064723322,19259955,Significantly Delayed,2618.64,Cash,94412,2023-10
1766291529,74682740,Slightly Delayed,4787.26,UPI,27514,2024-07
8183491568,85074810,Slightly Delayed,280.35,UPI,48175,2023-09
6419111681,19216141,On Time,965.3,Wallet,66008,2024-01
9193945481,28277304,Slightly Delayed,1350.28,Card,44100,2024-08
3937750618,46504355,On Time,2894.09,Cash,76499,2023-08
2056682923,18940384,Slightly Delayed,2549.18,Cash,32053,2024-05
7229998672,41194825,Slightly Delayed,2884.57,Card,32978,2023-09
7028582657,36578947,Slightly Delayed,820.99,Wallet,88805,2024-11
1732091066,93018527,On Time,217.5,Wallet,91109,2024-05
9389363975,35302195,Significantly Delayed,1719.21,Card,56285,2024-01
9477050930,1449273,On Time,1904.93,Card,29995,2023-09
6808771388,88739922,On Time,2555.89,Wallet,8970,2024-04
7616458551,86294036,Slightly Delayed,1534.27,Card,92475,2023-05
2784959025,59207798,On Time,4477.39,Card,86825,2023-04
2716611235,85626346,On Time,2442.24,UPI,66366,2024-02
3797871396,5712468,On Time,2792.89,UPI,59554,2023-12
5895445193,39093069,Slightly Delayed,1401.58,Wallet,40476,2023-09
5281640953,65396354,On Time,166.42,Wallet,76660,2024-05
9006387145,61226563,Slightly Delayed,4408.49,UPI,32558,2023-07
2015702046,46828932,Slightly Delayed,1517.0,UPI,63937,2023-05
9260334793,15487049,On Time,2371.67,Wallet,38060,2024-07
5912752928,29562254,On Time,2865.64,Wallet,26396,2023-12
7691723645,93675757,On Time,2681.87,Cash,28979,2024-08
9166904790,57674875,On Time,2523.87,Wallet,37462,2024-01
1668797251,27698051,On Time,1926.44,Card,14539,2023-05
3350348511,2442235,On Time,816.38,Cash,64424,2023-10
2475154947,13760839,Slightly Delayed,2982.06,Cash,5307,2024-01
1348544692,72489544,Slightly Delayed,2488.09,Cash,36408,2024-04
6770208707,8241122,On Time,3610.34,Cash,86742,2024-05
9500356395,99729547,On Time,729.04,Wallet,1348,2024-10
6280233997,1507408,On Time,898.19,Card,52738,2023-08
935645101,63368244,Significantly Delayed,2584.5,UPI,22930,2023-09
3492077995,97466783,On Time,2128.53,Wallet,11413,2023-06
6971044672,68985290,Slightly Delayed,2352.04,Cash,4558,2024-03
9417710958,75892474,On Time,1297.95,Wallet,8300,2023-09
114851727,46875863,On Time,1944.29,Wallet,8766,2024-10
7521503340,65660660,On Time,1596.34,Wallet,38651,2024-05
7709878408,90745023,On Time,1449.45,Cash,24294,2023-08
7941755463,19705695,On Time,556.76,Wallet,821,2024-09
4540271027,23126356,On Time,2499.3,Cash,7176,2024-05
8022168472,70230254,Slightly Delayed,2966.15,Cash,42469,2024-02
3808358945,78014505,Slightly Delayed,2926.42,Wallet,14986,2023-08
5112444865,45868300,On Time,4296.62,Card,2692,2024-06
9965551056,33658749,Slightly Delayed,947.95,UPI,98962,2023-06
7695708103,51119088,On Time,1864.07,Cash,87812,2024-05
7022728237,21677923,On Time,2066.42,Card,81122,2023-06
2062715135,13197985,On Time,1107.38,Card,43272,2024-08
3287815959,73061709,Significantly Delayed,2999.16,UPI,42829,2024-08
9015471552,23081177,On Time,1434.89,UPI,72941,2024-04
1595123446,30188374,On Time,864.3,Cash,25599,2024-02
4888577440,35237846,On Time,2010.17,Card,1050,2024-05
9039053330,82425179,On Time,2077.55,UPI,93032,2023-08
3091360904,59252433,On Time,1758.62,UPI,32085,2024-06
6821938492,90346920,On Time,2645.3,UPI,78087,2023-09
4553785640,94486311,On Time,2646.91,UPI,48308,2024-08
4005611015,5763963,Slightly Delayed,1543.49,UPI,10416,2024-03
8480910658,73799927,On Time,728.73,Card,38062,2023-08
1922667245,66252737,On Time,2382.03,UPI,44104,2023-09
379758677,54139038,Slightly Delayed,1514.31,Card,53840,2023-12
4903380842,71229024,Slightly Delayed,2029.84,Card,76089,2024-06
9244122658,1588560,Significantly Delayed,4095.18,UPI,24492,2024-03
5054410467,49147776,On Time,1031.51,UPI,48965,2023-07
9877212995,30065862,On Time,1394.21,Card,52198,2024-05
8375236356,22974816,On Time,3194.98,Card,8079,2023-09
2652063230,24144240,On Time,154.78,Card,55939,2023-11
7258243894,72797175,On Time,1073.16,Card,15896,2024-07
5980648426,23982977,Significantly Delayed,995.87,UPI,76780,2023-12
365104159,19581959,Significantly Delayed,1770.48,Card,42058,2023-11
7038005775,49617531,On Time,4684.11,Cash,77255,2023-07
1456792223,80875034,On Time,154.53,UPI,9753,2024-08
6673964264,34526442,On Time,4073.52,Wallet,33183,2024-10
5780280518,74230420,On Time,4501.34,Card,82210,2024-08
6220137166,16485871,Slightly Delayed,1135.56,Cash,307,2023-12
2615887425,18465047,Slightly Delayed,1311.74,Cash,32500,2023-10
5610987488,85626346,On Time,1825.29,Card,51046,2023-08
6038240765,48002829,On Time,1312.62,Cash,66705,2023-05
5004974422,83660688,On Time,1589.73,Card,85319,2023-07
2349863203,20310720,On Time,2752.02,Cash,76889,2023-12
9487956261,62600289,Slightly Delayed,2858.7,Cash,23324,2023-07
7169945062,32830199,On Time,3552.63,UPI,62218,2023-06
5393866026,13164195,On Time,1608.96,Cash,23975,2023-04
7266772806,79942821,On Time,1746.31,Card,19227,2024-09
2411227007,46875863,On Time,1406.39,Wallet,63131,2024-06
960728650,34526570,Slightly Delayed,426.72,UPI,42554,2023-04
2326500581,24308515,On Time,699.45,UPI,53100,2024-07
9489310879,42989999,On Time,1479.13,UPI,13348,2024-10
2341242955,8228843,Significantly Delayed,3830.72,UPI,6285,2024-01
1023485121,63310076,On Time,2017.92,Cash,74337,2024-02
9742218709,83412446,On Time,2931.03,Cash,4129,2024-09
9039933820,69219122,On Time,2739.91,Card,11046,2023-12
1391881327,50557979,On Time,1331.1,UPI,48329,2024-07
3360648053,2584499,On Time,1278.25,Wallet,10234,2023-05
9758418980,69219122,On Time,2212.5,Card,77182,2023-07
9859459525,67952740,On Time,1720.18,Card,319,2023-07
6924226309,62526567,Slightly Delayed,163.03,Cash,6964,2024-09
7672052920,20238921,On Time,651.93,Wallet,30194,2023-12
4597359399,57967753,On Time,4536.47,UPI,5286,2024-09
665402174,51557673,On Time,4360.12,Cash,77757,2024-04
3986082657,49152878,On Time,2960.99,Wallet,55010,2024-02
4275746826,44410149,On Time,1872.54,UPI,59737,2024-03
525864604,33651554,On Time,5498.39,Cash,60733,2024-03
4473658819,376144,On Time,941.19,Cash,14104,2023-12
8824559505,88553721,On Time,2459.51,UPI,56907,2024-08
1824646473,51670882,On Time,3568.61,Cash,88937,2023-04
776389097,10797688,Slightly Delayed,2232.88,Cash,75111,2024-02
4908634706,88223261,On Time,3086.11,Wallet,13171,2023-10
3516204561,64562786,On Time,3338.89,Card,1455,2023-09
9510792757,625395,On Time,1067.61,Cash,28724,2023-11
3504903228,31776996,Slightly Delayed,3239.13,Card,90336,2023-06
3438202422,43860025,Significantly Delayed,2921.39,UPI,94413,2023-10
3007616042,77869660,Significantly Delayed,3455.69,UPI,42230,2024-07
4656199468,13581527,Significantly Delayed,3086.0,UPI,68579,2023-10
6994560237,96109948,On Time,2730.52,UPI,76628,2024-07
8442552565,12851610,Significantly Delayed,1850.58,UPI,27187,2023-11
414299117,41008070,On Time,2257.55,Cash,13455,2023-07
8146956033,44888581,On Time,1465.27,Card,56350,2024-08
7919748594,75213636,On Time,1908.42,Wallet,23133,2024-09
7834171020,52915166,On Time,309.62,Card,97901,2024-01
3735968672,211163,On Time,3555.45,UPI,57850,2023-12
3864051985,31776996,Significantly Delayed,4519.31,Cash,95883,2024-04
8299074079,59930550,On Time,645.44,Cash,16269,2024-06
891333736,96853930,Significantly Delayed,2152.26,Wallet,92557,2023-09
2874220576,99734256,On Time,4341.21,Wallet,57749,2023-10
6375536946,94430842,On Time,2163.71,UPI,94134,2024-01
1966054573,31389750,Significantly Delayed,5121.92,UPI,87453,2023-05
1565942558,40858753,On Time,2536.81,UPI,92722,2024-08
4624281313,11493380,On Time,3736.79,Card,30435,2024-10
6884010758,22210238,On Time,4982.72,Wallet,63064,2024-04
4351744653,9423628,Significantly Delayed,3342.15,UPI,45994,2023-04
8698000932,43519553,Significantly Delayed,1441.0,Card,22719,2024-05
3844380421,6344345,On Time,1515.54,Wallet,52805,2023-10
7105842598,99707100,On Time,5027.5,UPI,1898,2023-08
8993722297,69088723,On Time,1914.81,Cash,53094,2023-07
2929439019,63858550,On Time,377.8,Wallet,75818,2023-10
1661854320,79169760,On Time,2680.38,UPI,19933,2024-09
3082165628,49617892,On Time,3474.38,UPI,30186,2023-05
1745045814,88532418,On Time,3143.65,Card,4796,2023-11
813387880,92455970,On Time,3950.66,Wallet,92699,2023-07
8189879400,66427343,On Time,2078.87,Cash,89826,2023-11
8465045467,13604883,On Time,1239.22,Wallet,34692,2024-05
9232350528,4055790,On Time,894.54,Cash,22738,2023-10
1728666371,23126356,Significantly Delayed,3258.36,Cash,77801,2024-05
6131815766,65514005,On Time,2043.07,Wallet,34359,2023-03
6438773635,67302239,On Time,4912.61,UPI,188,2024-07
6912676966,29324437,On Time,961.64,Wallet,15416,2023-06
2840314717,26432512,On Time,1825.16,Wallet,56917,2023-06
9508359721,3002538,Slightly Delayed,746.29,UPI,85036,2024-08
2244679313,4458329,On Time,127.16,Card,2273,2024-08
9407544177,66310963,On Time,979.99,Card,59002,2024-11
2528398796,87889031,Slightly Delayed,2625.78,Wallet,58075,2023-04
9464988762,13567338,On Time,916.92,UPI,64401,2023-10
6373867899,66655397,On Time,1064.83,Card,71865,2023-11
4028185110,4789829,Slightly Delayed,3405.22,Cash,30697,2023-04
9717018638,73679086,Slightly Delayed,197.39,Card,78169,2024-07
4898477588,66766629,On Time,3778.85,UPI,11074,2024-02
4723165081,29562254,On Time,1182.98,UPI,60832,2024-02
2845954128,31324823,On Time,1467.79,Cash,64804,2024-07
23158044,31681710,On Time,2726.7,UPI,66644,2023-05
1486548042,13465850,Slightly Delayed,3856.34,Card,74963,2023-10
708351411,69762479,Slightly Delayed,3373.0,Cash,21614,2023-10
5512110908,40192266,Significantly Delayed,2082.1,Cash,31823,2023-11
2295441899,58644651,Slightly Delayed,2679.68,Cash,21929,2024-02
4867173151,35885052,On Time,494.17,Card,40357,2023-10
4635037652,69925688,On Time,493.19,Wallet,80201,2024-01
2209259378,86995126,On Time,2342.26,Card,91054,2023-12
4079286483,22227829,On Time,435.28,Card,29223,2023-05
9506078962,27336589,Slightly Delayed,1267.45,Card,82546,2024-07
6894691072,83577942,On Time,2650.68,Cash,13462,2024-03
4481256065,66499992,Significantly Delayed,1395.84,Card,34584,2024-04
5050919809,46885873,On Time,4439.75,Card,7758,2024-05
1328085383,67538982,On Time,1091.9,Wallet,73436,2023-05
5382246981,87266309,On Time,4419.12,Card,18853,2023-08
5647827263,96171594,On Time,1513.03,Card,69561,2024-05
9244268951,64316806,On Time,568.94,UPI,85934,2023-10
6217777735,12059049,On Time,1730.26,Card,29335,2024-07
3682639473,99301505,On Time,2777.46,Wallet,98463,2023-11
3859331666,23676689,On Time,1299.18,Wallet,83436,2023-07
7971689217,64932019,Slightly Delayed,4281.75,Wallet,36735,2023-10
6822492679,98540377,Slightly Delayed,2513.48,Cash,70308,2023-07
7211194993,16561710,On Time,827.77,Cash,79267,2023-09
461485679,4594944,On Time,4205.78,Wallet,88187,2023-08
3209732414,87335844,On Time,1028.26,Card,55281,2024-04
6537694730,75490147,On Time,162.67,UPI,46287,2024-08
7653097776,63184222,On Time,2232.82,Cash,52927,2023-07
4928556641,97475543,Slightly Delayed,2275.2,Card,49069,2023-09
5905518100,86995126,On Time,581.92,Wallet,87502,2023-09
8337948336,25706121,On Time,4230.25,Cash,61806,2023-07
8814435884,69908484,On Time,3209.28,Card,19344,2024-08
6645415772,64906311,On Time,2890.11,UPI,80224,2024-07
5274039950,87059497,On Time,827.44,Card,77082,2023-12
7404052550,45166203,On Time,2358.73,UPI,19555,2023-09
8179058864,76970363,On Time,530.59,UPI,98021,2023-05
5195997912,29562072,On Time,3184.63,Wallet,54621,2024-07
3320194259,68219091,On Time,2141.25,UPI,18826,2023-12
8185684967,46686696,On Time,3101.41,Card,39742,2023-05
2324568019,59677346,Slightly Delayed,1885.21,UPI,84177,2023-07
3522645150,22483684,On Time,1588.47,UPI,24179,2023-05
4510488834,90586443,On Time,2554.48,Card,88472,2024-09
9433427403,46848302,Slightly Delayed,236.95,Wallet,44148,2023-05
8065436106,5763963,On Time,592.46,Card,75168,2024-01
846586265,10418604,Slightly Delayed,2302.23,Cash,8377,2023-07
4337013612,30823988,On Time,422.5,Card,14243,2023-05
8916023990,3588443,Slightly Delayed,134.69,UPI,91553,2024-05
6018805430,35358395,On Time,4118.37,Card,39582,2023-09
2676353168,25595836,On Time,3310.03,Cash,61764,2024-09
1069724600,10945990,Slightly Delayed,3298.22,Cash,27884,2023-07
5503476312,36774480,On Time,242.57,Wallet,28852,2024-06
4439677910,91791128,On Time,1646.89,Wallet,84746,2024-02
8045361592,16543242,On Time,2264.11,Wallet,3274,2024-10
1873731593,20209237,On Time,630.84,Wallet,82405,2023-11
1126011099,53557741,On Time,3092.96,Card,7013,2024-02
4100626744,15484407,On Time,13.25,UPI,30255,2024-10
8616880376,16256136,Significantly Delayed,102.44,Wallet,3557,2024-03
1427911940,20634789,On Time,689.16,UPI,321,2024-02
4416398885,10945990,On Time,404.44,Card,89868,2024-10
2584579895,94713625,On Time,4261.37,Card,40539,2024-01
7770651576,87266309,Significantly Delayed,3258.88,UPI,65051,2023-09
3705985582,34897081,On Time,1623.7,Wallet,64445,2023-08
5160295213,22133362,On Time,3428.33,Cash,99136,2024-01
4374285559,53399500,Slightly Delayed,1063.23,UPI,77397,2024-09
9096638812,70243933,On Time,3559.69,UPI,82494,2023-12
2888179397,51341672,Slightly Delayed,3461.96,UPI,21483,2023-08
3387165389,376144,On Time,3280.88,Card,5218,2024-07
1925647539,13424885,On Time,2294.95,UPI,74222,2023-08
6160848562,59769142,On Time,1022.08,Card,3350,2023-09
2343495895,2584499,On Time,1706.95,UPI,92896,2024-08
8812220964,66742602,On Time,2111.11,Wallet,67129,2023-08
8640364495,51670882,Slightly Delayed,1012.07,Card,26749,2023-05
4610687284,27698051,On Time,1094.43,Cash,4338,2023-09
189431942,58115779,On Time,163.03,UPI,73313,2024-01
1746826454,36462363,On Time,261.03,Card,85938,2024-01
948345459,66629497,Slightly Delayed,1015.2,UPI,89820,2024-03
9959881029,35782051,Slightly Delayed,3893.9,UPI,36005,2024-09
621213006,43377076,On Time,1244.79,UPI,42600,2024-07
1772464528,66655397,On Time,1709.44,Cash,47913,2023-09
7732863862,89476734,On Time,3828.04,Cash,10377,2023-08
3064828239,6186471,On Time,4356.46,UPI,46175,2024-02
6363526452,53292177,On Time,3611.55,Wallet,870,2023-10
6988011282,74212242,On Time,2171.93,Wallet,63272,2024-10
8523250818,77673290,On Time,2236.59,UPI,69177,2024-02
5595210484,93507573,Slightly Delayed,639.5,Card,82974,2023-05
1461081366,13604883,Slightly Delayed,3593.55,Cash,36779,2024-08
4922364507,79628054,On Time,2661.33,Cash,69143,2024-07
6597871211,59815512,On Time,2777.48,UPI,42842,2024-05
2719816862,85074810,Slightly Delayed,332.84,Wallet,89017,2024-09
9830788650,87160527,On Time,2924.55,UPI,26304,2023-07
140980199,27504517,Slightly Delayed,769.7,UPI,72398,2024-03
7595842583,90150193,On Time,3399.47,Cash,3254,2024-02
2390228992,46699982,On Time,2179.55,Card,70541,2023-07
8178738469,95873651,Slightly Delayed,4117.53,Card,89094,2023-06
9964671001,79591237,On Time,3829.3,Card,5380,2024-03
1258689954,89886179,On Time,2868.78,Card,51547,2024-03
4647158015,13461704,Slightly Delayed,2279.47,UPI,93276,2023-11
2382974038,83610315,On Time,2282.13,UPI,81484,2024-05
3663827875,28499191,Significantly Delayed,209.59,UPI,25542,2023-11
6501113916,22210238,On Time,4185.2,UPI,30138,2024-01
3300719369,32830199,On Time,105.29,Wallet,14792,2024-05
3239722852,26935187,On Time,4981.57,UPI,63051,2023-07
6694899030,36142455,Slightly Delayed,2823.27,Card,72101,2024-09
992895707,18259715,Slightly Delayed,592.58,Cash,95191,2023-05
8432150432,9650263,On Time,755.01,Wallet,4319,2024-05
6220520171,42366724,On Time,1721.87,UPI,82788,2023-12
735608722,3292927,Slightly Delayed,1276.51,Card,4090,2024-06
7303161073,98444183,On Time,4591.66,Cash,80732,2024-03
9783380107,70976153,On Time,2408.28,Card,37808,2024-06
3835886077,8384106,On Time,796.88,Card,58336,2023-11
8140652447,11705793,On Time,2649.69,Card,16128,2024-04
6412390967,66023110,On Time,3014.75,Card,19522,2024-02
6688575911,48943848,On Time,5088.41,Wallet,28472,2023-12
3890111511,68965787,Significantly Delayed,3935.46,UPI,51181,2024-09
5145256852,57770044,Significantly Delayed,1501.57,Cash,60056,2024-09
7375057413,12799092,Slightly Delayed,1114.88,Card,80419,2023-05
3047491006,61182897,On Time,3752.62,Cash,3770,2024-09
7715738110,81605722,On Time,514.14,Card,78052,2023-05
6191554160,77869660,On Time,580.42,Cash,17582,2023-07
896919031,42366724,On Time,1440.73,Wallet,61896,2024-10
1535818185,99772709,On Time,1140.16,Card,11471,2024-05
4428830794,701493,On Time,2948.82,UPI,1874,2024-06
3610035622,20956158,On Time,622.81,Card,94062,2024-04
8674445072,50080663,On Time,2038.01,UPI,98361,2024-08
9623704312,38613295,On Time,580.18,Card,5220,2024-02
7786002894,30373140,Slightly Delayed,899.56,Cash,99820,2023-12
3264409553,70976153,Significantly Delayed,840.34,Wallet,61878,2023-03
7736534043,22915611,On Time,1003.46,Card,83856,2023-05
5936596117,67729191,On Time,3014.85,Card,1771,2024-10
1980087245,38875754,On Time,2606.6,Card,98576,2023-06
8861557989,52913011,On Time,4574.66,Cash,38818,2024-08
6702391437,13130974,Significantly Delayed,4179.5,Card,44685,2024-01
6385452188,38875754,On Time,2664.35,UPI,84550,2024-06
8813216380,85177880,Slightly Delayed,3340.2,Cash,388,2024-10
5563712992,4597433,On Time,3233.68,UPI,8510,2024-01
966468552,70459847,On Time,2561.55,Card,64064,2023-06
4368529506,76327561,Slightly Delayed,1081.17,UPI,98277,2024-06
3777009463,25829710,On Time,264.89,Wallet,36810,2024-09
3560912801,20163931,On Time,1052.23,Wallet,16585,2024-09
1741224538,90621147,On Time,134.69,Cash,28254,2023-03
4579251445,1507408,On Time,1057.68,Card,63271,2023-08
3438127101,59141605,On Time,296.94,Cash,80040,2023-11
9741958794,13164195,Slightly Delayed,6173.45,Card,4642,2024-08
882082341,75828735,Slightly Delayed,5094.56,Wallet,64310,2024-10
3629321763,79369660,On Time,2988.51,Cash,93253,2024-08
888938572,12695670,On Time,597.91,Cash,28461,2023-04
5263181887,90150193,On Time,1239.9,Card,28643,2024-09
7071557807,19375332,Slightly Delayed,3848.05,Cash,70989,2024-04
6888804296,2442235,On Time,2930.92,Cash,27520,2024-10
814182718,65134271,On Time,2233.84,Card,18293,2023-11
3513524740,1301661,Significantly Delayed,1395.67,Card,96517,2024-07
1234169434,22112867,On Time,3644.99,Card,73458,2023-10
2577990012,71902700,On Time,2577.46,Card,81801,2023-09
8446065263,79773912,Slightly Delayed,2838.28,Card,38584,2023-11
4220970302,90621147,On Time,2598.47,UPI,93466,2024-11
5712516128,11503405,On Time,2661.8,Card,41787,2023-07
807167715,26521850,On Time,951.27,Card,15159,2024-08
213972345,71252391,On Time,3895.71,Card,5515,2024-06
1013762407,51174875,Significantly Delayed,2519.44,UPI,89281,2024-10
5234194751,14207332,On Time,3494.6,Card,47252,2024-02
1389077693,37947202,Slightly Delayed,716.35,UPI,1965,2023-06
1895143216,43295656,On Time,2921.03,Card,68226,2023-03
3667250123,7728406,Significantly Delayed,715.72,Cash,34707,2024-03
6430529802,6459100,On Time,2974.48,Wallet,72291,2023-07
4856277700,67729191,Significantly Delayed,1070.91,UPI,85395,2023-08
1492403962,11389698,On Time,5366.78,Wallet,88981,2023-07
4348167632,93675757,On Time,2152.66,UPI,62399,2023-11
3682471195,90856813,Slightly Delayed,2138.69,UPI,94268,2023-12
6888837939,67708491,On Time,1159.32,Wallet,18096,2024-03
2278004109,99301505,Slightly Delayed,2292.05,Card,72611,2024-09
7471013149,46185579,Slightly Delayed,1656.84,UPI,21505,2024-10
755745232,3844290,Slightly Delayed,1086.05,Cash,25231,2024-10
2963187161,91448742,Slightly Delayed,169.88,Card,20323,2024-06
3980591844,96903782,On Time,2917.28,Wallet,16450,2023-06
9960808976,78748184,On Time,4324.68,Card,27708,2024-04
8740552000,34095555,Slightly Delayed,391.21,Wallet,40753,2023-05
9230099449,60319216,On Time,3331.12,Card,45467,2023-05
4277432248,91408854,On Time,3536.17,Wallet,33604,2023-05
3624765984,36400756,On Time,4517.75,Card,26888,2023-12
8533110341,10524732,Slightly Delayed,1621.58,UPI,45197,2023-06
5036664068,2667357,On Time,1666.89,UPI,54985,2023-11
9989636336,191616,Slightly Delayed,2425.95,Cash,91946,2024-05
2843642858,46208150,On Time,831.1,Cash,39226,2024-03
7510849424,82585664,On Time,1640.42,Wallet,35153,2024-03
8744806310,8395343,On Time,3826.97,Card,19395,2023-07
7605774154,6150721,On Time,1536.89,Cash,78836,2024-02
6904233594,65514005,On Time,2570.78,UPI,24070,2024-08
6371336060,8241122,On Time,631.7,Wallet,17953,2024-07
8137624530,22210238,Slightly Delayed,3147.61,UPI,85372,2023-10
9131474241,98246574,On Time,340.66,Card,7186,2024-10
7413772322,98709982,On Time,2586.5,Card,77018,2023-06
9400852015,44149982,Slightly Delayed,2754.81,Card,92978,2024-07
4867437863,13164195,Slightly Delayed,3132.92,Wallet,48327,2024-01
4219458877,87222820,Significantly Delayed,951.43,Card,45483,2023-12
35135941,28205701,On Time,1216.16,UPI,64624,2024-07
4754258275,10019218,On Time,2315.11,Card,81493,2023-09
9195687538,74548003,Significantly Delayed,212.14,Wallet,17689,2024-01
344554037,78847070,Significantly Delayed,3774.14,Card,53784,2023-11
7503255456,82948843,Significantly Delayed,5414.01,Card,31307,2023-08
5903638531,78209683,On Time,3051.04,Card,30906,2023-05
1670694517,92356639,On Time,3118.23,Cash,54015,2024-08
2369121788,60062501,On Time,2951.41,UPI,509,2024-05
6012082951,88866835,On Time,3669.77,Card,9667,2023-05
3675914158,89361574,Slightly Delayed,2124.26,Card,57846,2024-03
1396605672,20956158,On Time,1723.88,Card,87368,2024-01
4260996213,77035814,Significantly Delayed,1730.33,Wallet,14963,2023-04
4749534376,53100521,On Time,1648.07,Card,33915,2024-05
6095091385,34839913,Slightly Delayed,2486.58,Cash,58226,2024-07
1131338162,21201299,On Time,2695.16,Cash,72596,2024-02
6100236720,83660688,On Time,4190.59,Cash,91266,2023-08
3363683548,43367112,On Time,2065.75,Card,93499,2024-02
8721540965,38902882,On Time,5604.64,UPI,67650,2024-07
1712456261,90448312,On Time,418.48,Cash,26493,2023-10
760930025,49756591,On Time,873.51,Card,62735,2023-06
5652465358,57523973,Significantly Delayed,2293.55,Card,54033,2024-06
3580915899,87954926,On Time,2660.98,UPI,64163,2023-10
1174382816,773410,On Time,1838.15,Card,82185,2024-08
3200474667,15631726,On Time,2976.81,Wallet,16148,2024-09
7474651061,63238941,On Time,3731.78,Cash,94198,2023-06
1892282465,80517784,On Time,2849.48,Wallet,2804,2023-08
3859828998,701493,On Time,2721.16,Wallet,39119,2023-04
2554590672,19482392,On Time,3840.61,Wallet,36934,2023-12
9667675052,40871915,On Time,2282.92,UPI,94350,2023-09
8382437838,46185579,On Time,1907.89,Wallet,84984,2024-05
6247090607,90038364,On Time,1801.01,Wallet,96576,2023-10
5004073261,27304827,Slightly Delayed,1228.31,Cash,62540,2024-06
6595898122,67896836,On Time,1080.49,UPI,99156,2024-07
9844371682,31527100,On Time,1742.0,Wallet,70915,2023-06
7198169379,26844216,Slightly Delayed,865.68,Card,92952,2023-07
2815855636,38808614,On Time,3710.55,Card,6074,2023-07
6033660622,65618148,Slightly Delayed,1321.76,Wallet,82054,2023-04
7944056454,10729474,On Time,3162.64,Wallet,83225,2023-05
4354264440,25722990,Slightly Delayed,1607.15,Cash,3704,2023-12
5623096090,68703613,On Time,1565.76,Wallet,13931,2023-08
701856661,11143197,On Time,3622.14,Card,15464,2024-06
1911276445,73799927,Slightly Delayed,1896.67,Wallet,18487,2024-10
9323909987,47990044,On Time,77.11,UPI,7906,2024-05
1988898073,78157360,Slightly Delayed,1541.22,UPI,21707,2024-02
6457671753,51048402,On Time,2200.47,Wallet,50589,2024-01
3556497272,9347990,On Time,96.09,UPI,79803,2024-10
2182762247,54347213,On Time,1308.92,Cash,8763,2023-09
6026842782,75928073,On Time,2610.0,Wallet,57323,2024-08
1227108607,69242672,On Time,3901.39,Card,36907,2024-09
9362226645,28428852,Slightly Delayed,3503.23,Wallet,29024,2024-05
6313785973,28603182,Slightly Delayed,2326.58,UPI,34181,2023-03
1297253359,77811864,Slightly Delayed,1250.24,Cash,20964,2024-04
6138091203,41261495,On Time,1284.92,Card,27226,2023-09
4770739350,61753272,Significantly Delayed,3259.93,Card,96604,2024-07
6253838449,19393135,On Time,938.37,Card,92207,2024-06
1015708455,24153726,Slightly Delayed,3175.14,Wallet,35032,2023-09
2201201842,6398761,On Time,1547.91,Card,7484,2023-10
200000051,8632679,On Time,1442.99,UPI,58741,2023-10
409570377,12574626,Slightly Delayed,1524.99,Card,6848,2024-03
5944464513,34095555,On Time,1371.17,Wallet,80133,2023-03
7064377287,26716400,On Time,328.51,Wallet,30746,2024-09
7763036477,26285589,On Time,4277.29,Cash,11382,2024-08
7494002152,91382237,On Time,2287.2,Card,12465,2024-05
692127479,67538982,On Time,3284.88,Wallet,59887,2024-07
7544245121,87160527,Slightly Delayed,4067.24,UPI,48705,2024-09
4429641190,11562458,On Time,3518.61,Cash,56195,2023-06
8093366865,29451600,Significantly Delayed,1770.01,Cash,55773,2024-10
6269075067,81382213,On Time,3745.59,Wallet,40584,2023-11
4056304110,211163,Significantly Delayed,3567.36,UPI,32614,2023-11
4447978623,31076002,On Time,2037.9,Cash,26809,2024-08
5875285677,62510499,On Time,3993.93,Wallet,55480,2023-05
4177774653,23844919,On Time,294.79,Wallet,8589,2024-05
502632296,9450435,On Time,4257.49,Card,67946,2024-05
5037688536,49756591,Significantly Delayed,903.52,Card,166,2024-02
6844277478,47577193,Slightly Delayed,2190.84,Card,29959,2024-08
3368317718,70867736,On Time,914.88,UPI,96055,2024-05
913881994,13251137,On Time,317.82,Cash,98626,2024-08
6445700839,4988545,On Time,1574.46,UPI,94758,2024-03
101613683,43377076,On Time,1314.09,Card,59292,2023-06
7094586913,82900175,On Time,1045.98,UPI,74282,2023-10
2478557609,58170168,Slightly Delayed,1632.79,Wallet,53936,2024-06
9516720368,97466783,On Time,3117.54,Card,46734,2024-04
3808010352,23126356,On Time,2359.74,Wallet,50711,2024-02
7921886899,11143197,On Time,1342.87,Cash,97509,2023-07
6818712547,66655397,On Time,2620.04,Cash,65099,2023-12
4538204462,35812567,On Time,3043.32,Card,4874,2024-02
2008331630,36833857,On Time,1630.96,Wallet,19684,2023-07
3901338038,63238941,On Time,657.8,Cash,93090,2024-08
1483786406,63451391,Significantly Delayed,3934.29,Card,99066,2023-03
5022936426,73377004,On Time,2217.52,Wallet,86251,2023-09
5470875365,55042740,On Time,4003.77,UPI,79541,2024-03
7144611408,33280073,On Time,989.77,Cash,55520,2023-08
9411421675,61226563,On Time,4144.86,Cash,51778,2024-01
7315949343,14458150,On Time,2639.3,Wallet,72063,2023-09
9430475133,24621386,On Time,4145.1,Cash,41262,2023-03
3062145702,24821281,On Time,3288.07,Card,8248,2024-06
6500458984,35912599,Slightly Delayed,440.17,Card,90658,2023-11
7429306851,62541176,On Time,1343.84,Wallet,96651,2024-04
2687236003,83588803,On Time,3207.16,Wallet,93868,2024-01
1885906938,13455530,Slightly Delayed,4489.81,Cash,39994,2023-10
9949334146,73363613,Significantly Delayed,217.5,Wallet,58811,2024-08
2555454584,19182548,Significantly Delayed,1626.42,Cash,50763,2023-08
2503209946,26844216,On Time,1069.03,Cash,13371,2024-04
2329563439,78157360,Significantly Delayed,1139.89,UPI,52741,2023-11
1041536174,93018527,Slightly Delayed,2780.93,Card,60201,2023-06
6631188689,8361353,On Time,3536.2,Cash,24043,2024-03
9300178512,26936578,On Time,1204.48,Cash,73376,2023-07
1086881691,77035814,On Time,1914.71,Cash,6106,2024-04
8008880980,57505804,On Time,1909.21,Card,65111,2024-04
2417680703,30823988,Slightly Delayed,2694.25,Card,41668,2024-02
1117730990,96640716,On Time,998.06,Cash,19991,2024-08
1678557345,49136375,On Time,1308.24,Wallet,20447,2024-05
4505129824,17341194,On Time,2663.24,Cash,81297,2023-11
8737295686,69749541,On Time,930.92,Wallet,61898,2023-12
7997347191,31813,Slightly Delayed,4498.83,Wallet,11517,2024-07
1930645698,35554129,On Time,3514.7,Card,82675,2024-08
5393373590,5712468,Slightly Delayed,487.51,Card,48267,2024-09
5851854765,82032191,Slightly Delayed,1865.04,Wallet,71230,2023-11
3765179520,43784632,Significantly Delayed,3700.97,Wallet,99605,2024-06
683969424,98225598,Slightly Delayed,2629.12,Cash,88789,2023-08
8459624382,64489709,Slightly Delayed,786.02,Wallet,87672,2023-08
7110044004,62807542,Slightly Delayed,941.87,UPI,30128,2023-04
4302375314,96253172,On Time,3332.44,Card,63810,2024-03
1245307588,13760839,Slightly Delayed,1800.39,Cash,89554,2023-04
3876260101,70420271,On Time,22.14,Wallet,39494,2023-09
3162263618,23676689,On Time,2824.3,Card,48838,2023-05
655792395,11254582,Slightly Delayed,1028.96,Wallet,74441,2024-04
7624743284,40392019,Slightly Delayed,3542.84,UPI,67656,2023-08
4783962671,57765367,Slightly Delayed,2056.76,Card,12164,2023-10
7166787473,97928541,Significantly Delayed,2983.11,Card,13336,2024-08
9395228070,40275138,On Time,1849.78,Cash,82773,2024-09
902157975,80371626,On Time,946.86,Cash,86411,2023-04
6947741744,49617531,On Time,936.96,UPI,54437,2023-07
4788498083,16420489,Significantly Delayed,2208.78,Wallet,64522,2023-09
8070127087,27709218,On Time,2506.63,Card,46786,2024-08
5191429552,14944819,Slightly Delayed,2418.97,UPI,99889,2023-12
5220651138,91768226,On Time,2783.14,Cash,9937,2024-03
2758734705,54797119,On Time,1460.54,UPI,30040,2023-08
2907887532,85838438,On Time,3870.66,UPI,83016,2023-11
7388846009,59094034,On Time,616.45,UPI,51360,2024-02
2606843929,29415527,On Time,2095.62,Cash,15405,2024-06
5637567433,91562028,On Time,2428.45,Wallet,53431,2024-09
8838095431,41194825,On Time,2640.35,UPI,61209,2023-05
1564649286,77869660,On Time,827.44,Card,16991,2023-12
4098166849,33741801,Significantly Delayed,4892.12,Wallet,93376,2023-10
8091143423,25128143,On Time,3293.8,Card,71870,2023-11
3024045336,54877984,On Time,2790.23,Cash,158,2024-04
6152984028,60732869,Slightly Delayed,2124.37,Card,47844,2023-08
3450790653,87266831,On Time,1861.71,Card,5694,2023-08
8028917900,57340963,On Time,2365.92,Card,56483,2023-07
7781884407,90666073,On Time,773.17,Wallet,63528,2024-08
3483689828,7687234,On Time,4559.56,UPI,95069,2023-07
8341286014,31076002,On Time,2399.69,Card,60030,2024-08
7936106887,95309983,On Time,577.13,UPI,4033,2024-05
2247354978,6668498,On Time,1322.72,Cash,56703,2024-09
5347701114,22036818,On Time,374.68,Card,49960,2023-10
7846068436,93507573,On Time,3379.35,Card,60910,2023-11
9893439302,67277562,On Time,3745.35,Wallet,2306,2023-09
4160816433,2219590,Slightly Delayed,3238.22,UPI,34874,2023-12
6000890622,62828341,On Time,1826.22,UPI,29998,2024-09
7317676958,92356639,Slightly Delayed,2967.08,Card,61886,2023-07
8620144614,20122449,Significantly Delayed,1435.13,Wallet,95461,2024-07
3940758882,40085705,On Time,186.08,Card,46910,2024-01
5216555041,30188374,On Time,3340.8,Wallet,72142,2024-03
5144793312,59518795,On Time,724.84,UPI,46815,2024-08
7241413847,10048910,On Time,2620.23,Wallet,93156,2023-04
3567610983,1816969,Significantly Delayed,3657.49,Cash,20825,2023-08
16878685,37556526,On Time,4267.94,Cash,52442,2024-04
951657166,63624332,On Time,3588.19,UPI,14551,2024-04
4189022307,21597477,On Time,2928.14,Card,89735,2024-05
7378521428,10857389,On Time,1225.86,UPI,2580,2024-04
6266311709,67708491,On Time,1654.8,Cash,82516,2024-06
7985347262,22483684,On Time,1777.54,Wallet,55202,2024-07
992764262,69240186,On Time,971.71,Cash,15917,2023-11
3080291353,93937586,On Time,2790.84,Wallet,11812,2024-08
5532188237,211163,On Time,4861.55,UPI,12596,2024-06
6814658453,55278329,On Time,552.2,Card,75027,2023-09
4861499558,2684440,On Time,1381.1,Wallet,50307,2024-03
2521042570,28394354,On Time,3010.69,Cash,91832,2024-05
5217781278,85658166,Slightly Delayed,3074.48,UPI,73513,2023-06
8006034379,43784632,On Time,3400.58,Card,34026,2024-05
7380913411,49869358,Slightly Delayed,367.08,UPI,31462,2024-06
7706841114,68016312,On Time,1317.62,Card,121,2024-02
1561779937,76359458,On Time,1882.99,Cash,35802,2024-03
7196559586,85658166,On Time,1685.6,Cash,89036,2024-08
2359961993,28995786,On Time,1895.12,Cash,53176,2024-06
243819964,98225598,On Time,1812.09,Wallet,42120,2023-12
4806735178,8651281,On Time,1275.37,Card,52673,2024-06
9198762300,46185579,On Time,1570.51,Wallet,52504,2023-12
1105231941,29600229,On Time,3493.45,UPI,38404,2024-01
5533955218,38969732,On Time,5096.95,Card,61605,2024-06
5130246751,87641623,On Time,1592.03,Card,23663,2023-05
4528445001,20163931,Slightly Delayed,1640.29,Wallet,31379,2024-04
9503959018,31084686,On Time,3593.97,Cash,40645,2024-09
4107052604,34668988,On Time,2777.59,UPI,32714,2023-11
5578822558,8817168,Slightly Delayed,196.64,UPI,79766,2023-08
5506634472,6579892,Significantly Delayed,4019.21,Wallet,37774,2024-09
4112426763,97825663,On Time,2042.79,Card,17291,2024-09
7157334145,90021871,On Time,239.54,Wallet,10121,2023-10
8423458672,60698094,On Time,1745.1,Card,59255,2023-03
3011683470,65121696,On Time,4549.72,Cash,2265,2023-03
1884947290,75244116,On Time,831.43,Wallet,96167,2023-09
558163882,39317905,Slightly Delayed,3633.09,Wallet,43299,2024-07
824869105,66943324,On Time,2516.52,UPI,50457,2024-08
4193492511,10683250,On Time,316.02,Wallet,10949,2023-10
120996684,92455970,Slightly Delayed,3139.62,Card,86475,2023-10
2531932780,91500615,On Time,3340.23,Wallet,4665,2023-07
8095547865,27620326,On Time,3355.93,Wallet,14451,2023-03
6894204435,10700664,On Time,697.38,Cash,48874,2023-06
9514917126,43599910,Slightly Delayed,1620.95,UPI,51089,2024-07
9329665908,57102800,On Time,2049.58,Card,64268,2023-07
1435406360,1174162,On Time,2259.17,Wallet,25991,2023-12
3460843508,32797235,On Time,3465.32,UPI,89605,2023-10
4762084133,72564495,On Time,1969.21,Card,50374,2024-09
3884862300,51544662,Slightly Delayed,951.43,Card,38680,2024-02
1990946411,82286725,On Time,2524.56,Cash,16925,2024-05
5054937065,9274874,Slightly Delayed,965.37,UPI,24647,2024-08
9431652023,59890331,On Time,5320.2,Cash,53366,2024-09
2268736598,19259955,On Time,2006.71,Cash,8883,2023-07
2793638565,26844216,On Time,2375.75,UPI,7507,2024-02
4168839407,12088552,On Time,822.68,Cash,45033,2023-04
7406514357,20298398,On Time,3698.78,Card,66093,2024-02
6087916798,89968482,Slightly Delayed,1692.4,UPI,10351,2023-11
4319962076,36146306,Significantly Delayed,1612.18,Cash,66984,2024-01
3904134741,58631874,On Time,782.49,UPI,4829,2024-05
3770123374,29415527,On Time,1939.04,Cash,86645,2023-11
4494390731,34768050,Slightly Delayed,1921.19,Wallet,10118,2023-04
6109777696,89699655,Slightly Delayed,3725.57,Card,12387,2024-10
1401372388,71411879,On Time,426.72,Wallet,18081,2023-04
4283973398,18791381,On Time,2869.43,Card,86156,2023-09
3261847147,67383024,Slightly Delayed,3932.73,Cash,86297,2023-09
3153811191,87335844,On Time,755.66,Wallet,69044,2024-03
2639216409,37702698,On Time,880.72,Card,17836,2024-03
5948575331,92038780,On Time,2112.59,Card,53387,2024-05
7792925364,59830126,On Time,2656.43,Card,8734,2024-10
7286478750,91196901,Slightly Delayed,3482.66,Card,35322,2023-10
9776505630,15661674,On Time,4167.91,Card,66941,2023-04
4527342708,81183415,On Time,1558.74,Wallet,81841,2023-10
1124359689,97825663,Slightly Delayed,3608.92,Card,42724,2024-09
3717458742,18113428,Slightly Delayed,509.11,Cash,97637,2023-08
283675535,20238921,On Time,1413.39,Wallet,3175,2023-03
6039353394,86479284,On Time,313.77,Cash,39607,2023-08
6735917931,47206881,On Time,2951.24,Wallet,99298,2023-09
5155256671,19523856,On Time,2961.15,UPI,8227,2024-08
3984108726,31576845,On Time,2458.19,Wallet,63676,2024-02
2491374111,2361575,On Time,1196.3,Wallet,43388,2024-08
2043371805,45066676,Slightly Delayed,2756.32,Card,5098,2024-10
9657782153,87251489,On Time,995.98,Card,14419,2024-02
9237289778,70168151,On Time,4471.64,Card,10352,2024-05
8917116859,91562028,On Time,1307.18,Card,29174,2024-07
720578658,37551429,On Time,963.23,UPI,67720,2024-06
9122210530,15066187,Significantly Delayed,3972.81,UPI,81385,2024-01
3540524256,28205701,On Time,1218.01,UPI,39511,2023-10
1909520255,71276926,Significantly Delayed,2163.69,Card,16469,2023-05
8022279737,83058329,On Time,275.03,Wallet,7643,2024-09
7381549355,75082508,On Time,3144.56,UPI,28416,2023-09
3998829973,44149982,Significantly Delayed,2828.4,Card,88976,2023-10
2895464675,94281220,Slightly Delayed,935.64,Cash,13097,2023-04
3971098657,90919603,On Time,3993.42,Card,84093,2024-05
5278249111,78267238,Significantly Delayed,1485.67,Wallet,22996,2024-03
9810576443,42723554,On Time,556.35,UPI,51602,2023-11
4128844410,76438648,On Time,2556.83,Wallet,17809,2023-07
6103869123,16376189,On Time,1609.25,UPI,60764,2023-06
6595041423,57291761,On Time,2079.8,Card,53964,2024-07
3991011923,19182548,On Time,1616.34,Wallet,4543,2024-02
5275440923,67046342,Slightly Delayed,932.79,Wallet,95040,2023-03
6468633344,29324437,On Time,5515.23,Wallet,67358,2024-02
9992859795,4356173,Slightly Delayed,820.83,Wallet,47148,2023-11
7518488485,54222320,On Time,1783.54,Wallet,69310,2023-04
9746950023,31776996,On Time,1562.94,Card,50913,2023-11
2721433550,58873572,On Time,1076.03,UPI,99958,2023-06
6131680348,83701325,On Time,2083.65,Card,11536,2024-07
2281544500,40692378,On Time,2330.28,UPI,65040,2023-06
4283802879,61020,On Time,2769.12,Wallet,22353,2023-05
8621732366,25722990,On Time,4527.28,UPI,87688,2023-09
3797679856,11562458,On Time,4441.0,Cash,81944,2023-12
8532100929,31831843,On Time,816.38,Card,84664,2023-11
2973976544,96795047,On Time,1825.81,Wallet,71497,2024-09
814260962,14974554,On Time,869.22,Cash,23195,2023-09
9411848231,59545278,Slightly Delayed,2562.81,UPI,44999,2024-05
6637284724,36517334,On Time,422.23,UPI,30833,2023-09
6497594124,39150258,On Time,1858.93,Wallet,96186,2024-10
7213146086,4862761,On Time,1072.95,UPI,68499,2023-03
5110274761,24821281,On Time,3728.79,Wallet,17677,2024-05
1112110363,98625898,Slightly Delayed,775.91,UPI,50590,2024-01
1209202931,29451600,On Time,2722.78,Card,32217,2023-06
6384745391,37095171,Slightly Delayed,1511.16,Cash,65142,2024-08
3367452972,61020,Significantly Delayed,2515.48,Cash,6565,2024-08
2317597587,68661619,On Time,4784.85,Card,30057,2024-06
2254884198,54893418,On Time,1433.62,UPI,62821,2023-07
679196318,18642306,On Time,4412.07,Wallet,77111,2024-08
2185319815,19180962,On Time,3963.77,Card,43571,2024-03
5965281449,17597449,On Time,3412.11,Cash,26992,2023-06
8616726869,37691544,Significantly Delayed,2369.51,Wallet,13100,2024-01
4786027510,5001749,On Time,418.48,UPI,27204,2024-09
4910445344,44030130,On Time,914.88,Wallet,18682,2024-05
7629577899,23348269,Slightly Delayed,2550.73,UPI,524,2023-12
4769055037,66742602,Slightly Delayed,3732.8,Cash,18445,2023-08
8476029654,77085443,On Time,1585.8,Cash,52921,2023-11
7809866112,3999964,Slightly Delayed,3373.17,Cash,3022,2024-07
5453896364,59840071,On Time,908.37,UPI,24588,2023-06
9080432189,50080663,On Time,3264.51,Card,42351,2024-08
3079758919,16410155,On Time,1024.08,UPI,27064,2024-08
4076039325,27604184,Slightly Delayed,3972.8,Wallet,79127,2024-08
9239241275,57291761,On Time,169.88,Cash,48917,2024-02
4864829217,26521850,On Time,144.19,UPI,25765,2023-09
5108704843,10951674,On Time,1179.1,Wallet,75292,2024-04
8049805410,23098216,Significantly Delayed,3823.81,Cash,61504,2024-09
4711642504,76850859,On Time,2497.92,Card,89819,2024-08
8952094523,85626346,Slightly Delayed,4876.44,UPI,83322,2023-11
4285784267,82169898,On Time,2812.89,UPI,54001,2024-04
7494670835,38728779,On Time,3677.66,Cash,184,2024-01
7667090453,66135710,On Time,852.81,Card,96187,2023-06
2193572534,19682060,Significantly Delayed,2801.84,UPI,23297,2023-03
5357089776,44223796,On Time,3880.92,UPI,33831,2024-09
1191016829,51661209,Slightly Delayed,2000.2,Wallet,31384,2023-06
549484032,79206969,On Time,3436.16,Card,60679,2023-04
8164076900,91408854,Slightly Delayed,4033.94,Wallet,63901,2023-06
7136165651,59485034,On Time,5318.71,Cash,68514,2024-09
5368349643,46504355,Significantly Delayed,3673.15,Card,33226,2023-05
6965901435,33741801,On Time,2324.43,UPI,60857,2024-10
6687307827,88532418,On Time,2084.52,Wallet,71891,2023-04
475294138,31084686,On Time,2500.69,Card,59790,2023-12
9047534059,41647393,On Time,1074.0,UPI,59606,2023-12
2807487047,90448312,On Time,3868.21,Wallet,72837,2024-11
5840148195,66269844,On Time,1688.23,Wallet,61116,2024-01
3758135932,77007315,On Time,1629.06,Card,62277,2023-08
1978476136,97315135,On Time,2183.52,Wallet,70123,2024-06
423648434,82989313,On Time,3926.19,Wallet,86520,2024-10
7201868330,89669139,On Time,1845.31,Card,80726,2024-02
9710106935,14458150,Slightly Delayed,4495.54,UPI,84964,2023-04
4432235479,9278983,On Time,1175.35,Card,28012,2024-09
6951956244,60656482,On Time,354.91,Wallet,24830,2023-10
378485826,75739462,On Time,616.45,UPI,58783,2024-03
8982211913,23984022,On Time,2492.17,Cash,42083,2024-09
6487868576,49136375,Slightly Delayed,209.59,Card,16376,2023-10
2973502797,74694186,On Time,5868.92,UPI,9894,2024-06
4105022903,21282544,On Time,1134.0,Card,9294,2023-08
3668828731,72889295,On Time,2975.38,Card,65268,2024-08
8644734267,23348269,On Time,3446.55,Card,12535,2023-10
3757871565,9401406,On Time,2012.76,UPI,59600,2023-08
5770510806,47955004,Slightly Delayed,127.16,Cash,62246,2024-01
4514836077,60834500,Slightly Delayed,401.43,Wallet,68618,2023-06
5927852227,37556526,On Time,1975.03,Cash,45911,2024-04
350719542,18642306,On Time,1969.47,Wallet,14338,2024-10
868288823,65772743,Slightly Delayed,3268.84,Wallet,72354,2024-03
7199670826,22694456,Significantly Delayed,958.97,Card,81311,2024-01
3091948113,77306672,Slightly Delayed,443.69,Cash,22775,2024-02
5793742966,83412446,On Time,140.8,Cash,17016,2024-01
7347109009,75632045,Slightly Delayed,3507.67,Cash,50972,2023-09
7078912146,36142455,On Time,3073.16,UPI,96685,2023-09
2480856222,30373140,On Time,3309.6,Wallet,46682,2023-11
281421547,88520326,On Time,4398.86,Cash,20137,2023-05
5226963306,96628029,On Time,397.68,Card,85138,2024-06
7316642056,92404798,Slightly Delayed,3157.75,UPI,69898,2024-02
8997415290,85490177,Significantly Delayed,1549.44,Cash,47066,2024-08
6737025662,44928499,On Time,1924.08,UPI,59670,2023-03
8395290763,88312515,Significantly Delayed,4696.69,UPI,51846,2024-05
7261119579,65903057,On Time,448.16,UPI,35731,2024-07
9938037878,9796585,Slightly Delayed,905.35,UPI,48074,2024-10
7154987905,63802820,Significantly Delayed,1627.23,Cash,19693,2024-10
3605534244,57526322,On Time,3762.7,Cash,94641,2024-01
5626601040,19091057,Slightly Delayed,931.61,Wallet,79158,2024-02
2577064886,63948546,On Time,1713.44,Card,98272,2024-06
2561362173,33481252,On Time,2542.56,Cash,26727,2023-05
2793120553,6622751,On Time,3090.15,Cash,7048,2023-06
4476563699,59222551,Significantly Delayed,3655.01,UPI,60652,2023-09
1580021952,30317733,On Time,3705.07,Cash,42125,2024-10
7263454149,13760839,On Time,576.22,Card,73299,2023-10
4371924002,75944533,Slightly Delayed,316.02,Card,24078,2024-10
2955277471,79960955,Significantly Delayed,2514.46,UPI,59573,2023-12
9445490338,6812439,Slightly Delayed,804.7,Cash,66940,2023-05
2668915104,19180962,On Time,5494.22,Card,19287,2023-12
1045621584,85340038,Significantly Delayed,4374.94,UPI,28894,2023-12
4550545705,17805991,On Time,5039.37,Card,39869,2024-06
3373390154,68703613,On Time,576.22,Cash,42345,2024-07
5142985961,2457734,On Time,2044.41,UPI,19720,2024-02
649220272,67696145,On Time,795.26,Card,7867,2023-09
5023958886,12832151,Slightly Delayed,4198.0,Card,75426,2024-09
9993542681,42589311,Slightly Delayed,3564.26,UPI,73532,2023-05
4380367305,8955057,On Time,1313.89,Wallet,45530,2024-04
3626113485,97286925,On Time,4059.84,Cash,17386,2024-03
4399099668,44050697,Slightly Delayed,2045.24,Wallet,36414,2023-06
3760880745,8791577,Slightly Delayed,1342.49,UPI,97705,2024-10
1803155516,98088303,On Time,1874.24,Cash,16338,2023-06
4413782983,47515046,On Time,814.87,Cash,94774,2023-06
6766424456,21866852,On Time,904.88,Cash,10642,2024-04
8701531535,52613657,Slightly Delayed,852.02,Card,84395,2024-09
3961971562,89811984,On Time,263.7,UPI,66728,2024-04
1337510774,80800079,On Time,1563.84,Card,37353,2024-07
8859147707,78394303,Slightly Delayed,1820.22,Cash,40674,2024-03
5850669672,24137201,On Time,3441.13,UPI,78930,2023-06
1183906926,60385293,Slightly Delayed,882.31,UPI,37000,2023-12
6277509652,71956734,Significantly Delayed,4850.27,Wallet,71254,2024-10
72748189,82286725,Significantly Delayed,3654.1,Wallet,69743,2023-06
3164922639,74230420,On Time,1727.29,UPI,64606,2024-05
1768504415,20209237,On Time,1516.6,Wallet,59784,2023-09
8173155169,56441247,Slightly Delayed,1245.24,Card,69738,2024-01
6164820061,91789216,On Time,1332.79,Cash,90461,2023-05
768283559,24621386,On Time,1780.68,Wallet,97341,2024-02
5091744424,53624677,Significantly Delayed,13.25,Cash,98123,2023-11
932482893,81088747,On Time,342.66,Card,4554,2024-07
4588148640,24137201,On Time,2884.36,Card,95857,2023-03
8120457107,97664747,On Time,3823.51,Card,20374,2024-01
6107471725,81940369,On Time,3945.66,Wallet,1329,2023-08
7001417958,22358567,On Time,817.16,Wallet,97157,2024-03
7983443604,39717448,On Time,1707.78,Wallet,86341,2024-01
3057907418,81757554,On Time,2382.53,Wallet,51671,2024-04
3312147996,67711384,Slightly Delayed,5328.0,Wallet,12618,2024-06
6822269883,69276352,On Time,999.44,Cash,51677,2024-01
5004539711,73933840,Slightly Delayed,3936.23,UPI,91697,2023-07
2426015858,22081691,Slightly Delayed,3841.06,Wallet,62295,2024-06
4415332793,7333934,On Time,96.09,Cash,23596,2024-04
1256813796,12832151,On Time,4157.79,Cash,67012,2024-05
633633688,71694275,Slightly Delayed,5102.81,Cash,41759,2023-09
8311814996,50953418,Slightly Delayed,3146.13,Cash,15205,2023-09
1441735184,41181125,On Time,2119.23,Card,50605,2024-10
1525742840,39042103,On Time,1791.07,Wallet,32237,2024-06
1947080315,54837637,Slightly Delayed,385.71,Wallet,61905,2023-10
5682081545,57340963,On Time,1276.66,Cash,45875,2024-07
8100817128,41494517,Slightly Delayed,369.98,Wallet,91888,2023-04
6051792089,68906393,On Time,2200.67,Cash,59903,2024-07
1158173915,27746432,Significantly Delayed,3642.25,Card,58366,2023-08
266072469,49529811,Slightly Delayed,877.17,Wallet,15434,2023-08
2529883737,94529626,On Time,4623.58,UPI,39897,2023-08
9090089969,10951674,Slightly Delayed,931.23,UPI,84901,2023-08
7102272749,10508763,On Time,374.68,Cash,19086,2024-04
4948925080,21201299,On Time,3344.82,Cash,74253,2023-04
9463013186,11928321,On Time,1175.72,Card,11867,2023-06
5581013292,97557157,Slightly Delayed,2823.96,UPI,54572,2024-09
7009619835,11063505,On Time,1428.03,Cash,83314,2024-10
9177283950,33472376,Slightly Delayed,4070.17,Wallet,76531,2023-08
9359187866,60732869,Slightly Delayed,3474.61,Card,2758,2023-12
1524480475,14161586,Significantly Delayed,3993.19,Cash,95253,2024-06
3829990099,60379302,On Time,2064.98,Cash,51048,2024-02
1058609445,51341672,On Time,2839.16,Cash,24272,2024-07
1022764286,62243869,On Time,878.8,Wallet,16048,2024-04
1913299658,84377964,On Time,1562.68,UPI,36708,2023-12
5305443623,80476444,On Time,2634.39,UPI,17051,2024-01
4074369199,18259715,On Time,296.94,Cash,30054,2024-06
9966404015,85072416,On Time,2615.98,Wallet,89111,2023-08
3192917514,16617201,On Time,53.49,Wallet,10976,2024-05
1256718210,6812439,Slightly Delayed,781.08,UPI,45443,2023-05
6067839426,30317733,On Time,1268.67,Cash,82492,2023-08
2254923956,80696046,Significantly Delayed,2936.78,Card,71496,2024-08
7367673526,97144544,On Time,2679.81,Cash,22866,2024-05
9467422683,10562528,On Time,530.85,UPI,23501,2023-09
819853692,32656885,On Time,1540.06,Wallet,46537,2024-07
3070834475,80269328,On Time,1382.07,Wallet,15125,2024-10
3620552357,82918668,On Time,1889.35,Wallet,26110,2024-06
5938542755,3408982,On Time,2934.58,Cash,91330,2023-07
9315535975,70220141,Significantly Delayed,1759.05,UPI,62494,2023-11
3547873471,11478478,On Time,4304.12,Cash,10442,2024-10
6546999829,27381533,On Time,4712.89,Cash,90775,2023-10
9039495201,25770577,On Time,1258.39,UPI,92126,2024-03
99708985,91130614,Slightly Delayed,2255.0,Card,8566,2023-11
6312811061,51661209,Slightly Delayed,1004.9,UPI,59483,2024-08
3915885220,54580166,On Time,1377.68,UPI,75178,2024-06
6654736751,45804389,On Time,3452.86,Card,61095,2023-04
841915361,93318833,On Time,3398.76,UPI,25472,2024-10
2543233800,46686696,Slightly Delayed,1776.61,Wallet,76752,2023-09
5271947935,1601161,On Time,1112.24,Wallet,70987,2024-08
6339554317,17132416,On Time,3883.05,UPI,28470,2023-06
1840475676,27971619,On Time,3010.74,UPI,92449,2024-05
6812031667,66023110,On Time,4136.46,Cash,20307,2023-12
3031698482,75213636,On Time,931.61,Wallet,43787,2024-10
7902025520,78725001,Slightly Delayed,670.62,Wallet,96782,2024-01
1969446314,29584848,On Time,1940.6,UPI,93399,2023-09
9949497098,8881320,Slightly Delayed,1651.55,Card,92577,2024-10
4572338018,59141605,Slightly Delayed,329.79,Cash,11129,2023-05
2964153358,78725001,On Time,878.8,Card,60394,2023-06
7642038633,27709218,Significantly Delayed,511.79,Wallet,99317,2024-03
8208980848,17341194,On Time,2894.06,UPI,53453,2024-02
3343789681,20689141,Significantly Delayed,831.1,Wallet,53744,2023-05
9478305481,92409489,Slightly Delayed,1087.04,Wallet,33984,2024-02
3475260976,57291761,Slightly Delayed,3819.84,Cash,37563,2023-03
3665443705,14330483,Slightly Delayed,1238.18,UPI,33503,2024-08
673592541,75213636,On Time,1684.03,UPI,48217,2024-04
8074949320,14472401,On Time,1919.79,Card,81625,2023-08
8056021378,95558510,Slightly Delayed,778.27,Wallet,67163,2023-11
2331582000,6637282,On Time,212.14,UPI,12171,2024-03
5844776722,10038382,On Time,3806.98,UPI,57666,2024-01
8426465860,88045094,On Time,5206.71,Card,59023,2024-02
9057555029,60446619,Slightly Delayed,1623.58,UPI,70770,2024-02
2210486526,65406127,On Time,141.28,Card,78433,2023-12
6421432903,66766629,On Time,1251.88,UPI,36013,2024-01
3562901354,5039883,On Time,1897.97,Cash,30335,2024-05
8194268842,17929886,On Time,1094.79,Card,31210,2024-08
7524467684,22321208,On Time,2855.29,Cash,41508,2023-04
1254195766,60399360,On Time,1601.53,Cash,20073,2023-12
6476646153,60967677,Slightly Delayed,2672.31,UPI,42014,2024-10
8278568103,28876580,On Time,2465.17,Wallet,77200,2024-08
8589621333,38420886,On Time,3157.69,Cash,21113,2023-10
8531683720,85747175,On Time,1705.25,UPI,45775,2024-10
327291657,67729191,On Time,1560.19,UPI,95819,2024-07
6159164139,35690581,On Time,3195.45,Card,28967,2024-04
8029863164,50652909,On Time,2232.88,Cash,94072,2023-10
9387824629,96989204,Significantly Delayed,237.62,UPI,92156,2023-12
3289836195,18082040,Significantly Delayed,704.19,Wallet,76199,2024-05
5001931575,23380116,Significantly Delayed,2224.46,Cash,22159,2024-10
7258292820,20689141,Significantly Delayed,3920.14,Card,51026,2023-08
4924862857,65294340,Slightly Delayed,4418.8,Card,41365,2023-08
8666314034,21697638,On Time,951.9,Wallet,50429,2023-04
6775326324,16379942,Slightly Delayed,1830.15,Wallet,59090,2023-06
6092636899,53025962,On Time,237.62,Wallet,73041,2024-10
4115558056,98088303,On Time,1720.72,Card,20348,2024-04
2352136184,75289676,Significantly Delayed,3271.34,Wallet,27659,2023-11
1706445141,93370787,Slightly Delayed,1856.94,UPI,73737,2024-03
9000165912,65895091,Significantly Delayed,2821.61,Cash,50130,2023-08
7457305850,76857266,On Time,3303.03,UPI,28367,2023-12
9685973820,34281470,Slightly Delayed,536.77,Cash,22198,2024-04
168067196,11071601,On Time,1398.0,Cash,42592,2024-07
6105240201,53299455,Slightly Delayed,2915.01,Cash,59775,2024-05
1888247163,79630614,On Time,48.55,UPI,77605,2024-02
7145162326,35459748,Slightly Delayed,1507.31,Card,64500,2023-06
7611231659,78841932,Significantly Delayed,1641.37,Card,1857,2023-09
4508784747,3483295,Slightly Delayed,1596.72,Wallet,45529,2024-03
2567590825,13604883,On Time,48.55,UPI,2575,2023-10
9255982861,83867512,On Time,2748.87,Wallet,75663,2024-10
4102063254,86067293,Significantly Delayed,482.06,UPI,14319,2024-01
7373931740,49117070,On Time,2925.56,Card,4116,2024-08
5682816404,10830043,On Time,2244.39,UPI,14009,2023-07
544018743,67310893,Slightly Delayed,2878.88,Cash,23075,2024-03
3292929952,29272253,Slightly Delayed,340.66,UPI,65834,2024-09
9144790321,15808945,Slightly Delayed,2605.29,Cash,32954,2023-04
9075991438,3999964,On Time,2562.56,Cash,58668,2023-06
3634813810,32527479,Significantly Delayed,2780.54,Wallet,73783,2024-08
8250406975,9573071,On Time,1148.92,Wallet,64277,2023-12
5877618756,80571942,On Time,3870.08,Cash,23099,2023-07
2419292139,79916464,Slightly Delayed,672.73,UPI,21081,2024-05
9547123332,66485571,On Time,3485.53,UPI,86656,2023-06
6968636396,38902193,On Time,500.05,Card,60048,2024-04
5247557644,44410149,On Time,1631.31,Cash,72372,2023-05
7731193394,88553721,Significantly Delayed,729.0,Cash,10460,2024-10
6048321120,24357425,Slightly Delayed,3163.12,Card,48142,2024-07
8494582006,60967677,On Time,4761.85,UPI,29476,2023-05
5600781757,67386193,On Time,786.85,Card,96115,2023-06
495091707,56457995,Slightly Delayed,2502.47,Wallet,99245,2024-09
3239613823,966247,On Time,3110.34,Cash,91047,2024-04
3643352219,97928781,On Time,3041.05,UPI,94768,2023-09
2051599638,44409533,Significantly Delayed,3392.34,Cash,97807,2023-04
3514859549,16561710,On Time,4073.75,UPI,33736,2023-12
3907599008,31328762,On Time,3803.76,Cash,68561,2023-12
1534993603,97507853,On Time,2593.89,Card,97084,2024-01
8980701254,1601161,Slightly Delayed,3330.05,Card,94420,2024-05
6695408903,38613642,Slightly Delayed,2136.83,Cash,37440,2023-05
3268455899,4439806,On Time,5441.63,Wallet,19152,2023-09
7809161755,12778027,On Time,1355.75,Cash,84449,2023-04
8873697539,91384030,On Time,2292.56,Cash,41581,2024-02
8603941640,82948843,On Time,3404.01,Card,20405,2024-01
8308184279,57658033,On Time,2603.11,Wallet,64196,2023-06
7572826287,71252391,On Time,1305.17,UPI,74511,2023-04
7478396641,77007315,Slightly Delayed,1568.0,Card,37146,2023-12
3569283921,53636086,On Time,2602.63,UPI,26141,2023-10
9947619677,6398761,On Time,2743.63,Cash,65941,2024-08
5396237918,8228843,On Time,1004.55,Cash,49918,2024-01
455878765,55733729,On Time,959.01,Cash,6556,2024-07
2079195080,85518832,On Time,957.68,Wallet,84399,2024-03
6104211214,62816600,On Time,3536.35,UPI,5923,2024-07
9442939134,92245432,On Time,956.67,UPI,44610,2024-08
3317293496,76917159,On Time,1740.09,Card,42288,2024-02
8243326501,31681710,On Time,317.05,Cash,24700,2024-01
4109483569,92416428,Slightly Delayed,3758.7,Card,22588,2024-03
5390352336,13462905,On Time,176.34,Wallet,17564,2024-07
2581584982,25770577,On Time,2315.9,UPI,92740,2023-10
1668737869,69908484,On Time,2907.39,Wallet,21499,2023-03
5046906329,65543312,On Time,1438.16,UPI,55251,2023-08
2536833157,19067680,On Time,999.83,Card,29809,2023-05
9176170352,98444183,On Time,2360.84,UPI,64871,2023-11
833930925,9278983,On Time,3217.03,Card,71285,2024-01
8515226099,15661901,On Time,2541.31,UPI,86830,2023-08
2023020278,44477365,Slightly Delayed,2301.59,Card,3627,2023-06
2840526544,63360864,On Time,3795.46,Cash,3957,2023-03
7267422945,49260858,On Time,6161.48,Wallet,24170,2023-05
9400777426,86487478,Slightly Delayed,1237.0,UPI,22677,2023-11
3298603544,74515162,Significantly Delayed,1394.47,Card,64773,2023-06
4479973293,68965787,On Time,753.28,Cash,76853,2024-09
356236208,62068277,On Time,1408.83,Cash,89331,2023-08
6699845542,22851478,On Time,22.04,UPI,79038,2023-12
3106057977,30455484,On Time,3120.62,Cash,21621,2024-06
1905367587,93321933,On Time,3512.23,UPI,6217,2023-11
169590729,10019218,On Time,2086.36,Cash,45869,2024-05
9820743709,81822494,On Time,4843.24,UPI,57086,2023-12
6605882211,33544355,Significantly Delayed,4248.77,UPI,39274,2023-12
9517765444,12832151,On Time,764.33,Card,20603,2023-09
7766311749,74313592,On Time,3345.5,Wallet,54135,2023-11
742238239,10605484,On Time,2252.95,Cash,59655,2023-12
3146141485,47625855,On Time,2812.23,Cash,19370,2023-12
6633702824,20148223,On Time,781.08,Cash,32567,2024-06
5033749011,41164215,On Time,3295.74,Wallet,78614,2023-10
4009496217,62416456,On Time,2844.19,Wallet,19960,2023-07
4284473821,87251489,On Time,2082.28,Cash,70335,2024-03
8860588793,50781611,On Time,2052.47,Wallet,44421,2023-08
5305428485,9796585,On Time,415.75,Cash,48428,2023-05
676278878,99784559,On Time,2527.14,Cash,11530,2023-04
9459854097,40703374,On Time,1682.46,Card,52270,2023-10
3895596621,91243571,On Time,5579.47,Wallet,53909,2023-10
7750915110,49050014,Slightly Delayed,2767.47,Card,96593,2023-09
5173951989,43990799,On Time,4237.7,Card,62728,2023-11
6388954643,80286283,On Time,193.46,Card,46446,2024-02
5819387689,49152878,On Time,2115.04,Wallet,54590,2023-09
4184037584,68419593,On Time,4028.13,Card,44659,2023-10
9525140554,91500615,On Time,2589.99,Card,52570,2024-10
1617927874,84993732,On Time,1025.18,UPI,46223,2024-09
1543944105,82804543,Significantly Delayed,3442.86,Wallet,21539,2024-10
341580530,45804389,Significantly Delayed,986.46,Cash,43564,2024-07
5133661902,79695653,Slightly Delayed,870.29,Card,36138,2023-11
4557328309,82854537,On Time,1159.93,Cash,27324,2024-06
4479421205,3893903,Slightly Delayed,923.84,Cash,78302,2024-07
5740294639,67908555,Slightly Delayed,2270.85,Wallet,3587,2023-07
8114060961,28394354,Significantly Delayed,975.06,Wallet,27873,2023-10
5744553133,60495351,Slightly Delayed,3112.01,Card,78378,2024-04
5029893308,73799927,On Time,5337.58,UPI,23973,2024-01
9663384689,89523804,Slightly Delayed,1731.34,Cash,60561,2023-03
7919240958,91614690,On Time,3551.54,Cash,65015,2023-05
5211751826,77768189,Slightly Delayed,6458.9,Card,73273,2023-08
8713129069,13189939,On Time,3830.61,UPI,3028,2024-10
1407304162,76970363,On Time,46.62,Wallet,56660,2023-03
3793875046,17675915,On Time,913.2,Wallet,14372,2024-01
4903700958,66866026,On Time,2189.02,Card,68302,2024-05
1989547877,60700850,On Time,755.66,Card,96259,2023-12
9584857115,25829710,On Time,2825.52,Card,24203,2023-12
7236760938,67918495,On Time,1904.83,Card,61643,2024-06
4346903287,87463923,On Time,752.3,Card,5643,2024-10
6353755071,41972994,On Time,2335.6,UPI,15507,2024-02
89194627,37947202,On Time,2925.55,UPI,37946,2024-03
544919267,54923640,On Time,1388.18,Cash,96790,2024-09
6665075012,19067680,On Time,2174.62,Cash,3646,2024-01
4461389660,27513158,Significantly Delayed,3822.25,Wallet,23681,2023-07
8789328634,53332493,Significantly Delayed,2138.87,Card,34277,2024-06
147066568,44149982,On Time,1180.63,Cash,86173,2024-07
6712947216,1697604,On Time,3566.54,Cash,3996,2023-04
4731158560,29361038,On Time,3876.32,Card,59602,2024-03
6228958238,50650215,Significantly Delayed,827.77,Wallet,83846,2023-08
8006440384,20625627,On Time,2636.17,Card,46105,2023-06
7330672658,57474553,On Time,770.59,Wallet,69442,2024-10
1766200974,60591625,On Time,906.54,UPI,56216,2024-10
2878422829,84641682,On Time,3560.1,Wallet,87135,2024-07
5862535621,76850859,On Time,2401.81,Card,82460,2024-01
3781134163,61320989,Slightly Delayed,3121.4,UPI,89523,2024-02
7835720444,45700473,Significantly Delayed,2706.65,Cash,69804,2024-01
1952343673,68965787,On Time,4745.09,Cash,23019,2024-02
9406096007,67092149,Slightly Delayed,5878.14,Wallet,84186,2023-11
1136528533,20956158,Slightly Delayed,545.49,Card,99968,2023-08
9137126466,75752515,On Time,4786.91,Wallet,42265,2023-08
1495517558,96373206,Significantly Delayed,2081.47,Card,4039,2024-08
1643011737,32585389,On Time,2808.92,Cash,83118,2024-07
4067366774,19482392,On Time,310.87,Cash,78609,2024-02
1683118802,92306841,On Time,2544.79,Cash,76106,2023-12
5770514189,57340963,Slightly Delayed,267.61,Cash,50789,2023-12
9612669334,49985597,On Time,4789.72,UPI,77039,2023-06
3262295808,15487049,On Time,2766.1,Cash,22950,2024-04
1593291198,93122847,Slightly Delayed,2056.8,Cash,98452,2024-09
5327721432,13585482,On Time,299.44,UPI,45092,2024-09
4879497185,51014003,On Time,4723.23,Wallet,29418,2023-10
6883107728,97492493,On Time,4247.33,Cash,55685,2024-02
1643246998,90649019,Slightly Delayed,1700.52,UPI,33474,2023-10
913309291,89968482,On Time,3661.13,UPI,77500,2024-06
8298829689,64535602,On Time,242.57,Card,85725,2023-11
7155488252,12090436,On Time,834.86,UPI,56349,2024-09
8316192789,25706121,On Time,2422.14,Cash,93941,2023-07
3589756658,17749347,On Time,3124.37,Wallet,10246,2023-12
8371900149,99893898,On Time,1602.15,Card,37141,2024-08
6659686612,90919603,On Time,4654.27,Card,14050,2024-04
2937676500,11202130,Slightly Delayed,2018.48,Cash,91316,2024-05
9908301442,57967753,On Time,976.13,Cash,50218,2023-06
3325049330,80761521,On Time,2830.19,Cash,70928,2023-03
2330986566,29941225,On Time,559.88,Cash,80888,2023-03
1495975802,17390673,On Time,781.15,Card,91194,2024-01
4207249029,70529459,On Time,1839.4,UPI,29507,2023-10
1150143976,1588560,On Time,3115.75,Card,17949,2023-08
8443390148,21577948,On Time,3484.02,UPI,67582,2023-06
8358703267,20496835,On Time,2532.22,Wallet,47723,2023-08
1608084881,85907588,On Time,307.23,UPI,38092,2024-03
2744486953,73891999,Significantly Delayed,626.67,Cash,59839,2024-09
3036885153,4789829,Slightly Delayed,3480.03,UPI,28150,2024-02
7335148205,85435560,On Time,5814.13,Wallet,54244,2023-06
2356580295,4597433,On Time,3687.29,Wallet,58531,2023-08
8999547266,21697638,On Time,478.79,Wallet,80008,2023-12
3094439783,95873651,On Time,114.52,Wallet,72382,2023-11
2753579193,2558646,On Time,755.66,Card,13373,2023-03
7683077217,22047134,On Time,870.29,UPI,74017,2024-04
2366099898,63339001,On Time,987.51,UPI,5230,2023-05
1252810532,42102289,Slightly Delayed,2064.17,Wallet,63346,2024-07
6493039553,90150193,On Time,2955.87,Cash,79356,2024-08
9274842886,69761993,On Time,3293.42,UPI,68120,2023-11
8255275254,46615831,Slightly Delayed,3313.64,UPI,33069,2023-12
2136873695,2391900,On Time,1381.22,Card,40846,2023-07
3253225736,61753272,On Time,3607.82,Cash,22694,2024-07
7712604853,10608845,On Time,2265.63,Wallet,645,2023-09
5698803942,31813,On Time,1227.21,UPI,38462,2024-10
4393804577,69242672,On Time,2410.08,Card,20781,2023-08
9307961643,82322028,On Time,2930.91,Cash,69847,2024-04
14103943,9105829,Slightly Delayed,1538.3,Cash,25400,2023-11
4183595096,64141971,On Time,1715.44,Card,5568,2024-01
9915365099,14367270,On Time,2197.0,Wallet,36218,2023-05
7979108696,63368244,Slightly Delayed,3369.12,Cash,67463,2024-05
8756485728,97466783,On Time,2861.42,Cash,43987,2024-02
4859441294,3468355,Slightly Delayed,367.08,UPI,6040,2024-05
8100291984,54885705,Significantly Delayed,631.7,Cash,70176,2023-08
7825714018,56548063,On Time,3841.27,UPI,92931,2024-08
1785144322,8025622,Slightly Delayed,2161.8,Cash,27342,2024-07
242240959,64562786,On Time,1406.3,Cash,62828,2024-01
3527621284,86636273,On Time,4854.45,Cash,24006,2024-07
2254856113,29973346,On Time,2481.23,Cash,58706,2023-04
4295420935,97185284,On Time,1882.87,Wallet,81922,2024-09
8739415992,55042740,On Time,1330.09,Wallet,88278,2023-06
2123879653,43599910,Slightly Delayed,941.19,Cash,87546,2024-10
1054974834,12272282,Slightly Delayed,1785.73,Cash,12315,2023-05
6660596550,48554440,Significantly Delayed,1954.48,Wallet,22021,2024-06
1633238374,26303194,On Time,539.92,UPI,37968,2023-08
8133246330,34526570,On Time,758.8,Card,14324,2023-10
4696656818,28458746,Slightly Delayed,2932.44,Card,95505,2023-04
7590214417,69240186,Significantly Delayed,2315.55,Cash,98898,2024-05
1736212920,9401406,On Time,3377.91,Wallet,59462,2024-09
4507702369,27955158,On Time,3434.25,Card,25049,2023-04
6458765046,83348353,On Time,1535.36,Cash,23030,2023-06
47953423,96806748,On Time,2094.28,UPI,90878,2024-02
1263714922,77086539,On Time,3523.86,Cash,33460,2023-10
2061768860,12469338,Slightly Delayed,925.65,Card,13006,2023-09
4264335652,71321741,On Time,977.67,UPI,66568,2023-09
3087181728,58513300,On Time,171.2,UPI,27119,2023-07
599772156,35358395,Slightly Delayed,1566.3,Wallet,62467,2023-03
6074313668,77614510,On Time,277.76,Cash,11276,2024-09
5497551107,41647393,On Time,562.89,Wallet,19502,2024-08
9102202025,98896871,Significantly Delayed,1559.6,UPI,65234,2024-04
8794436743,40727086,Slightly Delayed,4346.56,Card,10214,2023-07
3299603042,77614510,On Time,3296.49,Wallet,94982,2024-06
243077069,46623192,Slightly Delayed,1745.32,UPI,94987,2024-04
6749594412,16436359,Slightly Delayed,3392.98,Cash,6570,2023-11
5378344982,33658749,Significantly Delayed,109.03,Card,83534,2024-02
9103834515,61851054,On Time,2255.0,Card,30973,2024-01
6237437720,15568831,Slightly Delayed,598.83,Wallet,29950,2023-08
2719670578,95382317,Significantly Delayed,2857.54,Wallet,75330,2024-09
2748681349,84862161,On Time,1846.87,Card,464,2024-05
9851618724,96149069,Slightly Delayed,3628.23,Card,73930,2023-10
7013533376,81500385,On Time,1242.23,UPI,53934,2023-12
9727047029,94730288,On Time,786.85,Cash,92601,2024-01
1191540022,69863493,Slightly Delayed,994.56,UPI,72969,2024-09
5733572517,5039883,Slightly Delayed,1706.96,Cash,33195,2024-08
9647928644,99406165,On Time,612.04,Wallet,25971,2023-05
9696598689,7288562,Slightly Delayed,130.01,Card,54430,2023-08
1091207520,65559853,On Time,4752.89,Card,29429,2024-10
7995971909,1342184,Significantly Delayed,3065.9,Wallet,92899,2023-05
6077755741,40055711,Slightly Delayed,321.28,Card,40233,2023-07
1240745644,22915611,On Time,2401.54,Wallet,53221,2023-05
1397810713,9314637,On Time,2534.35,Wallet,11268,2023-12
5149614189,90150193,Slightly Delayed,923.84,Wallet,10265,2023-07
7453349798,65488134,On Time,2182.13,UPI,63046,2023-08
7570986632,45166203,On Time,3810.34,UPI,55977,2023-05
5292931220,38327793,On Time,3112.63,Cash,1662,2023-11
2654499230,79478655,On Time,3594.0,Cash,38789,2023-06
2327587597,24621386,On Time,2167.31,Card,44056,2024-06
5852189277,29653387,On Time,615.56,UPI,95197,2024-10
8943211530,14632090,On Time,2867.18,Card,24417,2023-09
3305649506,90649019,On Time,2556.55,Wallet,404,2023-11
538997323,13492411,On Time,456.58,Cash,68926,2023-04
2966187610,67310893,Slightly Delayed,1334.05,Wallet,28872,2023-04
866693541,14472401,On Time,1917.12,Cash,47194,2024-06
440721658,9450435,On Time,1749.09,Cash,90194,2023-05
2084323012,11202130,On Time,1390.65,Wallet,79429,2024-06
4876314410,37227953,On Time,1735.7,Card,99870,2024-11
2401282648,21425168,On Time,483.9,Card,38150,2023-08
2117291471,33481252,On Time,1361.47,Cash,73647,2023-06
5455295163,46989310,Significantly Delayed,2275.16,UPI,70293,2024-08
3219761206,44589829,On Time,2975.65,Card,25134,2024-07
7423918026,84448310,On Time,2329.61,UPI,14790,2024-04
1793817443,68661619,Slightly Delayed,1474.45,Card,53816,2023-11
2644609220,97825663,On Time,2805.47,UPI,43073,2024-05
1353492780,57765367,On Time,1205.58,UPI,38772,2024-03
1230061693,11616535,On Time,1633.54,Wallet,32382,2023-06
6299572675,81046421,Slightly Delayed,1114.77,Wallet,51388,2023-08
5956863364,24821281,Slightly Delayed,918.58,Wallet,6378,2024-02
6788884093,2566268,On Time,2885.2,UPI,53748,2024-10
6120799223,84377964,Slightly Delayed,1441.13,UPI,7467,2024-01
3892854030,74179536,On Time,3818.13,Card,14424,2024-02
1883324334,76327561,On Time,1762.3,UPI,36776,2024-07
4541530278,59517074,Significantly Delayed,3075.26,Wallet,9182,2024-04
8807380767,37947202,On Time,699.62,Cash,62692,2023-04
5865396281,84119685,Significantly Delayed,994.56,UPI,95971,2024-02
340451825,87691707,On Time,2930.46,Card,47152,2024-09
3327784606,61982521,On Time,234.36,Cash,19928,2024-01
5990129875,87160527,Slightly Delayed,2192.83,UPI,94600,2024-07
8808930721,59329145,On Time,2623.19,UPI,29750,2023-10
8116880443,26752630,On Time,3628.41,Card,19975,2023-07
9933926720,96640716,On Time,1488.67,UPI,87199,2023-08
776562418,54923640,On Time,1532.9,Card,38320,2024-09
6105793582,67538982,Slightly Delayed,1897.12,Cash,46350,2023-04
9247779866,19523014,Slightly Delayed,2452.82,Wallet,5188,2024-10
5456672526,52757321,On Time,3534.84,Wallet,21356,2024-09
6676994910,50557979,On Time,2181.99,Wallet,79068,2023-11
9353512235,97277696,On Time,933.3,Cash,32312,2023-11
6539196955,58974323,Significantly Delayed,1508.88,Wallet,44716,2024-05
7886908865,1529180,On Time,4319.96,UPI,34483,2023-04
7548844176,12088552,On Time,1227.14,Card,82860,2023-05
3375735380,93735495,On Time,3373.41,Wallet,70000,2024-06
32604190,51503088,On Time,1169.84,Wallet,60196,2023-12
5731985133,80696046,Slightly Delayed,715.72,UPI,43899,2024-06
7586577278,63360864,On Time,3704.57,UPI,97897,2023-11
7765930124,82179338,On Time,1921.46,Wallet,55007,2024-10
299059193,26805477,On Time,1520.7,UPI,88355,2024-05
135053432,10796846,On Time,3330.44,Wallet,29782,2023-04
9618593702,29451600,Slightly Delayed,3886.48,Card,57144,2024-03
2802699236,83262890,Significantly Delayed,576.22,Wallet,18183,2024-05
2044567188,4988545,On Time,3889.03,Card,87638,2023-05
913489768,57833505,On Time,3824.6,Cash,92300,2023-06
6856986497,3421258,On Time,223.27,Cash,55218,2024-02
7292898570,26285589,Significantly Delayed,2532.09,Wallet,88703,2024-09
6223087303,65570302,On Time,447.28,Card,8124,2024-08
403352765,4057678,Slightly Delayed,1568.48,Wallet,83523,2024-09
7004560997,81994445,Slightly Delayed,1459.57,Cash,73176,2024-09
8159868515,2558646,On Time,2797.64,UPI,62375,2024-04
8854320668,67918495,On Time,417.39,UPI,74961,2023-11
2285302205,13251137,On Time,4438.92,Wallet,96870,2024-08
5160584867,34897081,On Time,3140.25,Cash,71087,2024-06
4314105605,34787383,On Time,317.8,Wallet,20540,2024-07
9895756835,10694081,Significantly Delayed,3821.8,Card,70732,2024-10
1975300826,35885052,On Time,1685.6,Wallet,84506,2024-09
2214666083,66427343,On Time,923.09,Cash,85027,2024-08
4735339432,29653387,On Time,2630.14,Cash,49478,2024-03
9863540120,33675108,Slightly Delayed,769.21,Cash,29135,2023-07
8789376461,28394354,Significantly Delayed,1626.99,Wallet,70720,2023-09
4784591220,88923048,On Time,3656.06,Wallet,6251,2024-10
6759658833,84377964,On Time,3420.13,UPI,4233,2023-09
1241631129,3897936,On Time,1322.18,UPI,95532,2024-04
8803314647,93938425,On Time,1789.57,UPI,98246,2024-08
1016410657,32830199,On Time,3656.07,Card,98504,2023-11
8284240513,949062,On Time,3558.14,Card,59760,2023-04
343239069,41439103,On Time,2655.22,UPI,23690,2024-02
3941137932,84929351,Significantly Delayed,5473.26,Wallet,73638,2024-02
8955573840,21461764,Slightly Delayed,4869.22,Cash,42461,2023-07
6832435511,62971413,On Time,2575.94,Cash,33260,2023-04
3014319697,28428852,On Time,1822.73,Cash,11218,2023-08
7367717333,11047835,On Time,2091.23,Card,54707,2023-07
9389677233,99714944,Slightly Delayed,2143.74,Cash,34925,2024-08
2929883167,41146001,Slightly Delayed,918.58,UPI,97076,2023-12
9045592834,84119685,On Time,997.61,Cash,47395,2024-10
7128308885,76604145,Slightly Delayed,2541.96,Cash,48388,2023-12
2060028411,27694927,On Time,1751.84,Wallet,87806,2023-11
3856301920,63339001,Significantly Delayed,796.36,Wallet,57805,2024-07
7248479077,31940833,On Time,3007.61,UPI,81690,2023-09
2738466605,49147776,On Time,439.24,Card,80973,2024-08
9801353230,96853930,Slightly Delayed,3749.33,Wallet,97442,2023-05
2103613260,67528368,On Time,1031.19,Card,21195,2024-07
7624166218,29525287,On Time,1213.14,UPI,20790,2024-01
4692680597,97185284,On Time,2789.63,Card,35371,2023-06
2028074931,33998721,On Time,3038.93,Cash,63636,2024-06
6247819401,57526322,On Time,3456.8,Cash,7912,2023-03
6299879620,48160359,Slightly Delayed,1300.47,Card,8965,2023-11
3398014747,87823209,On Time,2430.88,Cash,32690,2023-06
4526087670,54923640,On Time,2304.85,UPI,23919,2023-11
4473653758,4597433,On Time,2342.62,Cash,63804,2024-08
1286821727,32003512,On Time,2910.9,UPI,97332,2024-08
5566617391,81822935,Slightly Delayed,2195.25,Cash,63829,2024-08
6630935939,67708491,On Time,3344.49,UPI,87804,2024-10
8676443273,47215976,Significantly Delayed,58.59,Wallet,91222,2024-05
439562091,36400756,On Time,2223.31,Cash,81799,2024-04
7361440096,82529927,Significantly Delayed,1068.91,Card,94957,2024-02
2480611325,30823988,Slightly Delayed,4729.75,Cash,78792,2024-02
5091640382,64141971,On Time,402.11,Card,10930,2024-01
1443292147,8395610,On Time,3889.01,Wallet,37003,2024-04
3342653518,6319646,On Time,577.13,UPI,49750,2023-07
3836073957,54952806,Slightly Delayed,1264.91,Card,70427,2023-07
4192669219,44589829,On Time,1447.55,Wallet,44206,2024-04
6922121165,97928781,Significantly Delayed,1513.91,UPI,75795,2024-01
4850653474,66932104,On Time,2997.71,UPI,50658,2024-03
1229660813,54748429,Significantly Delayed,5173.19,UPI,35201,2023-11
5194396051,12338529,On Time,508.0,Cash,9121,2024-10
8971899775,92118758,On Time,5067.85,Wallet,17588,2024-03
5619049608,56572297,Significantly Delayed,3972.23,Card,86750,2024-05
9943996342,3282647,On Time,4252.97,UPI,55860,2023-09
4548721519,93018527,On Time,1816.47,Wallet,26714,2024-08
6211537502,2164524,Significantly Delayed,1427.81,Wallet,99208,2023-09
347093563,31026200,Significantly Delayed,2614.94,Card,27801,2024-09
1855924568,33472376,On Time,3758.71,Card,17039,2024-08
5914484553,4378755,On Time,931.36,UPI,74330,2023-11
8068903161,11705793,On Time,4089.67,Wallet,60117,2024-02
2147159735,50527764,On Time,1246.63,UPI,11051,2023-05
9006983686,68063317,Slightly Delayed,788.36,Card,48159,2023-10
7606134274,69034027,Slightly Delayed,832.06,Card,31574,2024-05
4034750827,10019218,On Time,1168.59,Wallet,68331,2023-06
851062565,49457685,Slightly Delayed,3773.85,Cash,32026,2024-03
4283323746,93321933,Slightly Delayed,2824.79,Wallet,78455,2023-11
7842390585,6637282,On Time,2820.47,Wallet,98082,2023-10
2449548943,68486301,Slightly Delayed,1635.94,Wallet,23429,2023-09
7067924535,95371787,Significantly Delayed,422.14,Cash,39985,2023-11
1602291242,19581959,On Time,2648.42,Wallet,79235,2023-03
7067630786,75082508,On Time,2467.57,Card,25395,2023-09
9726762425,75674671,On Time,4041.64,Wallet,32062,2023-08
1129887168,21201299,On Time,1818.6,Wallet,35560,2024-02
3371892236,81763298,On Time,2101.11,Wallet,31710,2024-05
6532953824,93924203,Significantly Delayed,3946.2,Cash,1025,2024-11
252964377,89531595,On Time,1197.31,Cash,41128,2024-05
6270495384,12272282,On Time,878.07,Cash,10368,2023-09
2450770184,45323391,Slightly Delayed,3428.44,Wallet,71871,2023-08
7543192113,82898985,Slightly Delayed,4768.12,Cash,82419,2023-12
9890817032,12967305,On Time,582.87,Card,69033,2023-04
183165359,73098723,Significantly Delayed,90.56,Wallet,57165,2023-05
2136907826,7591711,On Time,887.78,Wallet,16756,2023-12
2801605687,16561710,On Time,1956.01,Card,14972,2024-03
8869292457,12851610,On Time,2971.17,Card,15395,2024-09
5414471648,46741896,On Time,3156.76,Card,60303,2023-05
7827370415,97770901,Slightly Delayed,576.7,Wallet,59261,2023-06
7216662926,76327561,On Time,123.74,Cash,71646,2024-07
349410429,42514124,On Time,255.6,Wallet,20170,2024-01
8512030806,77768189,Slightly Delayed,2772.71,Card,64640,2024-10
8003807551,76917159,On Time,4583.02,Cash,76918,2024-08
274320517,18567760,On Time,1654.66,Wallet,53245,2024-08
2150447285,93370787,On Time,1299.62,UPI,23570,2024-06
5089385450,33608451,Slightly Delayed,3352.28,UPI,51224,2023-06
8622799862,5386246,On Time,2724.25,Card,87205,2024-02
2773034272,36400756,On Time,2309.25,Wallet,69257,2024-06
4028266143,19216141,On Time,616.45,Card,2633,2023-03
9691888826,54680459,On Time,1075.43,Card,45204,2023-10
8891340263,87718744,On Time,3612.45,Wallet,69702,2024-09
1149293318,43459807,On Time,123.74,UPI,36971,2023-11
1288695184,46885873,On Time,984.35,Wallet,20473,2023-10
5229336544,72857290,Slightly Delayed,1017.1,Wallet,91261,2023-09
196885435,88045094,On Time,96.09,Wallet,22558,2023-06
6961457996,89704218,On Time,3243.74,UPI,79623,2024-10
5059907679,65963876,Slightly Delayed,4049.8,Card,10255,2024-04
9046226901,38728779,On Time,486.28,UPI,45262,2024-02
515408216,3408982,Slightly Delayed,1665.29,UPI,85348,2023-12
9048597167,75510747,Significantly Delayed,2379.23,Wallet,24877,2024-06
4308216668,6335221,Significantly Delayed,3751.75,UPI,36727,2024-07
8671875127,13383642,On Time,2445.48,Wallet,15112,2023-06
9622968817,96042320,On Time,2846.85,Card,45135,2023-06
7832599414,18889370,On Time,2986.47,UPI,51384,2023-08
5533307028,21577948,On Time,5567.15,UPI,56686,2023-05
752185231,24633671,On Time,1091.67,Wallet,5165,2024-03
5859787209,8628482,Slightly Delayed,2601.55,Cash,76845,2024-09
1736713150,46741896,Slightly Delayed,730.32,Cash,19501,2024-01
3620570172,25829710,Significantly Delayed,422.87,Card,35025,2024-04
5758119413,22694456,Slightly Delayed,2017.51,Wallet,72740,2024-10
2204489775,79257353,On Time,2799.27,Card,79497,2024-05
5881059783,2219590,On Time,1432.73,Cash,75665,2023-08
9475167773,48418662,Slightly Delayed,2224.47,Cash,44817,2023-07
4635228647,6459100,On Time,1218.98,UPI,88768,2023-08
8394536341,6459100,Slightly Delayed,949.73,Cash,97145,2024-08
4726427550,93699264,Slightly Delayed,891.6,Card,66248,2024-02
5387935727,22694456,On Time,1457.05,UPI,94937,2023-10
1886705751,73393269,On Time,878.07,Wallet,97590,2023-04
4224014067,85218071,On Time,3274.45,Cash,53348,2023-05
8726515908,82900175,On Time,3941.32,Wallet,68903,2024-10
7388091459,10562528,Slightly Delayed,5228.36,Card,64324,2024-10
9320256091,32595806,On Time,1628.06,Card,42510,2024-01
3872093894,67729191,Significantly Delayed,267.18,Cash,94703,2023-11
992848455,44269569,On Time,2749.56,Card,77210,2024-09
4458723519,38902882,On Time,2217.71,Wallet,66237,2024-09
7755662096,10700664,Slightly Delayed,1963.69,Cash,39318,2024-01
5779793224,95971469,On Time,2121.4,Card,66680,2024-05
8253576531,57063557,Slightly Delayed,1686.55,Cash,31219,2023-08
4993169316,90649019,Slightly Delayed,3585.38,Cash,25105,2024-07
828017545,12622901,Slightly Delayed,1197.51,UPI,1921,2024-03
2012368621,71252391,On Time,1328.97,Card,70216,2024-07
6603205997,37702698,On Time,4193.2,Card,30506,2024-05
833581472,31026200,Slightly Delayed,1495.9,UPI,7924,2023-08
8755782101,50557979,On Time,424.58,Cash,43429,2023-12
1049830215,44828791,Slightly Delayed,1177.01,Wallet,525,2024-08
2399383238,79789048,On Time,3759.65,UPI,38443,2023-11
143399998,46686696,Slightly Delayed,481.63,UPI,24612,2024-10
2444273306,32003512,On Time,2023.82,UPI,65109,2024-06
1309618968,91228580,On Time,3211.74,Cash,29830,2023-04
3972788794,67708491,On Time,1274.33,Wallet,12838,2024-03
2356073413,29902416,Slightly Delayed,2690.61,Card,43363,2024-03
3775683944,57217288,On Time,3297.69,UPI,43490,2024-07
8994776653,3002538,Slightly Delayed,2384.45,UPI,42895,2023-12
8124075720,46741896,On Time,1077.91,Wallet,77902,2024-10
5534171862,97664747,Slightly Delayed,4216.87,UPI,47319,2023-11
4825558658,41008070,On Time,1446.36,Wallet,69839,2024-08
1541676341,73660582,Slightly Delayed,638.39,Cash,65569,2023-08
5360755658,68341636,On Time,4391.02,Cash,13204,2023-06
844328418,29584848,Significantly Delayed,2429.88,Card,21982,2023-04
1843468816,55425478,On Time,2092.13,Cash,8630,2023-07
3771484570,60319216,On Time,2809.06,UPI,12214,2023-08
2458783424,1497747,On Time,1072.62,Card,20118,2023-06
2272849018,6982488,On Time,1797.17,UPI,46289,2024-11
8549503132,63238941,On Time,1824.21,Cash,86962,2023-03
4032847942,10857389,On Time,169.88,Wallet,32388,2024-09
8224665612,27727819,On Time,3720.0,Wallet,37229,2023-07
8007222259,31940833,On Time,2700.94,Card,14904,2024-02
3522030676,46313756,Slightly Delayed,604.87,Wallet,61126,2023-06
3224743071,17805991,On Time,2374.92,Cash,43,2023-10
7474790671,43256928,Slightly Delayed,4457.7,Cash,97794,2023-10
7884745950,13585482,On Time,2356.29,Cash,90525,2024-04
8269502930,11616535,On Time,826.21,UPI,11674,2024-06
985347383,50080663,On Time,4860.53,UPI,85773,2024-05
5932091553,80571942,Slightly Delayed,1269.18,Card,14918,2024-10
69932727,83236183,On Time,2192.28,Wallet,15976,2024-08
2715027145,26903313,Slightly Delayed,1301.38,Cash,81723,2024-05
5234261944,18113428,On Time,3315.64,Wallet,42968,2023-06
2818967815,74212242,Significantly Delayed,1612.04,Cash,39675,2024-04
1598213217,37947202,On Time,4755.76,Wallet,41761,2023-08
9087747856,31681710,Slightly Delayed,530.85,Cash,35148,2024-05
9606925547,45659330,On Time,1293.2,UPI,22049,2024-03
9866554851,63793401,On Time,3641.7,Wallet,82357,2023-07
3719294769,64316806,On Time,951.43,UPI,918,2024-08
3576529840,13383642,Slightly Delayed,1697.53,UPI,40696,2024-07
5478986113,72089140,Slightly Delayed,4538.48,UPI,64855,2023-04
6724582316,14991661,On Time,22.14,Card,87179,2023-10
4391559649,60904312,On Time,2595.1,Wallet,86088,2023-06
9530258400,84850688,On Time,3087.68,UPI,36249,2023-10
609162117,85233498,Significantly Delayed,3723.26,Cash,81927,2023-09
755143077,6856445,On Time,3152.22,Cash,18005,2023-07
5239439928,67908555,Slightly Delayed,3988.72,Card,25997,2023-08
1328248068,51556553,Slightly Delayed,1817.16,Cash,27695,2024-05
1440606577,76917159,On Time,2092.55,Wallet,10954,2024-04
8884389971,95858939,On Time,1889.4,UPI,82326,2024-08
7307977336,95858939,On Time,939.2,Cash,93785,2023-09
5953535252,79630614,On Time,1693.84,UPI,18950,2024-06
6133025410,6061349,On Time,3478.04,Cash,11126,2023-09
798088726,89699655,Slightly Delayed,3022.46,Cash,53764,2023-09
3372412988,89036169,On Time,3759.52,UPI,56993,2024-01
4910060567,24323106,On Time,3151.21,UPI,19589,2023-04
8708211566,38420886,Slightly Delayed,2544.23,Cash,4219,2023-04
2126853184,92509376,Slightly Delayed,2444.79,Cash,9528,2024-10
4390795259,66932104,On Time,923.84,UPI,28675,2023-09
9030686359,5961261,On Time,2386.48,Card,24142,2023-05
8565611606,85854265,Significantly Delayed,1156.45,Card,37301,2024-02
6782020758,23380116,On Time,1979.99,Cash,83133,2023-11
561884159,84066402,On Time,3232.78,Wallet,64474,2023-09
2767430579,16424635,Slightly Delayed,2819.8,Wallet,16851,2023-10
5934372451,56441247,On Time,3355.51,Cash,81095,2023-04
6833977302,97475543,Significantly Delayed,2495.74,Wallet,66274,2023-06
8396649871,2517955,On Time,950.6,UPI,66543,2024-02
1937188757,57392064,On Time,3936.8,Cash,55848,2023-09
3142198801,49152878,On Time,1409.38,Wallet,7052,2024-07
6087109745,84824280,On Time,2201.69,Cash,77386,2023-03
8895262247,191616,Slightly Delayed,1664.01,Card,44279,2023-03
5138524153,7522036,On Time,845.0,Card,44843,2023-08
9789995549,34567918,On Time,2653.75,Cash,12282,2024-01
7485459856,89784343,On Time,1163.04,UPI,77052,2023-09
4033626537,66943324,On Time,1379.99,UPI,15034,2023-05
9370915142,95372766,Slightly Delayed,1849.29,Card,53012,2023-10
7211325894,70976153,On Time,2956.03,Card,9731,2023-04
3482827003,77869660,Slightly Delayed,3749.87,Wallet,79094,2023-05
6656246719,19180962,Slightly Delayed,885.08,Wallet,29942,2024-09
6092663288,51341672,On Time,4680.35,Cash,67487,2024-09
9346041594,77559557,On Time,3936.68,Cash,29892,2023-06
9105127475,87213891,Slightly Delayed,4110.56,Card,74365,2023-11
6120818381,34768050,On Time,3091.49,UPI,30114,2024-05
5174370629,31156674,On Time,729.87,Card,60359,2024-07
3244930036,67386193,On Time,2457.44,Cash,88104,2023-05
2976493998,820740,Slightly Delayed,2716.3,Card,73434,2024-10
7971593791,92209869,Significantly Delayed,2048.91,Wallet,41540,2023-06
4052544342,58214883,Significantly Delayed,987.59,Cash,48904,2024-04
6264003424,26863280,On Time,517.03,UPI,73469,2024-08
3436107152,64141971,On Time,3112.14,UPI,6379,2024-04
8546631319,10541231,On Time,327.07,Wallet,91729,2023-10
640960551,34237583,On Time,3018.53,Cash,25009,2023-06
1141173434,5961261,Slightly Delayed,77.11,Wallet,62363,2023-11
528309380,52409516,Slightly Delayed,2021.54,Wallet,62555,2024-04
2387509904,63310076,On Time,4019.23,Card,89577,2024-07
6791931269,38133873,On Time,329.79,Wallet,51873,2024-07
4063689432,6025470,On Time,4593.42,Cash,72992,2023-10
1206887762,59909004,Slightly Delayed,1620.95,Wallet,20391,2024-06
6409437174,3399251,Significantly Delayed,1348.39,Wallet,9955,2023-12
1355164713,28995786,On Time,2054.43,Card,7902,2023-09
2604772138,15144290,On Time,1515.64,Cash,8171,2024-05
5868093790,61618079,On Time,443.03,Card,30003,2023-04
10161194,63238941,On Time,3827.54,Card,58293,2023-12
8930380639,98540377,On Time,556.35,UPI,4457,2023-10
2247940574,11202130,On Time,2397.73,Card,67154,2024-04
6190907327,64151769,On Time,1891.03,Card,9720,2023-11
127277515,35455991,On Time,2838.48,Card,87204,2023-09
8209093135,2558646,On Time,481.63,Card,43473,2023-10
4419380079,1989720,Slightly Delayed,3278.3,Cash,19632,2023-12
2954606845,14294171,On Time,995.56,Wallet,96117,2024-10
5128739359,57081917,On Time,730.51,Cash,37108,2024-07
8183315245,80499378,Slightly Delayed,825.46,UPI,14135,2024-02
8820606892,8395343,On Time,2635.56,Cash,75354,2023-04
7779228340,8395343,On Time,545.49,Cash,57356,2023-06
8459230018,50899600,On Time,4124.32,UPI,26266,2024-06
7060468800,83867512,Slightly Delayed,2192.05,Wallet,76511,2024-07
218821567,95428692,On Time,1711.15,Cash,71006,2024-03
7795766861,79135318,On Time,3024.18,Wallet,32999,2023-05
4285804383,23755474,Slightly Delayed,479.64,Card,90470,2023-05
5961051248,20834589,On Time,3502.35,Cash,69003,2024-10
5630323534,98218863,Slightly Delayed,1450.75,Cash,5799,2024-03
4642824835,76327561,On Time,4721.64,Cash,42958,2024-07
3060527554,75213636,Slightly Delayed,1143.28,UPI,55714,2024-03
4048252396,75213636,On Time,2437.04,Wallet,94706,2024-04
1271431612,18082040,Slightly Delayed,2167.1,Cash,48259,2024-04
8981940261,31537100,On Time,3097.06,Cash,56327,2024-05
3896239510,90856813,Slightly Delayed,2011.56,Card,63917,2023-05
711316410,25587553,On Time,2027.04,Cash,6620,2024-02
9863502398,31619915,On Time,1379.82,Card,30168,2023-12
293770293,45066676,On Time,1019.25,UPI,80022,2023-09
890800429,95594611,On Time,2490.28,Cash,4235,2024-03
1270503169,8791577,On Time,3836.35,Wallet,87390,2024-07
168180571,89910157,Slightly Delayed,563.45,Cash,41985,2023-03
111296281,28413467,On Time,4414.19,UPI,6245,2024-05
7329085364,53392567,On Time,332.84,Wallet,35350,2023-06
1129130498,62243869,On Time,2623.48,Card,63048,2023-12
996939836,23794330,On Time,3269.43,UPI,71808,2024-05
8263379807,14479168,On Time,3179.87,UPI,1156,2023-04
5735975899,83304571,On Time,2199.37,Card,74786,2023-09
9651034668,70615775,On Time,2603.33,Cash,69245,2024-09
3103539793,75244116,On Time,2514.37,Cash,460,2023-07
1611921781,48776805,On Time,2698.66,Card,14763,2023-06
7532381028,73392739,On Time,3637.95,Cash,72118,2023-03
7803665404,63571453,On Time,2423.07,UPI,41752,2023-05
466184886,40277444,On Time,2154.04,Card,95724,2023-08
4692518050,46989310,On Time,2176.24,Card,33265,2024-03
9408428,31456752,On Time,1911.86,UPI,76392,2023-08
8766330526,85907588,On Time,1580.27,Cash,98295,2023-04
9221423039,42208242,On Time,1574.23,Wallet,54403,2024-10
4268661538,22694456,On Time,5136.72,Cash,33402,2023-10
1378809665,52409516,On Time,3370.17,Wallet,27819,2023-03
4917941248,83701325,On Time,3135.65,Cash,86288,2024-05
5132792285,19080489,On Time,2858.4,Wallet,10112,2024-04
3776678112,34655710,Significantly Delayed,2429.82,Cash,48559,2023-12
6940411801,59009727,Slightly Delayed,1888.04,UPI,4371,2023-07
7422521525,92509376,On Time,643.87,Card,706,2024-03
4419022028,23961725,On Time,3804.98,UPI,44847,2023-12
8016651984,90745023,On Time,651.93,Card,19538,2023-04
2361722422,89412038,On Time,3755.33,Wallet,89265,2023-04
1001453982,34668988,Slightly Delayed,2774.06,Cash,611,2023-07
9093918346,74038361,On Time,3918.67,UPI,65217,2024-03
3969014433,61982521,On Time,2747.35,UPI,62397,2023-08
9684561720,61121421,On Time,1514.4,Cash,53523,2023-09
7031115362,27878182,Significantly Delayed,2998.51,UPI,93983,2024-10
8204766849,76020843,Significantly Delayed,3350.53,Card,1679,2024-07
2785412612,60210778,On Time,1439.58,Card,96984,2024-03
2624138741,31718565,On Time,1112.82,Cash,2332,2024-04
748376248,66766629,On Time,2422.16,Cash,12777,2023-08
6096787440,25128143,On Time,2294.77,Card,91233,2023-03
8787660233,90586029,Slightly Delayed,1435.29,Card,58570,2024-05
3845481278,63870636,On Time,3988.77,Card,76640,2023-07
4636134267,57642258,Slightly Delayed,223.27,Card,75957,2024-02
4538825340,45700739,On Time,4269.5,Cash,53653,2024-04
4553101047,39301587,On Time,236.51,Wallet,32873,2024-05
2193853405,42208242,Slightly Delayed,657.71,UPI,61506,2023-05
1642059453,7378768,On Time,1277.62,Card,58385,2023-08
5890339330,2188994,On Time,3750.59,Wallet,84178,2024-05
313663478,6959437,On Time,1184.42,Wallet,65113,2024-02
8591576320,79916464,On Time,3993.97,UPI,39993,2023-07
4728104591,31389750,On Time,650.2,Wallet,87703,2023-11
8276401643,88252625,On Time,4724.31,Card,18608,2024-10
8709694061,6724509,Slightly Delayed,114.52,UPI,70333,2024-10
4080156881,97770901,On Time,950.39,Cash,11130,2024-04
7485829116,49050014,On Time,3895.28,Card,71081,2024-03
7378865582,30643619,On Time,340.66,Card,44634,2023-05
335575667,32929817,On Time,3048.86,Card,2018,2023-09
1621109077,87450286,Slightly Delayed,4969.83,Card,83040,2024-03
7468088555,21697638,On Time,2410.07,Cash,80809,2023-05
3676517886,57505804,Slightly Delayed,582.03,Wallet,82211,2024-06
1746921111,56604077,On Time,2466.28,Card,82913,2024-08
7774691391,42514124,On Time,1545.97,Cash,34427,2023-07
8220678247,63858550,On Time,2089.26,Cash,13272,2024-06
6048604080,98218863,On Time,5820.25,Cash,90276,2023-09
8545716586,98540377,Slightly Delayed,1454.01,Wallet,72311,2024-01
530870056,39140039,On Time,2788.5,UPI,48704,2024-08
4055690435,15568831,On Time,3571.53,Cash,25984,2023-04
7096530350,97411107,On Time,2474.92,Card,13756,2024-06
7083649345,75464725,On Time,3009.87,Wallet,44505,2023-05
836457367,2365348,Significantly Delayed,4789.73,Wallet,81718,2024-06
7698126312,1705969,Slightly Delayed,2404.95,UPI,58953,2023-10
2267297760,5754255,On Time,1895.47,Cash,85720,2024-01
1717841423,87954926,Slightly Delayed,2393.48,Wallet,56322,2024-01
4330597536,40563029,On Time,1494.23,Wallet,26934,2023-04
3687593721,61121421,Slightly Delayed,3344.72,Wallet,22476,2023-05
6660740926,119099,Slightly Delayed,2771.28,Card,50382,2024-05
9439713009,4439806,On Time,1804.06,UPI,8281,2024-04
5281121057,67908555,Slightly Delayed,2207.49,Cash,14666,2023-08
7044351561,91024604,On Time,4069.86,Card,50051,2023-09
9121393476,57896058,On Time,1583.71,UPI,14938,2023-08
7202170939,50518311,On Time,1105.29,Cash,5907,2024-01
1429047127,18465047,Significantly Delayed,4708.07,Card,53462,2023-12
8551965787,8383197,On Time,3864.44,Wallet,97423,2024-10
6756882357,83155219,On Time,654.31,UPI,20722,2024-06
618929241,53624677,Significantly Delayed,2348.09,UPI,78204,2023-10
9711157887,46615831,On Time,2577.15,Wallet,5779,2024-01
354149805,41164215,On Time,1274.62,Cash,99775,2024-04
231328814,25287111,Slightly Delayed,2506.93,Wallet,47916,2024-04
523916986,66761643,On Time,1152.87,Cash,35635,2024-09
1930887811,12302179,On Time,1497.01,UPI,30771,2023-08
9958741781,95971469,Slightly Delayed,2439.42,Wallet,94839,2024-08
6727230123,26303194,Significantly Delayed,1806.96,Cash,77576,2024-10
9487368442,50899600,On Time,1725.5,Card,38330,2023-08
671459763,50630016,On Time,1249.31,Cash,65075,2024-06
9129957352,95971469,On Time,2166.2,UPI,65283,2023-09
9206073690,19425804,On Time,1452.39,UPI,35739,2024-06
5587148302,32635818,On Time,2028.78,Cash,6600,2024-09
6936256414,72263318,On Time,2331.06,UPI,11559,2024-06
3341228576,91196901,Slightly Delayed,3724.8,Wallet,49279,2023-05
4817323453,75028268,On Time,340.36,Cash,73349,2023-09
1163454835,50392139,On Time,1711.61,UPI,53545,2023-12
5236061455,48158494,On Time,2844.94,Cash,14592,2023-04
5982829268,90038364,On Time,2923.98,Cash,97197,2023-04
1901688056,16780752,On Time,2814.99,Card,13115,2023-09
5936051107,83304462,Slightly Delayed,939.55,Wallet,63513,2024-10
3018272105,18465047,On Time,4236.91,UPI,51005,2023-03
3656191983,59252433,On Time,3775.69,Card,4230,2023-08
5186692805,97678578,Significantly Delayed,4981.07,Card,12223,2023-11
7281243151,13581527,On Time,957.5,Wallet,3056,2023-08
7906004940,65963876,On Time,3488.88,Wallet,47649,2023-04
6354703603,63310076,On Time,2980.62,Wallet,3515,2024-05
6444064733,80571942,On Time,3213.89,Wallet,17550,2023-10
2405783093,36428139,On Time,2246.93,UPI,70069,2023-03
63363146,16410155,Slightly Delayed,4207.71,Cash,89996,2023-07
7040313500,90298394,On Time,1102.72,Wallet,22828,2024-10
5844807259,45477575,On Time,4355.46,Cash,56643,2023-10
1931703221,62917794,On Time,1332.43,Card,60906,2023-05
3525336030,89998489,Slightly Delayed,329.79,Cash,2314,2023-04
4359807852,81136091,On Time,4759.44,Cash,82810,2024-04
6946959356,13963450,Slightly Delayed,2630.12,Wallet,88906,2023-12
782338627,73639935,Significantly Delayed,4244.83,Wallet,50557,2024-09
4942714391,25294147,On Time,3427.02,Card,44975,2024-01
919307194,11928321,Significantly Delayed,2747.59,Wallet,86545,2024-01
6509263423,29324437,On Time,3930.1,Cash,87487,2024-01
7200105089,24845814,Slightly Delayed,1613.85,UPI,74324,2023-11
7120372196,40727086,Slightly Delayed,1887.36,Card,9785,2024-08
8710393245,32564478,On Time,3025.16,Wallet,79417,2024-07
8862036450,7228206,On Time,1764.64,UPI,59711,2024-01
2087769338,8536503,On Time,764.33,Cash,68170,2024-06
3349267712,85354059,Slightly Delayed,230.58,Cash,58986,2023-09
1689937124,21701991,On Time,576.22,Wallet,14563,2024-01
4498769995,84275450,On Time,786.85,Card,38919,2024-01
3729771871,79592021,On Time,3905.34,UPI,32626,2023-11
9065518834,61877649,On Time,3395.29,Card,93566,2024-06
7524465290,22851478,Slightly Delayed,4089.6,Card,93477,2024-01
2319921666,97150234,On Time,3204.57,Card,4851,2024-05
9541612277,5001749,On Time,2185.97,Card,43452,2024-03
6303548068,31846190,Slightly Delayed,939.55,Card,40567,2024-06
5867651793,64197854,On Time,2984.43,Wallet,84411,2023-11
6405947025,19375332,On Time,1756.09,Cash,29228,2024-09
2150790907,12655794,Slightly Delayed,217.5,Card,37465,2023-08
212856641,51994597,On Time,949.73,Cash,86373,2024-11
1686508921,47215976,On Time,769.24,Wallet,37806,2024-07
5879579208,41261495,Slightly Delayed,983.81,Wallet,29566,2024-09
1882682579,44050697,On Time,2560.66,Wallet,78512,2023-05
8370410622,10663246,On Time,1989.47,Cash,10210,2024-06
368599691,44030130,On Time,3753.0,Wallet,57291,2024-10
9282982332,97873848,On Time,3359.77,Card,21658,2024-09
4874880100,67271824,On Time,1619.89,UPI,81596,2024-09
102639985,40392019,On Time,3686.28,Wallet,25125,2023-08
5288207551,53299455,Slightly Delayed,3228.77,Wallet,64001,2023-09
693932743,57658033,On Time,1378.36,Card,34625,2023-06
2325405669,20834589,On Time,1432.06,Card,53132,2024-03
8152364696,90665975,On Time,5047.96,Wallet,50040,2023-12
7682359398,36833857,Slightly Delayed,1168.41,Cash,70975,2024-09
1742951029,95371787,Significantly Delayed,4766.38,Cash,62055,2023-05
4799787645,71905368,Significantly Delayed,1025.06,Wallet,61740,2023-10
8498666384,37556526,On Time,630.84,Cash,94061,2024-03
5013572642,73363613,Slightly Delayed,1812.54,Card,90675,2023-05
8403006958,59398136,On Time,1272.55,UPI,22292,2023-11
4688831157,13071673,On Time,2824.26,UPI,75752,2024-07
394578210,88067569,On Time,1706.05,Card,91958,2023-09
8681711802,36833857,On Time,3724.44,UPI,50,2023-10
9311399064,20238921,On Time,720.95,Wallet,91086,2023-11
2620581496,63092485,On Time,2457.47,Wallet,38634,2023-04
5116898322,73377004,On Time,1385.25,UPI,93289,2024-07
5995819849,34787383,Slightly Delayed,2030.88,Wallet,2395,2023-08
7690500286,35349582,Slightly Delayed,3224.92,Wallet,39966,2024-07
6107283203,87444738,On Time,1173.0,Card,21522,2024-09
3170417508,85561151,Slightly Delayed,1432.65,Cash,30064,2024-01
805682701,33481252,Slightly Delayed,2637.15,UPI,84695,2023-07
8960508625,20163931,On Time,1058.0,Cash,57297,2023-10
5580397726,62243869,Significantly Delayed,37.8,Cash,64619,2023-06
1506599381,77345018,On Time,465.38,Cash,19253,2024-09
8424478165,27416314,On Time,230.58,Cash,37654,2023-04
6083333956,45028365,Slightly Delayed,3002.02,Wallet,34580,2023-03
9611327860,6335221,On Time,4410.34,Cash,25443,2024-04
9539444766,97873848,On Time,870.29,Wallet,94753,2023-11
756168939,54923640,On Time,3321.94,Cash,69292,2024-07
7762624518,22738465,Slightly Delayed,2301.05,Card,56407,2024-08
3681781563,4940671,On Time,3471.7,Wallet,41664,2023-11
1571085226,78961097,Slightly Delayed,4040.38,Cash,35840,2024-04
4244306883,2584499,Slightly Delayed,893.81,Card,94771,2024-03
7333141591,69415494,Significantly Delayed,1042.3,Wallet,1610,2024-03
1199945706,70867736,On Time,1712.9,UPI,30489,2024-01
5895644119,1603358,On Time,1742.44,Wallet,6452,2023-06
7112919210,55693909,On Time,3921.9,Card,58625,2024-02
8315937318,64497538,Slightly Delayed,2187.85,Card,35071,2024-05
5331800057,65488134,Slightly Delayed,4003.82,Wallet,39782,2023-03
5989265505,62742797,On Time,3673.81,Card,11502,2024-03
7906361274,96795047,On Time,4228.99,Cash,44821,2023-09
6312476146,35988028,Slightly Delayed,1867.01,Card,87880,2024-01
9436272631,44410149,On Time,2112.07,Wallet,82287,2024-05
8289791792,61516967,On Time,326.42,Card,70314,2024-01
7659532788,22112867,On Time,3157.69,Card,62888,2024-02
1498157233,19180962,On Time,1659.86,Card,13716,2024-02
8560951754,954629,Slightly Delayed,44.35,Card,55642,2023-05
8764192824,64823226,Slightly Delayed,2704.64,Wallet,34121,2023-07
1900542981,11254582,On Time,2332.14,Card,82683,2023-03
9445683691,41878908,Significantly Delayed,2342.04,UPI,70620,2023-11
7719808335,48358028,On Time,4406.7,Wallet,80882,2023-04
4865644960,50484778,Slightly Delayed,866.17,Wallet,11250,2023-09
6518276143,70965437,On Time,5253.79,Cash,99506,2024-01
2211459584,73869823,On Time,1116.17,Card,69281,2023-12
6811633572,7728406,On Time,88.43,Cash,49915,2024-06
1821573240,32019725,On Time,3338.08,Card,45208,2024-04
8848227434,12988801,On Time,552.2,Cash,74756,2023-06
7812276711,67465084,Slightly Delayed,1649.13,Cash,60140,2023-03
939966106,42012717,On Time,3461.4,UPI,267,2023-05
4099108156,24144240,On Time,4435.45,Card,21877,2024-04
5684182622,29095552,On Time,1591.23,UPI,6390,2024-03
4916740946,69240186,On Time,1835.2,UPI,11753,2023-10
9732307600,81757554,On Time,3988.7,Wallet,91547,2024-01
9280329883,60904312,Slightly Delayed,2447.91,UPI,44108,2023-09
4284285927,92843141,On Time,4371.79,UPI,29343,2024-08
8701796,14479168,Slightly Delayed,215.65,Cash,41266,2024-08
6834734512,40727086,On Time,738.46,UPI,76817,2023-08
7127377458,99406165,Slightly Delayed,1540.67,Wallet,9342,2023-03
4754481356,84161531,On Time,2891.12,Card,49314,2023-08
4726007482,93924203,On Time,874.78,Cash,36892,2023-08
2320560482,27709218,On Time,1435.56,Card,7285,2024-02
1456550348,39674723,On Time,1980.75,UPI,97265,2024-05
5370744569,61522288,Slightly Delayed,2393.81,Cash,32084,2023-08
5819887962,49433260,Significantly Delayed,4570.58,Wallet,85744,2024-03
1929465827,19556566,On Time,4702.15,UPI,8263,2023-12
9430139302,59329145,On Time,2829.63,UPI,90056,2024-02
3632715912,66135710,On Time,1892.3,UPI,72130,2024-08
3356214803,66655397,On Time,4359.64,Wallet,83239,2024-06
2277864850,73377004,On Time,2054.4,Cash,7967,2024-10
1754472592,33331259,On Time,4183.35,Card,12994,2024-06
1833208408,49881540,On Time,236.51,Cash,91091,2023-08
6567954047,21809858,Significantly Delayed,83.18,Cash,7493,2023-07
9409585531,2414265,Slightly Delayed,3092.14,Wallet,16318,2023-04
731371161,57566548,Significantly Delayed,465.24,Wallet,78728,2024-09
7863496069,63802820,Slightly Delayed,3103.01,Card,11754,2024-02
9043955242,92123198,Significantly Delayed,2903.44,Cash,89325,2024-04
8257564936,15897933,On Time,154.5,Card,84555,2024-03
7487631571,77397957,Slightly Delayed,2778.63,Cash,54412,2024-04
4243307535,8886587,Slightly Delayed,2023.82,UPI,18181,2024-07
5490221933,41155125,On Time,2855.48,Cash,47119,2023-06
577600718,72857290,Slightly Delayed,1447.21,Card,15216,2024-04
1815462789,47618810,Slightly Delayed,58.59,UPI,62423,2023-09
896786012,99156138,Slightly Delayed,4116.32,UPI,63700,2023-08
2610552179,98225598,On Time,1012.79,Cash,21304,2024-06
6244718082,2400009,On Time,1920.42,Card,9658,2024-05
1837634871,98241853,Slightly Delayed,959.01,Cash,26621,2023-05
8684571382,94033330,On Time,883.36,Cash,19722,2023-10
1659181364,27513158,Slightly Delayed,918.58,UPI,4115,2023-08
5626641031,65426878,On Time,4747.5,Card,65770,2024-05
1589326447,77961205,On Time,582.87,Card,83945,2024-01
5018325783,52862822,On Time,1487.29,Cash,41888,2024-02
5111073873,75984768,On Time,2273.81,Cash,77796,2024-02
5953426781,79135318,On Time,3762.13,UPI,21723,2023-12
8966870214,59518795,Slightly Delayed,2904.43,UPI,25007,2024-02
6962915277,54748429,On Time,2097.56,Wallet,16407,2024-09
4309308088,18642306,On Time,236.95,Wallet,44969,2023-12
5391068200,68159723,On Time,3265.32,Wallet,79700,2023-11
4394681222,80517784,Slightly Delayed,1157.88,UPI,92464,2024-03
4791895461,63793401,Significantly Delayed,1338.81,Card,38858,2024-08
7272011740,54139038,On Time,3361.56,Cash,42857,2024-09
87784691,92583164,On Time,534.55,Wallet,88685,2024-09
4939105270,2164524,On Time,1026.88,Cash,84293,2023-11
4622303035,55060796,On Time,3067.7,Wallet,26126,2023-08
3460208027,78725001,On Time,2835.33,UPI,75868,2024-04
2548125971,7228206,On Time,4335.06,Cash,41755,2023-11
2390111460,70608515,On Time,4182.23,UPI,36389,2023-09
8309485249,87200291,On Time,624.16,UPI,3729,2023-12
8322543480,34668988,Significantly Delayed,513.36,Wallet,94614,2024-09
2819200158,64497538,On Time,1263.55,Cash,58827,2023-07
7087151227,49795571,On Time,1917.32,UPI,25423,2023-11
6704234561,51833636,Significantly Delayed,3172.73,Cash,91747,2024-01
6998410196,78748184,Slightly Delayed,505.95,Wallet,97976,2023-07
707035635,61618079,On Time,3868.34,Wallet,71996,2024-09
543400704,60300263,On Time,3496.47,Card,60474,2023-10
3604694195,34713143,On Time,2577.7,UPI,6583,2023-09
3560549947,42465414,Slightly Delayed,1973.85,Card,87552,2024-07
9982178143,89968482,Significantly Delayed,2530.45,Card,53810,2023-12
1423646541,48730063,On Time,2734.37,UPI,19293,2023-12
7441941402,16785724,On Time,2580.93,UPI,79767,2023-12
8395661807,4386273,On Time,2561.18,Card,9665,2024-08
5480656353,11446157,On Time,3053.71,Card,34982,2024-03
4561602092,53624677,On Time,1825.82,Cash,28344,2024-09
1695982633,81382213,On Time,2247.86,Wallet,44739,2024-01
6309447153,74212242,On Time,423.56,Cash,52804,2023-05
4796733514,87251489,Significantly Delayed,2436.11,Card,22316,2023-04
2858966982,77214094,On Time,2280.3,Card,5328,2024-04
6948607495,18259715,On Time,1508.35,UPI,47202,2024-08
4959271803,11082181,Slightly Delayed,1303.23,Wallet,52469,2024-02
5669689881,7728406,Slightly Delayed,3152.59,Cash,17862,2023-07
5352265711,75928073,Slightly Delayed,2319.89,Wallet,73582,2024-02
5498551836,62243869,On Time,3619.47,UPI,65877,2023-11
6556845822,68692574,On Time,1527.98,UPI,47070,2023-05
5167008199,76359458,On Time,697.53,UPI,26989,2024-05
966294309,89619421,On Time,2928.57,Card,92606,2024-05
3163611427,85074810,On Time,342.94,Cash,67659,2024-01
203136866,91320466,On Time,826.21,Wallet,676,2024-06
1815555165,58085779,On Time,435.48,Card,3304,2023-09
1874499212,64162093,On Time,2252.85,Cash,88852,2024-05
4012779165,84641682,On Time,899.16,Wallet,59519,2024-09
3669023899,81183415,Slightly Delayed,4292.45,Card,289,2024-05
9296381620,50630016,On Time,841.56,Card,93839,2024-04
2725513934,54799731,On Time,5349.56,Wallet,27735,2023-10
5564338561,61226563,On Time,3295.72,UPI,99128,2024-03
4701778121,23348269,On Time,786.17,Wallet,18398,2024-06
9529272337,29973346,On Time,801.81,UPI,34837,2023-12
869910650,34755436,On Time,2378.93,UPI,45055,2024-05
2127080399,84468124,Slightly Delayed,2317.2,Card,55501,2024-09
3547439109,33481252,On Time,3176.34,Cash,91588,2023-04
997535715,21409946,On Time,1097.17,Wallet,35602,2023-03
2442453181,16543242,On Time,858.57,Card,21860,2023-03
1182120536,4386273,On Time,843.97,Cash,6560,2024-05
2819297954,5540556,On Time,1762.49,Cash,93978,2024-04
9870956079,39423691,On Time,3130.27,Card,42784,2023-10
6032675432,63368244,On Time,2708.71,Wallet,29641,2024-09
329790912,76925460,On Time,4636.88,Cash,43584,2024-08
6459815532,43295656,Slightly Delayed,877.48,Card,10758,2023-05
9214523757,59619739,On Time,1657.57,Card,45153,2023-10
9450279027,38694209,On Time,3043.5,Card,31584,2023-09
6265551101,38568692,On Time,1723.54,Cash,43283,2023-11
4138526838,33871107,Slightly Delayed,3273.82,Cash,24981,2023-10
8005579633,89617089,Significantly Delayed,2758.2,UPI,98172,2023-08
3442984170,55472026,On Time,1398.1,UPI,52151,2024-09
8711550413,68941950,Significantly Delayed,1022.12,Card,15340,2023-05
2509593585,58111297,On Time,2163.4,Cash,87829,2023-05
6126557370,61982521,On Time,3776.14,Card,37656,2024-04
9876119035,29095552,Slightly Delayed,4751.01,Card,83597,2023-04
3739042166,92416428,On Time,2089.76,UPI,52760,2024-07
7938944124,85074810,On Time,2183.84,UPI,43293,2024-03
506804807,9107360,On Time,2368.7,UPI,29740,2024-07
3577900599,28286754,On Time,3491.53,UPI,32303,2024-02
8337599633,41073776,On Time,2853.43,Card,23191,2023-11
8611745429,88045094,On Time,1567.01,Card,97499,2024-05
2990223879,72359843,Slightly Delayed,367.08,Cash,2555,2023-08
52324496,81605722,On Time,560.54,Card,54293,2024-02
6594929133,45868300,On Time,2352.18,Wallet,30251,2023-04
2480235830,31324823,On Time,2484.07,Cash,58919,2023-09
9667072962,50781611,Slightly Delayed,2753.36,Cash,31515,2023-04
277700053,1174162,On Time,190.09,UPI,29553,2023-08
5691623788,60757351,On Time,2178.18,Cash,3949,2024-03
6845696161,37759707,Slightly Delayed,2844.2,Cash,77587,2023-07
4098488449,60049160,On Time,340.36,Card,5718,2023-03
5653623743,96461062,Significantly Delayed,4125.04,Wallet,59281,2023-03
6416399784,34156884,Slightly Delayed,316.02,UPI,31405,2023-08
4365565386,54145987,On Time,918.86,Card,24899,2023-06
6423269418,30643619,Slightly Delayed,2648.0,UPI,67311,2024-08
1020534590,48150243,Slightly Delayed,3205.74,Wallet,16201,2023-12
4015289878,72489544,Slightly Delayed,3698.77,Wallet,53358,2024-03
9959668334,80935110,On Time,494.17,Wallet,81433,2024-01
8054387790,84953008,On Time,4112.71,Card,66757,2023-05
4795344310,91562028,Significantly Delayed,486.97,Wallet,34016,2024-04
2205862234,52001314,On Time,2871.57,Cash,68306,2023-10
4686249863,21701991,On Time,2908.98,UPI,34524,2024-08
1270524770,11478478,On Time,3520.61,Wallet,95994,2023-10
5743550453,93699264,On Time,3921.27,Card,95126,2024-05
5309699078,81584486,Slightly Delayed,1026.58,Card,65578,2023-08
7565768030,15830066,On Time,980.97,UPI,54027,2024-02
3210260715,68939350,On Time,1793.45,Card,12745,2023-04
6657245289,820740,Significantly Delayed,1820.28,Card,45050,2024-05
7854526965,48228547,Slightly Delayed,1944.66,Cash,53207,2023-08
2770948451,22077605,Significantly Delayed,1775.72,Wallet,81011,2023-04
624070426,41640262,On Time,845.85,Cash,343,2023-10
891583492,13651980,On Time,3269.6,Card,98655,2024-04
5811206654,70391758,Slightly Delayed,1917.36,Cash,71923,2023-05
809894905,82374625,On Time,670.12,Card,86857,2023-12
8209000496,63948546,Slightly Delayed,1239.55,UPI,15353,2023-03
4901288364,44723662,Slightly Delayed,3186.85,Wallet,36597,2023-07
5890338566,81337068,On Time,4368.22,Cash,58543,2023-04
2745295248,40643232,On Time,929.37,Wallet,85960,2024-05
5708700204,40387944,On Time,864.94,UPI,4397,2023-05
8643851643,57360162,Significantly Delayed,1532.33,Cash,17189,2023-04
4525287277,74174956,On Time,432.39,Wallet,72834,2023-06
6154459753,82179338,Slightly Delayed,3709.23,Cash,16231,2024-06
2587790388,45586151,On Time,695.87,Cash,60426,2024-06
2665891587,86636273,On Time,504.18,Cash,40904,2024-03
6996561687,3844290,On Time,3469.28,Wallet,75938,2024-06
961607638,55170753,Significantly Delayed,967.96,Wallet,23890,2023-08
4385491839,7228206,On Time,2158.72,Cash,48535,2024-06
1279200190,84468124,Slightly Delayed,2280.01,Wallet,63446,2024-07
9668698616,76441843,On Time,1813.08,UPI,23600,2023-11
4813038298,27304827,Slightly Delayed,4047.69,UPI,69529,2024-05
2030125421,44477365,On Time,2375.26,Cash,88936,2024-05
6997235339,87669943,On Time,554.83,Wallet,98293,2024-01
7438342576,82585664,On Time,3835.39,Card,25965,2023-05
9958423263,47503133,On Time,1678.13,Card,97375,2024-03
3416693628,52428250,On Time,651.23,Card,93184,2024-10
3440579647,89950235,On Time,1827.9,UPI,76028,2024-08
5307231496,14330483,On Time,2048.45,Card,84740,2024-04
4779055734,36587003,Slightly Delayed,1765.22,UPI,49398,2023-06
3834705841,54375571,Significantly Delayed,1440.56,Card,78388,2023-09
9080324081,48554440,On Time,2315.52,Card,88838,2023-05
2500757555,65488134,On Time,4945.86,UPI,52455,2024-10
1292986566,47503133,On Time,2659.09,Wallet,28341,2023-07
6602362287,5961261,On Time,2491.22,Cash,89221,2024-02
184844043,33331259,On Time,2146.32,Card,18845,2023-12
936587253,93699264,On Time,1820.32,Card,93251,2023-07
2834429147,66742602,Slightly Delayed,1482.38,Wallet,62176,2023-10
114306835,13251137,On Time,2885.11,Wallet,60947,2024-02
1675849477,36998375,On Time,1650.66,UPI,70336,2024-06
5191052705,6579892,On Time,1438.94,Cash,97676,2023-06
7068834722,45314389,On Time,1559.6,Cash,97953,2023-11
5051330893,74230420,Slightly Delayed,786.85,Cash,49311,2024-07
6065496420,12277039,Slightly Delayed,4299.16,Cash,49744,2023-05
7574848635,79206969,Slightly Delayed,4837.03,UPI,74349,2023-06
8793868975,16256136,On Time,1048.83,UPI,47869,2024-02
5381466176,64106072,On Time,281.73,UPI,48307,2023-06
7709366480,91024604,On Time,3998.65,UPI,92788,2024-08
4936667930,18567760,On Time,2747.08,Wallet,36661,2023-06
6860925755,14272050,On Time,3219.23,UPI,7299,2023-09
5486433396,9278983,On Time,776.26,Cash,87165,2024-01
7089292009,8791577,On Time,1425.76,UPI,70015,2023-04
5350760367,25587553,On Time,3300.67,Card,56321,2023-08
5581769906,41164215,Slightly Delayed,2042.47,Wallet,80281,2024-04
6256637306,3096845,Slightly Delayed,5196.58,Cash,57954,2023-11
2999946056,92306841,On Time,1554.85,Wallet,6882,2024-06
5218488175,57833505,On Time,709.02,UPI,38184,2024-01
8297436592,46802633,On Time,545.49,UPI,20223,2024-10
1806118907,75752515,On Time,4646.12,Wallet,22727,2023-12
6999224625,49806393,On Time,2274.19,Card,29986,2023-04
1809997641,48281892,Significantly Delayed,152.55,UPI,56471,2023-11
7528090614,73639935,On Time,929.86,Card,91659,2024-06
4884904912,36737539,On Time,3074.06,UPI,45668,2023-08
9811235698,58929595,Slightly Delayed,877.43,UPI,50768,2024-03
5616653529,52001314,On Time,2986.32,Card,34530,2023-12
7188183056,84953008,On Time,2396.81,Wallet,84857,2023-08
7898301143,73660582,On Time,3375.53,UPI,68227,2023-08
5222677885,31582950,Slightly Delayed,3429.93,Wallet,53731,2024-07
8544952346,61618079,On Time,1205.58,UPI,2103,2023-11
9403371764,3096845,Slightly Delayed,317.8,Cash,20589,2023-06
3956205476,57892837,On Time,1386.61,Wallet,30143,2023-06
5678362658,58513300,On Time,2100.38,Cash,90700,2024-07
8131610255,90448312,On Time,2409.01,Card,56625,2024-03
4722653990,95428692,On Time,1684.14,Cash,35362,2023-07
6613853662,75474920,Slightly Delayed,1748.17,Cash,57477,2024-01
8274987671,19523014,On Time,1766.79,UPI,25394,2024-10
5519983123,78678612,On Time,1645.97,Wallet,16320,2024-04
2746329488,35156679,On Time,972.69,Cash,91841,2023-08
6443285614,2400009,On Time,3136.89,UPI,51921,2023-08
6932426427,31384626,On Time,1001.25,Cash,24784,2023-08
1796512004,19741509,On Time,1832.58,Cash,6966,2023-06
1464518253,12695670,On Time,1022.05,Wallet,86453,2023-07
3585105627,41168392,On Time,2024.09,Card,68268,2024-10
5387247994,19182548,On Time,2436.58,Card,13031,2024-04
7568171531,46504355,On Time,33.76,Wallet,71881,2023-12
4111193446,85020453,On Time,2318.06,Card,84313,2024-01
8683154153,89986926,On Time,3588.19,Card,95782,2024-09
5712367183,85763665,Slightly Delayed,2496.31,Cash,92876,2024-06
3952854723,88739922,On Time,2653.25,Card,76903,2023-09
4631387671,86704661,Significantly Delayed,1770.58,UPI,79609,2024-10
2145309969,35988028,On Time,995.98,UPI,30573,2023-09
4314762741,61516967,On Time,4040.43,Wallet,5623,2023-06
7401889152,15733078,On Time,2406.32,Cash,91633,2024-09
1932040824,32987624,On Time,1305.23,UPI,54078,2024-03
9836424713,53815931,On Time,267.29,Cash,1086,2023-11
9882312203,65134271,Significantly Delayed,2246.09,Wallet,65591,2024-05
3082649585,92409489,On Time,127.08,Cash,79821,2023-09
6033878151,61226563,On Time,572.02,Card,5041,2023-11
6395547592,43799224,Significantly Delayed,440.19,UPI,94212,2024-10
372962997,43799224,Slightly Delayed,325.08,UPI,46745,2024-04
2988215377,46802633,On Time,2731.72,UPI,20480,2024-08
7081583361,39093069,On Time,2777.11,Card,8253,2024-08
1860491452,99893898,Slightly Delayed,3744.71,Cash,12552,2024-04
7499656197,12469338,Slightly Delayed,832.1,Card,28004,2024-03
4507112412,47577193,On Time,2679.57,Card,49476,2023-09
9214595868,98211325,Slightly Delayed,3419.53,Wallet,34254,2024-07
253430904,16543242,On Time,1392.32,UPI,65198,2023-07
5574588218,48281892,Slightly Delayed,5318.31,Cash,98523,2024-06
2817281674,73869823,On Time,923.09,UPI,83817,2023-09
4932779616,90021871,On Time,3548.4,UPI,72875,2024-07
7932879650,81088747,Significantly Delayed,1885.92,Cash,77996,2023-05
997698125,97492493,On Time,1552.41,Card,83779,2023-11
2403547563,59677346,On Time,2309.25,Wallet,38539,2024-05
8875483494,34787383,Slightly Delayed,827.44,UPI,43097,2024-03
883548284,3408982,Slightly Delayed,2340.86,Wallet,16742,2024-05
2364229435,69339331,On Time,4099.53,Wallet,23696,2024-07
6845869445,54730270,Significantly Delayed,4065.85,UPI,73284,2024-05
397818832,75467328,Significantly Delayed,3963.84,Card,89520,2023-12
304166272,34835738,On Time,3896.33,UPI,14802,2023-10
1575626085,78157360,On Time,58.59,Card,36728,2023-05
3945644714,92356639,On Time,1226.18,UPI,74071,2023-05
8370213291,10855630,Slightly Delayed,2721.29,Wallet,40650,2023-05
2185375786,46313756,Slightly Delayed,2132.32,Card,10502,2024-04
1828975788,41155125,Slightly Delayed,3658.25,Card,39589,2024-01
4319450104,7288562,Slightly Delayed,1968.01,Card,58079,2024-09
5059765199,91562028,Slightly Delayed,3092.93,Cash,10225,2023-10
5360089735,21425168,On Time,3550.74,Wallet,11907,2023-05
8008211695,77397957,On Time,3773.66,Cash,5891,2023-09
4400031082,46682777,On Time,765.76,Cash,85402,2023-07
9582738204,88312515,Significantly Delayed,1728.25,Cash,35952,2023-08
1368450162,14974554,On Time,3130.36,Card,96642,2023-09
56705032,63060947,Slightly Delayed,3069.98,UPI,77287,2023-11
2407168640,78254569,Slightly Delayed,1781.83,Cash,31314,2024-07
530588807,25722990,Significantly Delayed,2352.13,Wallet,97484,2024-02
9975541696,59890331,Slightly Delayed,3990.22,UPI,65401,2023-06
8602707005,77673290,On Time,2934.21,Card,18347,2024-04
2382595056,76377003,On Time,227.22,Wallet,12155,2023-12
8056162498,11446157,Significantly Delayed,5891.08,Card,21033,2023-05
4593039089,50015282,On Time,1790.99,Card,58970,2024-09
7311288658,48358028,On Time,1282.27,UPI,96125,2024-08
9157217130,8073518,On Time,1448.27,Wallet,22520,2023-06
9328094731,77086539,On Time,2164.86,Card,87082,2024-08
3259266120,35049420,Slightly Delayed,3483.31,Cash,98390,2024-07
4656541041,84572019,Significantly Delayed,87.3,Card,12258,2024-10
730839483,20148223,On Time,2528.88,Cash,56532,2023-07
6185824257,1816969,On Time,4093.07,UPI,1663,2024-08
225195662,76202036,Slightly Delayed,284.69,Card,41237,2024-08
6771104541,61618079,On Time,97.04,Cash,57250,2023-05
6146830622,14367270,On Time,271.38,Cash,47626,2024-10
1380326453,68159723,On Time,4991.05,Cash,81223,2023-08
728523620,46699982,On Time,1394.0,Wallet,56472,2023-08
27296314,64562786,Significantly Delayed,3866.08,UPI,97704,2024-10
2608278705,51945420,Slightly Delayed,4746.82,Cash,47002,2023-10
6786366774,5716817,On Time,3962.96,Card,24511,2024-03
5572475750,40563029,On Time,4045.5,UPI,40263,2023-04
8276417383,39976965,On Time,1938.45,Cash,12207,2024-06
784435014,2684440,On Time,415.75,Cash,92792,2023-10
9442274046,93617659,Slightly Delayed,229.38,UPI,54659,2023-09
2470025903,81420960,On Time,3939.11,Cash,86113,2024-06
6774241153,29272253,On Time,915.45,UPI,43384,2024-09
3874644184,49152878,On Time,577.13,Cash,94851,2024-06
8078065454,97033691,Significantly Delayed,2440.55,Cash,61678,2024-05
340113260,83039559,Slightly Delayed,869.51,Card,75601,2024-02
2978839318,59436131,On Time,1031.54,Card,28270,2024-01
3896922017,9274874,On Time,726.41,Card,65400,2024-08
7621954956,32797235,On Time,793.14,UPI,54741,2023-07
581178324,12277039,On Time,2887.67,Cash,47464,2024-02
8469170680,5901440,On Time,39.65,UPI,63716,2023-03
6779626333,55404382,Slightly Delayed,329.79,Card,76974,2024-05
6335704206,38327793,On Time,3363.41,Card,20524,2024-05
8314342490,21677923,On Time,3821.54,Wallet,66981,2023-04
1948795658,49833888,On Time,3541.32,Card,77748,2023-10
9187864807,44776601,On Time,1565.97,Wallet,69796,2024-06
8399666962,21573815,On Time,3782.86,UPI,970,2023-04
6196321055,30788486,On Time,1795.02,Cash,42302,2024-05
8128518434,94486311,On Time,2083.51,Card,69854,2023-08
9854897999,72415263,On Time,2790.09,Card,91060,2023-10
2603584546,41811800,On Time,1328.82,Wallet,65439,2024-05
1295119665,99695529,On Time,4979.18,UPI,2255,2024-03
599975885,45708879,On Time,3420.7,Card,71620,2023-06
5834861324,84826389,Significantly Delayed,1367.34,UPI,35944,2023-07
2032005162,18791381,On Time,2152.48,Wallet,34670,2024-10
8391900458,43518622,On Time,1807.66,Wallet,24889,2023-05
1887687323,85518832,On Time,695.62,Cash,33348,2024-02
2120411967,6867315,Significantly Delayed,4769.69,Wallet,57032,2023-12
3158340906,48002829,Slightly Delayed,4157.26,Wallet,87614,2024-07
2387343456,17749347,Slightly Delayed,915.29,Wallet,95322,2024-10
338609144,12574626,On Time,2731.77,Cash,30432,2024-10
9056190831,3100301,On Time,2618.61,Wallet,80716,2023-07
2803081135,42262168,On Time,1389.92,Wallet,91761,2023-06
5970759669,26285589,On Time,3168.87,UPI,77115,2024-03
3226693729,62629494,On Time,748.62,UPI,63788,2023-08
8132845656,4597433,Significantly Delayed,690.08,UPI,59176,2024-07
7850550725,16424635,On Time,1641.82,Wallet,95256,2023-12
2934547619,77161976,On Time,3784.91,Card,93096,2024-06
608179182,87220860,Significantly Delayed,4653.67,Card,62860,2024-08
5191326847,48158494,On Time,3166.48,UPI,18931,2023-05
7614561036,91853589,On Time,1848.84,Wallet,12416,2023-09
2947791133,19741509,On Time,1379.52,Wallet,27180,2023-11
6538760883,119099,On Time,5122.1,UPI,6246,2024-04
8872250952,43243913,Significantly Delayed,993.86,UPI,56371,2023-10
8173258734,20835909,Slightly Delayed,1063.55,Wallet,65288,2023-11
5465833352,11047835,On Time,2140.08,UPI,43563,2023-03
2106569369,27513158,On Time,2211.21,UPI,6531,2024-01
9039440500,64298209,On Time,4074.16,Card,30254,2024-07
8281482042,72889295,On Time,1781.14,Card,42297,2023-06
479528548,21786873,On Time,2419.83,Card,48749,2023-07
8087519921,90246977,On Time,3870.37,UPI,45580,2023-10
4869691623,9401406,On Time,2648.0,Card,83043,2023-05
7155177625,2566268,On Time,3064.83,UPI,30422,2024-08
7254499390,93563435,On Time,1260.53,Cash,86803,2023-11
7394439260,22358567,Significantly Delayed,4682.75,Cash,12528,2024-10
6581715589,8375298,On Time,900.3,UPI,58622,2023-05
9457009010,80858127,Slightly Delayed,3393.32,Cash,2554,2024-02
2859660695,33685414,Slightly Delayed,1022.62,UPI,16252,2023-08
6392348668,1697604,On Time,4479.61,UPI,45949,2024-01
6933011590,21658322,On Time,549.47,Card,61242,2023-08
5809441378,51872499,Significantly Delayed,1275.88,Card,5755,2024-07
411113020,84953008,On Time,1822.88,Wallet,67832,2024-06
5512796364,12507907,On Time,1369.75,Card,26740,2023-06
2610813239,62917794,On Time,1291.85,UPI,70178,2023-11
3236748462,58111297,On Time,2340.2,UPI,22715,2024-06
6652395897,60904312,On Time,2780.39,UPI,9118,2024-07
5517901926,40593638,On Time,2377.37,Cash,44062,2023-06
2174753933,38780509,On Time,940.61,Card,24246,2024-10
1525700767,61320989,Slightly Delayed,4081.2,Cash,84226,2023-05
7232692149,899941,On Time,1932.42,Wallet,77791,2023-12
8556607504,68703613,On Time,1877.95,Card,26730,2024-02
5841260317,65426878,Slightly Delayed,3951.8,Cash,46790,2023-04
9471427840,18935489,Slightly Delayed,4352.3,Card,3518,2023-07
2070610257,4386273,On Time,949.73,Card,79253,2023-07
1884811437,24988999,On Time,665.98,Card,85987,2023-03
5331747573,3588443,On Time,3589.43,Card,21022,2024-09
9977285985,22321208,On Time,325.08,Cash,9310,2023-08
1715175070,33706378,Significantly Delayed,3786.34,Cash,81041,2023-09
4117790162,52770036,On Time,986.22,UPI,67561,2023-05
9051644316,30447453,Slightly Delayed,1636.36,Wallet,3338,2024-07
4903335316,47822591,Slightly Delayed,3090.86,UPI,78579,2023-04
3341481363,43066953,Significantly Delayed,2839.24,Cash,5676,2023-11
4074537770,2400009,On Time,871.22,Card,35318,2024-04
5374589112,52409516,Significantly Delayed,355.96,Cash,5005,2023-10
6401406847,58152923,Slightly Delayed,2125.71,Card,73083,2023-11
698439139,75038062,On Time,5380.75,Card,11532,2024-09
881367843,25221501,On Time,1830.88,Cash,44968,2024-10
6438115781,43431724,On Time,2245.7,UPI,4344,2023-10
1706198744,19425804,On Time,278.4,UPI,71880,2024-06
3115167739,83304571,On Time,870.29,Card,72022,2024-07
8608111158,75244116,Slightly Delayed,4129.04,Cash,12818,2023-04
8167540645,69925688,On Time,3873.68,Wallet,58084,2023-07
898210033,28111842,On Time,3445.49,Cash,12413,2024-06
5415454466,79369660,On Time,2422.42,Wallet,34853,2024-07
9240312177,80862136,Slightly Delayed,3134.86,Wallet,95973,2023-04
4880265969,20163931,On Time,2341.08,UPI,27914,2023-05
5056583192,27336589,On Time,61.79,Wallet,92613,2023-11
1921412688,12338529,On Time,261.03,Cash,73146,2023-10
5829741995,40434527,Slightly Delayed,1906.86,Card,19670,2023-12
9830742370,49806393,Slightly Delayed,2223.88,Wallet,76449,2024-02
509041342,91243571,On Time,2427.78,Cash,46033,2024-01
8420144998,72164737,On Time,4216.31,Card,23389,2023-11
7353766541,48418662,On Time,441.87,Cash,31980,2023-06
8617979440,13604883,Significantly Delayed,1827.78,Cash,58649,2023-09
680476823,75739462,On Time,1205.62,Cash,57248,2024-09
5424536852,18035010,On Time,3267.02,UPI,62091,2024-08
1142004448,73735548,On Time,2117.45,Cash,26520,2024-06
1814491335,27336589,Slightly Delayed,3762.92,Wallet,88279,2024-02
445929405,36885115,On Time,1363.04,Card,56215,2023-07
3849003596,60300263,Significantly Delayed,2568.24,Card,32753,2023-10
6367757670,33617546,On Time,4428.29,Cash,87431,2024-09
4925321106,77214094,On Time,3596.68,Wallet,88488,2024-02
4463294381,44409533,Slightly Delayed,3635.76,Wallet,53108,2023-12
9077946933,81808190,Slightly Delayed,4519.36,Wallet,36570,2024-04
6688079478,57392064,On Time,53.49,Cash,94088,2024-04
8712304346,40085705,On Time,4727.01,UPI,62302,2023-06
3748957111,98088303,Slightly Delayed,1499.45,Wallet,90798,2023-04
2388792163,81160474,Slightly Delayed,839.84,Wallet,16233,2024-02
2583035857,77220027,On Time,874.78,Wallet,94223,2023-11
2649487718,81346291,On Time,549.47,Cash,74371,2024-03
5936628691,47387512,Slightly Delayed,2943.17,UPI,50066,2023-10
7662682121,1562083,On Time,4222.73,Cash,67053,2024-09
736115661,55971849,Slightly Delayed,1710.16,Card,29600,2023-05
2448741950,60757351,On Time,1534.86,Cash,91140,2023-11
9321629905,79206969,On Time,3273.05,UPI,93938,2024-02
9020583379,9573071,On Time,2075.61,Cash,45361,2023-06
2642275862,97419742,Significantly Delayed,5086.75,UPI,13165,2023-12
6932431317,79206969,On Time,329.79,Wallet,17468,2024-07
9126871366,67696145,Significantly Delayed,3246.38,Card,52905,2023-05
3244572785,60732869,Significantly Delayed,491.21,Card,94129,2024-01
6485432691,18082040,On Time,2635.54,UPI,89800,2023-05
6047222755,78394303,On Time,4715.13,Card,19111,2023-09
6167501412,20940403,Significantly Delayed,2814.34,Wallet,16808,2024-01
2052163872,20634789,On Time,819.82,Card,36843,2023-06
7740339645,70170606,Slightly Delayed,2054.08,Card,8704,2023-12
2761855959,81541985,On Time,4023.54,Wallet,21232,2023-10
8010347195,18935489,On Time,341.75,UPI,37264,2023-12
2384153985,30285217,Slightly Delayed,2168.39,Wallet,57668,2023-10
3584794157,96253172,On Time,3902.46,Wallet,9727,2024-04
8186709947,27604184,Significantly Delayed,768.27,Wallet,23823,2023-11
6027355216,17929886,On Time,2562.39,Card,89884,2023-06
9823160533,51119088,On Time,1408.86,Wallet,80889,2024-06
8694663463,12851610,On Time,1496.16,UPI,42844,2024-01
1296772969,68703613,On Time,5662.12,UPI,61392,2024-06
5856838171,55971849,Significantly Delayed,3115.94,Wallet,7117,2023-12
915473142,53636086,Slightly Delayed,152.55,UPI,93166,2024-05
6992097680,9450435,Slightly Delayed,1214.18,Wallet,74334,2023-11
6870670122,70529459,On Time,449.97,UPI,89533,2023-11
6626994121,44223796,Slightly Delayed,1769.65,Cash,18323,2024-07
6125813500,44562310,Slightly Delayed,3788.27,Cash,31926,2023-07
6899859775,33706378,On Time,3110.34,Wallet,12202,2024-04
1825560091,41494867,On Time,422.14,Cash,1440,2024-01
1320638425,36833857,On Time,3608.01,Card,38512,2023-04
5320995509,81932548,On Time,4452.79,Wallet,63710,2023-06
4249535395,50953418,On Time,1566.19,Card,45901,2023-03
804881381,44269569,On Time,321.33,UPI,61383,2024-05
4858560187,55028958,On Time,1018.81,Cash,16416,2023-10
6425666148,24144240,On Time,1967.25,Wallet,19912,2023-08
9021754099,23844919,On Time,3472.43,Wallet,54647,2024-08
7728205680,46023497,On Time,325.08,Cash,63693,2024-06
9346166799,62416456,Slightly Delayed,1896.99,Card,40234,2024-10
3377313085,89036169,Slightly Delayed,2044.47,UPI,83445,2023-09
8167716321,73392739,On Time,3448.04,Cash,69644,2024-05
2024637181,29451600,On Time,2241.49,Cash,3368,2023-06
9310630290,64162093,On Time,2003.29,Cash,47069,2023-10
2276505075,12769552,On Time,2169.15,UPI,40432,2024-07
6615188116,49529811,On Time,1531.68,Wallet,42073,2023-08
6858336318,92027021,On Time,160.07,Cash,18825,2024-06
7601638642,32426778,Significantly Delayed,4827.19,Card,8313,2024-09
1191565627,51661209,On Time,1760.51,UPI,13574,2023-11
4785021992,91144803,On Time,3562.88,Wallet,14692,2023-12
3452964753,49449238,On Time,3713.57,Card,56030,2024-06
3490919801,85198177,On Time,801.81,Cash,59239,2023-10
105578518,38615653,Slightly Delayed,1034.16,Cash,97558,2024-03
2978719561,11478478,Slightly Delayed,3000.58,Card,39241,2023-11
9979010790,13465850,Slightly Delayed,415.75,UPI,41655,2024-02
4435636116,93018527,On Time,552.2,Wallet,45294,2023-04
5909879259,82594354,Slightly Delayed,786.1,Card,48039,2024-08
2686390867,45071436,On Time,397.55,Card,21025,2024-02
6698537000,52770036,On Time,2179.27,Card,50375,2024-01
4395604675,53076417,Slightly Delayed,1878.33,UPI,608,2023-11
3475041787,34425723,Slightly Delayed,890.42,UPI,93068,2024-07
5817989751,72366758,On Time,1730.17,Wallet,53533,2023-11
1433129858,43256928,On Time,481.63,UPI,25333,2024-05
3571922553,69364309,On Time,2999.67,Cash,84788,2024-01
7940229189,50632192,Significantly Delayed,481.63,Wallet,40127,2024-03
3801240688,18256339,On Time,1441.45,Card,82311,2024-08
1295268290,70168151,On Time,3522.38,Cash,30358,2024-02
4552636670,74313592,On Time,2002.09,UPI,32309,2024-08
6805071689,87266309,Significantly Delayed,1190.62,UPI,85430,2024-03
8026827967,49371494,On Time,878.8,Wallet,72056,2023-06
6417774057,22800586,Slightly Delayed,3376.87,Wallet,96532,2024-03
7877665931,35434373,On Time,722.42,Card,72800,2023-12
7754237266,75836905,On Time,445.48,Card,9779,2023-05
7985418058,35302195,On Time,672.73,Card,72721,2024-09
5287733777,84066402,On Time,1654.07,Card,40327,2024-10
7112725384,21658322,On Time,211.25,Wallet,18999,2024-02
6261926473,50760752,On Time,2714.81,Card,21242,2024-06
1495465938,5607734,On Time,3767.45,UPI,53172,2023-10
7891205593,10562528,On Time,1348.96,Wallet,43532,2024-07
924888012,79298972,Slightly Delayed,843.03,UPI,28336,2024-03
943278538,22227829,Significantly Delayed,4369.44,Wallet,84473,2024-04
9981950902,39153585,On Time,941.19,UPI,74591,2024-07
7769253886,8351747,On Time,4065.3,UPI,34392,2023-09
9350977708,41874489,On Time,2004.57,UPI,93092,2023-08
4525211942,30317733,On Time,2234.58,Cash,33706,2024-06
7232049635,79916464,On Time,2379.3,Card,86311,2023-03
679546532,72942753,Slightly Delayed,3679.63,UPI,40781,2024-05
4665187954,97739583,On Time,340.66,Wallet,39743,2024-04
3914760118,61877649,On Time,2930.6,Wallet,52436,2023-03
155568486,36517334,On Time,936.98,UPI,59769,2023-12
3773972929,26752630,On Time,297.68,Card,42110,2023-10
2168808412,91382237,Slightly Delayed,1185.57,UPI,23293,2023-05
7697315553,49769532,On Time,3321.85,UPI,74363,2023-12
804414742,42781544,Slightly Delayed,3378.21,Cash,98191,2024-07
918328199,60656482,Slightly Delayed,1095.57,Card,20173,2023-12
3084493525,32527479,On Time,1922.46,Cash,89201,2023-04
8047256000,17805991,Slightly Delayed,1862.31,Card,73002,2024-08
5176597414,80875034,Slightly Delayed,1723.93,Wallet,41701,2024-01
110303417,57566548,On Time,2258.29,Wallet,66500,2024-05
1809212176,50105174,On Time,4454.66,Card,68256,2023-04
1765001264,1697604,Significantly Delayed,412.53,UPI,16034,2023-07
4220306391,44139071,Slightly Delayed,1587.88,UPI,74233,2024-01
1275637731,20148223,Significantly Delayed,786.85,UPI,29837,2023-12
7729557529,59252433,On Time,2146.47,Wallet,14931,2024-09
9279017414,60495351,On Time,1476.41,UPI,72785,2023-05
8726185624,57505804,On Time,3851.22,Card,8736,2024-09
3192177869,59252433,On Time,168.09,Cash,2439,2024-08
5033541164,32987624,Significantly Delayed,950.94,Cash,78526,2024-05
4495977117,61753272,Slightly Delayed,2663.89,Card,30929,2023-05
8866977450,97509888,On Time,735.43,Wallet,60421,2024-09
7542030170,49371494,On Time,1247.39,Cash,157,2023-12
8782031586,23982977,Slightly Delayed,1485.74,Wallet,89181,2024-06
7177553918,10048910,Slightly Delayed,1381.29,Card,13012,2023-03
9157563215,89142848,On Time,2075.02,Card,20285,2023-05
989452284,79773912,On Time,551.88,Wallet,34208,2024-07
9972678893,45033270,On Time,3702.6,Wallet,56834,2024-08
8561203503,6390687,On Time,2766.81,Wallet,70087,2024-04
1388300707,84824280,On Time,3998.46,UPI,48870,2024-04
4054816025,29584848,On Time,2422.3,UPI,2786,2024-07
9943206333,12851610,On Time,918.65,Wallet,86716,2023-03
3948498236,35402531,Slightly Delayed,2174.34,Card,71487,2024-08
8096169523,66768157,On Time,2160.02,UPI,24856,2024-09
8803091944,11228463,On Time,3598.91,UPI,70237,2024-05
7409519974,60834500,On Time,4040.13,Wallet,63789,2024-01
456278500,62526567,Slightly Delayed,2591.57,Cash,70639,2024-05
9912965340,95309983,Significantly Delayed,4366.97,Wallet,38348,2023-08
2802653261,9987182,On Time,1481.99,UPI,8096,2024-10
8629948751,97678578,Slightly Delayed,2006.53,Card,57001,2023-08
9169008097,98625898,On Time,2432.06,Wallet,11475,2024-05
3186513319,3730316,Slightly Delayed,83.18,UPI,2924,2023-04
8837578937,28663279,On Time,3480.43,Cash,59526,2023-08
1468095888,37691544,On Time,4034.72,Cash,73298,2023-06
3055120492,408590,Slightly Delayed,1217.39,Wallet,10184,2023-12
6083457185,80571942,On Time,923.43,Wallet,5319,2024-08
7154956248,22112867,On Time,801.47,Wallet,38167,2023-07
246971181,376144,On Time,3266.0,UPI,10315,2023-07
2452915406,96806748,On Time,2169.36,Cash,59616,2024-07
9458183390,88203688,On Time,1507.92,Wallet,9443,2023-03
576571858,26285589,On Time,4080.28,Card,3179,2024-09
9544803182,31410886,On Time,2272.72,Cash,13919,2024-03
2121652047,65815155,Significantly Delayed,1734.01,UPI,63262,2024-02
8891725854,13871547,On Time,2149.76,Wallet,16971,2023-05
4870772869,78903046,On Time,2385.36,Wallet,4732,2024-03
262562615,12059049,On Time,2066.5,Wallet,4045,2023-04
5142912812,57642258,Significantly Delayed,2175.4,Cash,90866,2023-11
1225289500,70529459,On Time,3663.25,Wallet,77780,2024-03
7337555525,44223796,On Time,3036.62,Card,99482,2024-03
5719806088,42012717,On Time,1759.81,Card,88036,2024-01
6890191424,57360162,Slightly Delayed,760.54,Wallet,28164,2024-06
5695198653,29562254,On Time,572.4,UPI,29646,2024-09
482670263,9641623,On Time,835.53,Cash,90648,2024-06
7857904467,97286925,On Time,888.12,UPI,83539,2023-04
614435661,73586244,On Time,1266.44,Cash,34007,2023-08
2284551326,68063317,On Time,207.41,Cash,48499,2023-10
8614991290,57566548,Significantly Delayed,96.33,Wallet,85862,2024-10
9865566300,61753272,Slightly Delayed,2566.27,UPI,66125,2023-11
6672582413,82359623,Slightly Delayed,1020.03,UPI,18435,2024-06
3004834987,91590001,On Time,1849.28,Card,1554,2023-10
4486349175,45481936,On Time,2577.5,Cash,93191,2024-04
3098655541,69908484,On Time,680.53,Wallet,58041,2023-05
1912293606,49433260,On Time,2522.33,Card,72857,2024-07
7465280557,26863280,On Time,3881.99,Cash,44449,2024-03
343050015,72263318,Significantly Delayed,1163.49,Cash,72401,2023-04
6414606364,70867736,On Time,1615.25,Cash,32432,2024-01
4092550629,50572914,On Time,1925.24,Wallet,73303,2023-04
9810964144,51476157,On Time,517.03,Wallet,28405,2024-02
6513851276,99160348,Slightly Delayed,722.42,Wallet,36145,2023-08
6080784069,39418109,Slightly Delayed,3940.75,Wallet,78499,2023-07
1967283733,15796277,Slightly Delayed,1589.89,Cash,37938,2023-08
2683672396,89617089,On Time,2073.99,Card,18256,2023-08
1464736195,15830066,Slightly Delayed,692.32,Wallet,21637,2024-08
3258963661,20343501,On Time,3903.48,Wallet,53738,2024-05
9956872454,41874489,Slightly Delayed,5294.27,Card,31304,2023-11
867630114,30373140,On Time,2680.19,Wallet,49041,2023-06
3333752740,84862161,On Time,397.55,UPI,84844,2023-07
4835197446,72889295,On Time,1255.62,Wallet,20579,2024-01
1888517793,42514124,On Time,828.44,Wallet,3529,2023-10
5148599328,28350645,Slightly Delayed,97.04,UPI,57593,2024-05
3405089431,96629034,Slightly Delayed,2479.65,Card,66223,2024-02
9286199495,5751638,On Time,813.3,Wallet,61907,2023-09
6418255337,63948546,On Time,3894.81,Wallet,34687,2024-02
7442478777,28289030,On Time,2429.09,Cash,81710,2023-10
5170777528,31537100,On Time,1207.56,UPI,48906,2023-05
1255941187,38420886,Slightly Delayed,2307.21,Wallet,75245,2024-02
4704980993,119099,Slightly Delayed,3153.02,Wallet,56079,2024-05
7310604669,93617659,Slightly Delayed,4342.7,Card,44693,2023-07
7970608721,60385293,Slightly Delayed,4153.66,UPI,23409,2024-01
3164727163,20956158,Slightly Delayed,1185.06,Cash,99751,2023-05
2388064449,34237583,On Time,3393.04,Card,30915,2024-05
757816226,22571994,Significantly Delayed,1308.05,Wallet,62043,2023-03
259772553,2566268,On Time,881.42,Card,96120,2023-09
8388644219,4444673,On Time,491.39,Card,29917,2024-04
1545044936,77921718,On Time,1686.14,Cash,95370,2023-08
6995571310,81200164,On Time,2773.23,UPI,35644,2024-03
8801161214,9107360,On Time,1367.02,UPI,16061,2024-04
1751319400,98307019,On Time,4146.0,Card,13729,2024-06
10448052,90021871,On Time,1228.86,UPI,47308,2023-08
3047076079,65895091,On Time,881.42,Card,19052,2023-05
5085860780,64316806,On Time,697.53,Cash,38853,2023-12
6213909425,42208242,On Time,4991.59,Cash,28346,2023-12
3712789789,20634789,On Time,2294.43,Wallet,67269,2024-02
278794976,94137242,On Time,3325.87,Cash,56515,2023-03
3420357591,86444757,On Time,4924.02,Card,49383,2024-07
4551386734,62807542,Slightly Delayed,1974.67,Card,92089,2023-03
7609681987,22076522,On Time,4177.05,Card,97077,2023-10
1721655048,79742293,Slightly Delayed,2644.87,Wallet,44050,2024-04
7040151151,5540556,On Time,3174.92,Cash,55045,2023-03
6719661881,48716374,On Time,2911.6,Wallet,74581,2023-05
5195004299,50632192,On Time,1214.72,Card,52894,2024-01
5441946621,40256341,Significantly Delayed,1477.71,Card,4469,2024-02
3508992095,32293017,Significantly Delayed,2024.65,Card,32093,2023-12
8454449180,79672044,Slightly Delayed,229.38,Cash,2578,2024-02
9251851237,94453274,On Time,3102.6,Cash,94666,2023-11
6739811103,9981089,On Time,1098.44,Card,93027,2024-01
7590827828,40703374,On Time,1527.05,UPI,14664,2023-11
310213322,12077371,Slightly Delayed,3179.91,UPI,13885,2023-09
934908369,53299455,On Time,692.8,Card,90844,2024-08
3817617199,29525287,Significantly Delayed,2583.68,UPI,37598,2024-08
2622709030,50781611,Significantly Delayed,1796.1,Cash,10007,2024-07
3843689992,3730316,On Time,2378.76,UPI,11827,2024-10
8732395640,26285589,On Time,671.55,Card,24839,2024-03
3889721330,44269569,Significantly Delayed,1698.08,Card,36020,2024-05
7064093619,90665975,On Time,2426.17,Wallet,12886,2023-05
6798661163,3730316,On Time,711.91,UPI,29752,2024-07
2878307830,97150234,Slightly Delayed,2165.98,UPI,56966,2024-05
4133369643,95971469,Slightly Delayed,3015.94,UPI,76053,2023-07
3394787348,40841791,Slightly Delayed,2942.82,Cash,74478,2024-06
4830380663,19259955,On Time,610.43,Wallet,41847,2023-12
3441042301,43052303,On Time,2638.95,UPI,80455,2023-08
3984353474,17681645,Significantly Delayed,136.6,Card,94156,2024-05
4495916529,57662767,On Time,760.22,UPI,63656,2023-04
5075205264,51034600,Slightly Delayed,1652.05,Card,21123,2024-04
6129180304,86499778,On Time,1047.98,Wallet,41630,2024-01
3311686914,63310076,On Time,4422.12,Cash,95107,2024-05
3907403745,99490786,On Time,2440.93,Wallet,767,2023-06
9924696305,43367112,On Time,46.62,Cash,93204,2023-04
7348508805,45052594,Slightly Delayed,3935.99,Cash,67512,2024-05
1665004352,5226128,On Time,1989.91,Cash,75219,2023-08
1049800958,44139071,On Time,1099.79,Cash,95346,2023-07
2937550786,72946405,On Time,1638.19,Card,59192,2023-08
486724008,12415659,Slightly Delayed,2431.37,Wallet,50502,2024-07
9361578823,81373608,On Time,3335.13,UPI,83234,2023-08
6249585672,20940403,On Time,864.3,Card,56043,2023-07
2111712383,67465084,On Time,727.95,Card,19726,2024-01
2962076108,99824171,On Time,1970.13,UPI,54302,2024-06
7509638056,35912599,On Time,1009.53,Wallet,75144,2024-02
6074743537,32797235,On Time,431.37,Wallet,91918,2024-09
3560026527,97174235,Significantly Delayed,255.35,Wallet,56514,2024-06
7005103077,76850859,On Time,1835.86,Card,2513,2024-05
8175826750,22076522,On Time,1546.34,Cash,45838,2024-09
8572946020,41168392,On Time,786.85,Card,36711,2024-04
2936701883,28286754,On Time,1577.75,UPI,69765,2024-03
9948324640,22054087,On Time,1529.04,Cash,17187,2023-10
2865872281,49970560,Slightly Delayed,3543.67,Wallet,62950,2024-09
5785351358,64795608,On Time,2240.09,UPI,31077,2024-11
5204776107,65514005,On Time,2183.02,Cash,66003,2023-08
8689865723,62526567,On Time,3277.87,Cash,15816,2024-03
7822329516,79742293,Slightly Delayed,367.08,Card,16858,2023-11
5995393950,64535602,On Time,3434.89,Card,47824,2023-08
5458784818,79672044,On Time,3321.58,Cash,23513,2024-07
5611686165,83660688,On Time,2997.68,Wallet,61000,2023-07
6390653932,83597876,On Time,1996.94,Card,54208,2023-05
1215008706,68219091,On Time,3025.0,Cash,6321,2024-03
7357727116,6617417,On Time,1441.9,UPI,10076,2024-06
7562975685,89910157,Slightly Delayed,3837.24,Card,7822,2023-07
3118070064,50518311,On Time,3977.57,UPI,84527,2023-06
8255753870,72667140,On Time,5768.29,Card,87331,2023-09
5924715529,79919160,On Time,3867.9,UPI,96349,2024-03
9593816617,44589829,On Time,3890.77,Card,39095,2023-05
6143213997,71643758,On Time,4464.71,Card,11720,2024-03
4516009647,99361865,On Time,3570.86,Wallet,41620,2024-07
291900074,625395,On Time,2248.63,Card,5023,2024-10
3178700341,48033969,On Time,1776.0,Cash,3879,2024-06
4231742059,4439806,Slightly Delayed,1232.31,UPI,98347,2023-11
7437613292,31582950,Slightly Delayed,4161.8,Card,59329,2023-12
5609346062,82169898,On Time,134.69,Card,24295,2023-08
909033820,93924203,Slightly Delayed,2660.5,UPI,51543,2023-10
470624828,59545278,On Time,197.39,UPI,51227,2023-08
9608676386,99714944,On Time,545.0,UPI,71226,2023-08
6846160702,77661491,On Time,483.05,Card,89788,2023-07
4248168019,29973346,On Time,1838.03,Card,30671,2024-03
9057909300,9738801,On Time,787.4,Cash,74314,2024-01
2171816966,92404798,On Time,2672.4,Cash,6125,2024-01
1387025817,52417972,On Time,1004.68,Card,5633,2024-06
6801124715,26912171,On Time,697.53,Card,15655,2024-04
6117979297,79206969,On Time,2007.19,Cash,69314,2023-12
4902314626,98307019,On Time,1819.77,Cash,35281,2024-05
361595059,70966268,On Time,1854.55,Cash,12549,2023-10
5309683159,24153726,Significantly Delayed,3047.03,Wallet,90567,2023-04
2300265337,90246977,On Time,2215.55,Cash,48275,2024-01
199903168,99627097,On Time,1440.04,UPI,93719,2023-04
4923840119,60049160,On Time,426.72,UPI,27171,2024-09
2209550085,56457995,On Time,2710.74,Cash,80992,2024-09
120178110,65294340,Slightly Delayed,1508.3,Wallet,73380,2024-01
6647259959,83660688,Significantly Delayed,3032.51,Card,45832,2023-06
3859980017,77015367,On Time,114.52,Card,15085,2023-05
9196827234,51669263,Slightly Delayed,2203.36,Wallet,96615,2023-10
3499440849,3638834,On Time,1266.77,Card,72321,2023-10
7114775833,68965787,On Time,1057.06,Cash,84672,2024-07
7812364366,25081012,On Time,4225.96,Cash,82685,2023-08
7525899857,52428250,On Time,3983.85,Wallet,98968,2023-09
3917847107,90665975,On Time,2860.94,UPI,17488,2024-08
1229828587,42989999,On Time,3587.77,UPI,1392,2023-10
4249345096,81346291,On Time,1230.3,UPI,31425,2023-05
4002407580,59398136,On Time,4381.56,Cash,96978,2023-11
5982122427,6398761,On Time,345.54,Card,58401,2023-04
3280431261,48268435,On Time,1198.33,Cash,26604,2024-03
5066338759,48284116,On Time,616.45,UPI,62785,2023-11
9087426355,66932104,On Time,473.64,Wallet,34521,2023-11
5512907,51476157,Slightly Delayed,861.53,Wallet,44545,2023-04
4174741467,34074184,Slightly Delayed,1492.14,UPI,13853,2023-12
6270463968,35434373,On Time,3784.59,Wallet,66084,2023-10
1239385001,82359623,On Time,2963.43,UPI,73973,2023-09
5250202756,40871915,Significantly Delayed,1416.86,Card,20751,2023-09
4099185509,22047134,On Time,2680.39,Cash,58500,2024-01
7875903450,17805991,On Time,877.43,Wallet,58175,2024-03
7561642939,75739462,On Time,2045.25,UPI,2481,2024-07
5438908316,59815512,On Time,3399.81,Card,72583,2024-04
357437373,23126657,On Time,3284.68,UPI,18049,2023-05
8972877222,57291761,On Time,4304.25,Cash,33125,2024-10
1163798451,25641500,Significantly Delayed,2383.88,Cash,42721,2023-10
3588229485,29973346,Significantly Delayed,3644.32,Wallet,49352,2024-08
1205823348,79478655,Slightly Delayed,2426.3,UPI,49614,2024-07
2867008541,99594960,Slightly Delayed,1763.79,Card,91284,2023-12
5794917332,12574626,On Time,1099.91,Cash,49073,2024-02
4726520098,48284116,On Time,2873.05,Cash,78911,2023-04
6251716165,93723634,Slightly Delayed,2660.73,Card,11366,2023-09
5991829458,80850753,On Time,4046.31,UPI,38043,2023-08
1142626566,27304827,On Time,1294.71,Cash,96797,2024-05
2595161999,45586151,On Time,3891.35,Card,55560,2023-08
8865698939,3897936,On Time,1333.67,UPI,63903,2023-09
1776582175,12305040,On Time,2507.31,Wallet,24098,2024-03
7323157341,16543242,On Time,2438.78,Wallet,62964,2024-07
8997413283,45314389,On Time,3639.44,Card,66681,2024-10
2548452255,44776601,Significantly Delayed,2112.34,Wallet,24605,2023-09
7906839225,56548063,On Time,1434.14,Wallet,60479,2023-10
4113927200,53782978,On Time,4111.84,Cash,27208,2023-05
4233626614,24043135,On Time,1487.88,Card,92251,2024-07
2886463378,6853981,Significantly Delayed,141.28,UPI,84279,2023-12
1823348306,92604392,On Time,1015.0,UPI,67696,2023-06
8706556166,84953008,Slightly Delayed,690.08,Wallet,62877,2024-09
5139433840,77614510,On Time,3480.72,Wallet,51831,2023-05
769731596,97825663,On Time,2692.05,Card,68989,2024-10
1346090496,88202341,On Time,2035.95,Cash,12853,2023-08
9339629293,79478655,Slightly Delayed,1797.71,UPI,84873,2023-05
3043993017,13455530,Slightly Delayed,3205.65,Wallet,17792,2023-11
274863669,39140039,On Time,1785.63,Wallet,28216,2024-04
3736611791,6959437,On Time,1410.62,Card,74097,2024-10
9628875555,11470681,On Time,3007.93,Cash,41405,2024-03
6367306297,17201639,On Time,3012.27,Cash,66042,2023-09
4393113152,79695653,Slightly Delayed,3080.2,Cash,65563,2024-06
1239928207,79591237,On Time,281.73,UPI,32011,2023-09
5473002872,44030130,On Time,755.66,Card,32746,2024-07
6536847919,81822935,On Time,5410.01,Wallet,94795,2023-06
5480709564,18140588,On Time,3731.46,Card,12013,2023-12
1393100618,33295496,On Time,3502.77,Cash,29783,2024-09
6999330116,81605722,Significantly Delayed,931.61,Card,52664,2023-04
7816842690,1449273,On Time,3078.32,Cash,65271,2023-08
3186586558,9987182,On Time,2983.4,Card,65286,2024-02
7927955136,32293017,On Time,597.91,Cash,68889,2023-08
3518172697,13189939,On Time,2809.38,Card,30283,2023-05
4557188271,17597449,On Time,4693.64,Cash,95152,2024-05
2893244627,11493380,Slightly Delayed,3331.28,Cash,27027,2024-10
1996683408,5043760,Slightly Delayed,870.29,Wallet,88615,2024-01
1673794089,48167795,On Time,891.13,Cash,8299,2024-02
9931161723,41640262,On Time,883.44,Card,71373,2023-07
856799416,25770577,On Time,439.98,Wallet,9261,2023-09
6668508959,15144290,On Time,2236.64,UPI,28017,2024-08
4914874727,80517784,On Time,2658.31,UPI,87545,2023-06
7869104895,57392064,On Time,1638.0,Cash,40351,2023-10
5094989752,87107263,On Time,46.62,Card,58224,2024-06
4305377896,19216141,Significantly Delayed,2737.62,Cash,98259,2024-08
7017136473,50680889,On Time,2783.74,UPI,97218,2024-03
3303209513,70084516,On Time,2662.16,Wallet,51536,2024-03
8607953669,67340606,On Time,1274.25,Cash,43374,2023-06
1940918101,4356173,On Time,1438.2,Card,36605,2023-10
6494615659,10745302,Slightly Delayed,3759.4,Card,98218,2023-11
4280890409,42102289,On Time,2926.61,Wallet,14063,2024-10
7598489331,84066402,Slightly Delayed,2118.48,Wallet,15197,2024-07
8755280486,2566268,Slightly Delayed,2760.76,Cash,88931,2024-07
8281093933,67277562,On Time,781.08,Cash,49094,2024-02
7415765726,75244116,Slightly Delayed,4757.16,Wallet,80897,2023-08
6266072804,60565603,On Time,582.63,Card,53113,2024-06
1542448934,97033691,On Time,2557.13,UPI,43749,2023-10
2896979776,30317733,On Time,690.08,Cash,61426,2023-05
169867835,59545278,On Time,632.43,Wallet,73090,2023-08
9493456526,77811864,On Time,1359.05,Card,32972,2023-04
9423261830,17597449,On Time,3077.08,Cash,65046,2023-08
5793453795,70543108,On Time,3172.62,Cash,52204,2024-04
2141680269,32797235,On Time,3449.94,Cash,87339,2024-10
6457122136,79764458,Significantly Delayed,3162.28,Cash,18328,2023-05
8447536518,48160359,On Time,4888.47,Cash,60151,2023-12
3191672889,88223261,On Time,3130.58,UPI,74528,2024-07
2521995712,30285217,On Time,2100.16,Cash,80597,2023-08
8194578267,74313592,On Time,3901.21,UPI,18189,2023-10
2811341619,30188374,On Time,947.95,Cash,57713,2024-05
5562576298,10019218,Slightly Delayed,3844.75,UPI,77071,2023-11
7446009755,71767248,Slightly Delayed,1324.37,Wallet,72606,2023-06
7343262659,16484167,On Time,3927.09,Card,84731,2023-04
7147677361,97475543,On Time,2543.15,Wallet,85980,2024-07
8732072897,12077371,On Time,2358.85,UPI,81555,2023-06
6418604551,12967305,On Time,4251.6,Wallet,53773,2023-07
4989511905,41972994,On Time,2654.71,Card,13120,2023-04
2520527893,51476157,Significantly Delayed,3294.27,UPI,59389,2024-10
4753989820,81500385,On Time,1939.92,Card,25584,2023-10
8285547588,26245432,On Time,909.66,UPI,15091,2024-01
5824924668,49881540,On Time,1710.54,UPI,22803,2023-11
7703854141,86483673,On Time,1659.75,Wallet,53317,2024-05
7380361209,7591711,On Time,2151.14,Wallet,84748,2023-06
5053033745,66485571,On Time,2322.3,Card,39933,2024-04
4859489972,12305040,On Time,2081.4,UPI,14184,2023-07
9690396315,46563355,On Time,3891.07,Cash,21543,2024-09
448732557,80952275,On Time,1385.54,Wallet,18718,2023-11
4927306668,97033691,On Time,898.65,Wallet,69647,2023-06
1669690997,62600289,On Time,1132.33,Cash,90914,2023-12
8340761903,53640286,On Time,2372.01,Cash,27952,2023-11
5936301790,87059497,On Time,3158.35,Cash,9590,2024-06
5710579377,67310893,On Time,1918.92,UPI,29940,2024-06
2494813730,28663279,On Time,1879.46,Card,32851,2023-08
